1781546118288903,normal,6129,55689,30,1,Format1C,1.685,1,62.500,1.118
1781546256937742,normal,6068,7362,6,1,Format2 ,2.172,2,81.250,1.779
1781546261170032,normal,6129,55689,30,1,Format1C,1.685,1,62.500,1.118
1781546266038089,normal,6230,19712,24,3,Format1C,1.064,1,55.035,0.416
1781546266093153,normal,6233,31045,18,1,Format0 ,1.780,2,81.250,1.497
1781546268239251,normal,6324,55640,0,2,Format1A,0.357,1,63.194,0.291
1781546275784016,normal,6466,18236,30,1,Format1C,1.603,1,63.889,0.983
1781547213009600,normal,6113,31544,16,1,Format1C,1.748,1,69.444,1.151
1781547213263683,normal,6329,3861,34,1,Format1C,1.957,1,65.972,1.723
1781547213429928,normal,6466,18236,30,1,Format1C,1.603,1,63.889,0.983
1781547213639354,normal,6817,33885,0,1,Format1C,2.007,1,70.833,1.186
1781547213680613,normal,6749,9699,36,1,Format1C,2.093,1,64.583,1.603
1781547213759003,normal,6812,37340,0,3,Format1C,0.708,1,57.812,0.195
1781547213766082,normal,6821,8802,18,1,Format1C,1.412,1,68.750,0.790
1781547215863417,normal,9901,103,2,1,Format1A,0.509,1,73.611,0.496
1781547215865448,normal,9903,97,3,0,Format0 ,1.006,1,100.000,1.006
1781547215868494,normal,9906,97,9,0,Format0 ,0.991,1,100.000,0.991
1781547215871523,normal,9909,25099,0,1,Format2 ,0.512,2,75.000,0.468
1781547215877815,normal,9915,97,3,0,Format0 ,0.994,1,100.000,0.994
1781547215888783,normal,9926,97,9,0,Format0 ,1.007,1,100.000,1.007
1781547215891815,normal,9929,49883,4,1,Format2 ,0.513,2,74.306,0.474
1781547215893838,normal,9931,97,4,1,Format1 ,0.514,1,73.611,0.495
1781547215903994,normal,9941,97,4,1,Format1 ,0.514,1,73.611,0.496
1781547215909044,normal,9946,97,9,0,Format0 ,1.008,1,100.000,1.008
1781547215911064,normal,9948,97,7,0,Format0 ,0.962,1,100.000,0.962
1781547215915106,normal,9952,11360,8,1,Format2 ,0.500,2,71.528,0.408
1781547215920180,normal,9957,97,9,0,Format0 ,0.991,1,100.000,0.991
1781547215929287,normal,9966,97,9,0,Format0 ,1.003,1,100.000,1.003
1781547215939426,normal,9976,97,9,0,Format0 ,1.004,1,100.000,1.004
1781547215944477,normal,9981,97,4,1,Format1 ,0.510,1,75.694,0.500
1781547215949546,normal,9986,97,9,0,Format0 ,0.992,1,100.000,0.992
1781547215964734,normal,10001,97,4,1,Format1 ,0.508,1,74.306,0.495
1781547215972832,normal,10009,97,0,1,Format1 ,0.511,1,75.694,0.495
1781547215974857,normal,10011,97,4,1,Format1 ,0.518,1,72.917,0.501
1781547215990105,normal,10026,97,9,0,Format0 ,0.993,1,100.000,0.993
1781547215995149,normal,10031,17389,4,1,Format2 ,0.514,2,72.222,0.393
1781547216002297,normal,10038,25697,6,1,Format2 ,0.513,2,70.833,0.389
1781547216005385,normal,10041,27539,4,1,Format2 ,0.514,2,72.222,0.482
1781547216015523,normal,10051,97,4,1,Format1 ,0.572,1,77.778,0.485
1781547216018559,normal,10054,97,0,1,Format1 ,0.508,1,75.000,0.494
1781547216020591,normal,10056,97,9,0,Format0 ,0.989,1,100.000,0.989
1781547216028711,normal,10064,97,9,0,Format0 ,0.997,1,100.000,0.997
1781547216030740,normal,10066,97,9,0,Format0 ,0.986,1,100.000,0.986
1781547216035806,normal,10071,43517,4,2,Format2 ,0.515,2,71.875,0.348
1781547216037833,normal,10073,97,3,0,Format0 ,0.984,1,100.000,0.984
1781547216040877,normal,10076,97,9,0,Format0 ,1.014,1,100.000,1.014
1781547216045971,normal,10081,97,4,1,Format1 ,0.515,1,76.389,0.496
1781547227687203,normal,6286,30354,8,1,Format1C,2.314,1,71.528,1.526
1781547227715923,normal,6300,61335,0,3,Format1 ,1.643,1,59.375,0.594
1781547228034010,normal,6468,16583,0,3,Format1C,1.588,1,60.069,0.555
1781547228040747,normal,6471,40017,30,1,Format1C,1.034,1,70.139,0.608
1781547228887635,normal,6894,38929,28,2,Format1C,0.502,1,59.375,0.250
1781547231046111,normal,9901,103,2,1,Format1A,0.509,1,73.611,0.496
1781547231051190,normal,9906,97,9,0,Format0 ,0.991,1,100.000,0.991
1781547231054278,normal,9909,25099,0,1,Format2 ,0.512,2,75.000,0.468
1781547231071564,normal,9926,97,9,0,Format0 ,1.007,1,100.000,1.007
1781547231074590,normal,9929,49883,4,1,Format2 ,0.513,2,74.306,0.474
1781547231076615,normal,9931,97,4,1,Format1 ,0.514,1,73.611,0.495
1781547231086775,normal,9941,97,4,1,Format1 ,0.514,1,73.611,0.496
1781547231091841,normal,9946,97,9,0,Format0 ,1.008,1,100.000,1.008
1781547231093849,normal,9948,97,7,0,Format0 ,0.962,1,100.000,0.962
1781547231103002,normal,9957,97,9,0,Format0 ,0.991,1,100.000,0.991
1781547231112146,normal,9966,97,9,0,Format0 ,1.003,1,100.000,1.003
1781547231132466,normal,9986,97,9,0,Format0 ,0.992,1,100.000,0.992
1781547231155810,normal,10009,97,0,1,Format1 ,0.511,1,75.694,0.495
1781547231173053,normal,10026,97,9,0,Format0 ,0.993,1,100.000,0.993
1781547231185230,normal,10038,25697,6,1,Format2 ,0.513,2,70.833,0.389
1781547231199423,normal,10052,97,8,0,Format0 ,0.923,1,100.000,0.923
1781547231201551,normal,10054,97,0,1,Format1 ,0.508,1,75.000,0.494
1781547231203531,normal,10056,97,9,0,Format0 ,0.989,1,100.000,0.989
1781547231210628,normal,10063,97,3,0,Format0 ,0.985,1,100.000,0.985
1781547231213679,normal,10066,97,9,0,Format0 ,0.986,1,100.000,0.986
1781547231218757,normal,10071,43517,4,2,Format2 ,0.515,2,71.875,0.348
1781547231884088,normal,486,2,0,3,Format1A,0.515,1,76.042,0.498
1781547231897265,normal,499,6007,2,1,Format0 ,1.000,2,81.944,0.649
1781547231922693,normal,524,104,0,3,Format1A,1.001,1,100.000,1.001
1781547231943035,normal,544,104,0,3,Format1 ,0.999,1,100.000,0.999
1781547232215228,normal,812,104,9,0,Format0 ,0.998,1,100.000,0.998
1781547233807235,normal,2372,104,9,0,Format0 ,0.949,1,98.611,0.949
1781547241322824,normal,9677,2128,0,1,Format2 ,0.515,2,72.222,0.469
1781547241332121,normal,9686,18248,8,1,Format2 ,0.527,2,66.667,0.379
1781547241454552,normal,9805,12129,2,1,Format0 ,0.982,2,83.333,0.656
1781547241749099,normal,10086,97,9,0,Format0 ,0.990,1,100.000,0.990
1781547241752302,normal,10089,97,4,1,Format1 ,0.508,1,71.528,0.490
1781547241752302,normal,10089,43123,2,0,Format0 ,0.988,2,97.222,0.929
1781547241755527,normal,10092,13935,8,1,Format2 ,0.524,2,66.667,0.393
1781547241764614,normal,10100,97,3,0,Format0 ,0.995,1,100.000,0.995
1781547241770544,normal,10106,97,9,0,Format0 ,1.009,1,100.000,1.009
1781547241773746,normal,10109,2400,0,1,Format2 ,0.525,2,72.917,0.477
1781547241775926,normal,10111,97,4,1,Format1 ,0.514,1,76.389,0.492
1781547241786258,normal,10121,25099,4,1,Format2 ,0.528,2,75.694,0.479
1781547241788276,normal,10123,97,3,0,Format0 ,0.993,1,100.000,0.993
1781547241791408,normal,10126,97,9,0,Format0 ,1.004,1,100.000,1.004
1781547241794431,normal,10129,97,0,1,Format1 ,0.526,1,77.083,0.502
1781547241807087,normal,10141,13935,4,1,Format2 ,0.535,2,71.528,0.388
1781547241812408,normal,10146,97,9,0,Format0 ,1.007,1,100.000,1.007
1781547241815544,normal,10149,97,0,1,Format1 ,0.512,1,75.000,0.496
1781547241817668,normal,10151,25099,4,1,Format2 ,0.513,2,71.528,0.467
1781547241833382,normal,10166,97,9,0,Format0 ,0.995,1,100.000,0.995
1781547241849062,normal,10181,10311,4,1,Format2 ,0.516,2,72.917,0.460
1781547241854456,normal,10186,97,9,0,Format0 ,0.995,1,100.000,0.995
1781547241857674,normal,10189,13935,0,1,Format2 ,0.508,2,72.222,0.387
1781547241859938,normal,10191,27539,4,1,Format2 ,0.518,2,70.833,0.486
1781547241860924,normal,10192,57638,8,1,Format2 ,0.521,2,70.139,0.411
1781547241875780,normal,10206,97,9,0,Format0 ,0.985,1,100.000,0.985
1781547241896611,normal,10226,97,9,0,Format0 ,0.992,1,100.000,0.992
1781547242349829,normal,414,96,3,0,Format0 ,0.987,1,100.000,0.987
1781547242354047,normal,418,58759,2,1,Format2 ,0.513,2,71.528,0.420
1781547242362619,normal,426,96,8,1,Format1 ,0.573,1,79.167,0.475
1781547242364645,normal,428,96,1,0,Format0 ,0.970,1,100.000,0.970
1781547242413768,normal,475,96,2,0,Format0 ,0.992,1,100.000,0.992
1781547242419736,normal,481,96,6,0,Format0 ,0.993,1,100.000,0.994
1781547242422813,normal,484,96,3,0,Format0 ,1.009,1,100.000,1.009
1781547242424886,normal,486,96,9,0,Format0 ,1.001,1,100.000,1.001
1781547242427963,normal,489,43123,2,0,Format0 ,0.995,2,97.222,0.941
1781547242431081,normal,492,96,8,1,Format1 ,0.513,1,70.833,0.488
1781547242437293,normal,498,96,2,1,Format1 ,0.511,1,72.917,0.491
1781547242440440,normal,501,96,6,1,Format1 ,0.518,1,70.833,0.497
1781547242445840,normal,506,59429,8,1,Format2 ,0.513,2,70.833,0.423
1781547242466727,normal,526,96,9,0,Format0 ,1.003,1,100.000,1.003
1781547242469853,normal,529,96,6,0,Format0 ,0.915,1,100.000,0.915
1781547242479434,normal,538,96,2,0,Format0 ,0.928,1,91.667,0.871
1781547242485680,normal,544,96,2,1,Format1 ,0.479,1,79.167,0.467
1781547242487699,normal,546,23881,8,1,Format2 ,0.507,2,69.444,0.387
1781547242493049,normal,551,96,6,0,Format0 ,0.991,1,100.000,0.991
1781547242495167,normal,553,96,1,0,Format0 ,0.998,1,100.000,0.998
1781547242503517,normal,561,96,6,0,Format0 ,0.999,1,100.000,0.999
1781547242505622,normal,563,96,1,0,Format0 ,0.987,1,100.000,0.987
1781547242508756,normal,566,96,9,0,Format0 ,0.960,1,100.000,0.960
1781547242513986,normal,571,96,6,1,Format1 ,0.513,1,74.306,0.498
1781547242534719,normal,591,56915,6,1,Format2 ,0.517,2,77.778,0.473
1781547242556373,normal,612,96,7,0,Format0 ,1.005,1,100.000,1.005
1781547242557425,normal,613,96,1,0,Format0 ,0.989,1,100.000,0.989
1781547242569940,normal,625,50785,2,0,Format0 ,0.984,2,97.222,0.932
1781547242569940,normal,625,20580,3,0,Format0 ,0.979,1,81.944,0.642
1781547242593431,normal,648,96,2,1,Format1 ,0.523,1,73.611,0.488
1781547242595782,normal,650,27891,6,1,Format2 ,0.520,2,72.222,0.477
1781547242597496,normal,652,96,7,0,Format0 ,0.998,1,100.000,0.998
1781547242612054,normal,666,96,9,0,Format0 ,0.997,1,100.000,0.997
1781547242637711,normal,691,96,6,0,Format0 ,0.955,1,100.000,0.956
1781547242807687,normal,856,96,8,1,Format1 ,0.509,1,78.472,0.496
1781547242809751,normal,858,96,1,0,Format0 ,0.987,1,100.000,0.987
1781547242810766,normal,859,96,6,1,Format1 ,0.520,1,74.306,0.506
1781547242859394,normal,906,96,8,1,Format1 ,0.509,1,77.083,0.489
1781547242861386,normal,908,96,1,0,Format0 ,0.996,1,100.000,0.996
1781547242864451,normal,911,11984,6,1,Format2 ,0.495,2,69.444,0.427
1781547242912704,normal,958,96,1,0,Format0 ,1.000,1,100.000,1.000
1781547242920041,normal,965,23386,2,0,Format0 ,0.918,2,97.222,0.862
1781547243032132,normal,1074,96,2,0,Format0 ,0.964,1,95.833,0.933
1781547243047631,normal,1089,96,6,1,Format1 ,0.499,1,72.222,0.482
1781547243065029,normal,1106,96,8,1,Format1 ,0.499,1,70.833,0.477
1781547243067055,normal,1108,96,1,0,Format0 ,0.994,1,100.000,0.994
1781547243070097,normal,1111,96,6,1,Format1 ,0.510,1,71.528,0.487
1781547243259857,normal,1294,96,2,0,Format0 ,0.947,1,91.667,0.908
1781547243354781,normal,1385,28594,2,0,Format0 ,0.989,2,97.222,0.931
1781547243581793,normal,1605,23386,2,0,Format0 ,0.992,2,97.222,0.936
1781547243585703,normal,1609,43123,2,0,Format0 ,0.949,2,97.222,0.904
1781547243623327,normal,1645,12129,2,1,Format0 ,0.988,2,83.333,0.657
1781547243664705,normal,1685,55259,2,1,Format0 ,0.940,2,79.167,0.556
1781547243871461,normal,1884,96,2,1,Format1 ,0.464,1,71.528,0.444
1781547244039879,normal,2046,96,9,0,Format0 ,0.993,1,100.000,0.993
1781547244060500,normal,2066,96,8,1,Format1 ,0.583,1,74.306,0.474
1781547244062538,normal,2068,96,1,0,Format0 ,0.977,1,100.000,0.977
1781547244065680,normal,2071,96,6,1,Format1 ,0.518,1,77.778,0.506
1781547244081174,normal,2086,96,8,1,Format1 ,0.507,1,70.833,0.482
1781547244087362,normal,2092,96,7,0,Format0 ,0.971,1,100.000,0.971
1781547244101820,normal,2106,18412,8,1,Format2 ,0.513,2,72.222,0.458
1781547244109391,normal,2113,96,1,0,Format0 ,0.991,1,100.000,0.991
1781547244114863,normal,2118,96,1,0,Format0 ,0.999,1,100.000,0.999
1781547244121310,normal,2124,59357,2,1,Format2 ,0.522,2,80.556,0.477
1781547244123544,normal,2126,96,8,1,Format1 ,0.519,1,73.611,0.503
1781547244141768,normal,2143,96,1,0,Format0 ,0.972,1,100.000,0.972
1781547244184740,normal,2183,96,1,0,Format0 ,0.993,1,100.000,0.993
1781547244239919,normal,2236,43597,8,1,Format2 ,0.505,2,75.694,0.460
1781547244250218,normal,2246,13279,8,1,Format2 ,0.462,2,70.833,0.412
1781547244255375,normal,2251,56915,6,1,Format2 ,0.515,2,77.778,0.470
1781547244265124,normal,2260,96,6,1,Format1 ,0.509,1,81.250,0.498
1781547244268742,normal,2264,749,2,1,Format2 ,0.506,2,76.389,0.410
1781547244270031,normal,2265,28594,2,0,Format0 ,0.959,2,97.222,0.911
1781547244272925,normal,2268,44773,2,1,Format2 ,0.506,2,72.917,0.411
1781547244275380,normal,2270,96,6,0,Format0 ,0.932,1,100.000,0.932
1781547244278042,normal,2273,96,1,0,Format0 ,0.919,1,100.000,0.919
1781547244280234,normal,2275,3668,0,3,Format2 ,0.314,2,59.028,0.175
1781547244283139,normal,2278,96,1,0,Format0 ,0.853,1,93.056,0.791
1781547244287279,normal,2282,96,7,0,Format0 ,1.051,1,91.667,0.951
1781547244296650,normal,2291,96,6,0,Format0 ,1.005,1,100.000,1.005
1781547244369726,normal,2362,96,7,0,Format0 ,0.993,1,100.000,0.993
1781547244373796,normal,2366,96,9,0,Format0 ,0.995,1,100.000,0.995
1781547244393421,normal,2385,50785,2,0,Format0 ,1.012,2,97.222,0.958
1781547244479464,normal,2468,96,2,1,Format1 ,0.517,1,72.222,0.493
1781547244487854,normal,2476,96,8,1,Format1 ,0.603,1,72.917,0.496
1781547244490027,normal,2478,96,1,0,Format0 ,1.002,1,100.000,1.002
1781547244531696,normal,2518,96,1,0,Format0 ,0.960,1,100.000,0.960
1781547244540986,normal,2527,96,0,1,Format1 ,0.506,1,75.694,0.484
1781547244560428,normal,2546,96,8,0,Format0 ,0.999,1,95.833,0.963
1781547244566547,normal,2552,96,7,0,Format0 ,0.958,1,100.000,0.958
1781547244569775,normal,2555,96,2,1,Format1 ,0.531,1,74.306,0.463
1781547244571669,normal,2557,96,0,1,Format1 ,0.526,1,75.694,0.503
1781547244580996,normal,2566,96,8,1,Format1 ,0.516,1,74.306,0.499
1781547244583049,normal,2568,96,2,1,Format1 ,0.522,1,73.611,0.499
1781547244585417,normal,2570,96,6,1,Format1 ,0.517,1,78.472,0.502
1781547244612736,normal,2597,96,0,1,Format1 ,0.557,1,75.000,0.452
1781547244635449,normal,2619,96,6,1,Format1 ,0.507,1,68.750,0.487
1781547244665088,normal,2648,36457,2,1,Format2 ,0.519,2,77.083,0.473
1781547244681638,normal,2664,96,3,0,Format0 ,1.006,1,95.833,0.993
1781547244698311,normal,2680,96,7,0,Format0 ,1.051,1,100.000,1.051
1781547244704173,normal,2686,96,8,1,Format1 ,0.508,1,72.917,0.489
1781547244760791,normal,2741,96,6,1,Format1 ,0.621,1,76.389,0.535
1781547244768116,normal,2748,96,1,0,Format0 ,0.990,1,100.000,0.990
1781547244771203,normal,2751,18779,6,1,Format2 ,0.501,2,72.222,0.453
1781547244784617,normal,2764,96,3,0,Format0 ,0.998,1,100.000,0.998
1781547244786681,normal,2766,96,8,1,Format1 ,0.507,1,75.000,0.490
1781547244791813,normal,2771,96,6,0,Format0 ,1.001,1,100.000,1.001
1781547244794986,normal,2774,9958,2,1,Format2 ,0.518,2,72.917,0.474
1781547244803149,normal,2782,96,7,0,Format0 ,0.951,1,98.611,0.948
1781547244805206,normal,2784,96,3,0,Format0 ,0.975,1,100.000,0.976
1781547244807225,normal,2786,96,8,1,Format1 ,0.516,1,78.472,0.501
1781547244810476,normal,2789,96,6,1,Format1 ,0.510,1,73.611,0.494
1781547244812560,normal,2791,26935,6,1,Format2 ,0.492,2,74.306,0.452
1781547244817644,normal,2796,96,8,0,Format0 ,0.776,1,91.667,0.740
1781547244822823,normal,2801,96,6,0,Format0 ,0.966,1,100.000,0.966
1781547244830965,normal,2809,96,6,0,Format0 ,1.006,1,100.000,1.006
1781547244837402,normal,2815,96,2,1,Format1 ,0.514,1,79.167,0.500
1781547244839286,normal,2817,29875,0,1,Format2 ,0.518,2,77.778,0.478
1781547244853631,normal,2831,96,6,1,Format1 ,0.518,1,72.917,0.503
1781547244902921,normal,2878,96,1,0,Format0 ,0.991,1,100.000,0.991
1781547244914492,normal,2889,43123,2,0,Format0 ,1.000,2,97.222,0.948
1781547244974672,normal,2946,4593,8,1,Format2 ,0.523,2,74.306,0.469
1781547244987402,normal,2958,96,1,0,Format0 ,1.000,1,100.000,1.000
1781547244995932,normal,2966,96,8,1,Format1 ,0.516,1,77.083,0.495
1781547245006361,normal,2976,96,9,0,Format0 ,1.053,1,94.444,1.031
1781547245032655,normal,3001,96,6,1,Format1 ,0.473,1,75.000,0.451
1781547245033671,normal,3002,96,7,0,Format0 ,0.940,1,100.000,0.940
1781547245037053,normal,3005,18455,2,0,Format0 ,0.908,2,94.444,0.876
1781547245049347,normal,3017,96,0,1,Format1 ,0.622,1,72.917,0.534
1781547245055685,normal,3023,26040,0,2,Format1C,0.390,1,59.028,0.182
1781547245065321,normal,3032,96,8,0,Format0 ,1.052,1,100.000,1.052
1781547245067362,normal,3034,96,3,0,Format0 ,0.983,1,100.000,0.983
1781547245142982,normal,3106,96,8,0,Format0 ,0.943,1,94.444,0.875
1781547245162959,normal,3125,23386,2,0,Format0 ,0.920,2,97.222,0.865
1781547245328999,normal,3285,23386,2,0,Format0 ,0.978,2,97.222,0.922
1781547246080812,normal,4009,43123,2,0,Format0 ,0.958,2,97.222,0.909
1781547248126057,normal,5986,96,8,1,Format1 ,0.512,1,72.917,0.491
1781547248169642,normal,6028,96,1,0,Format0 ,0.980,1,100.000,0.980
1781547248190627,normal,6048,96,1,0,Format0 ,0.967,1,100.000,0.967
1781547248233748,normal,6089,43123,2,0,Format0 ,0.997,2,97.222,0.943
1781547248272666,normal,6126,50939,8,1,Format2 ,0.515,2,76.389,0.474
1781547248383178,normal,6231,9056,6,1,Format2 ,0.511,2,70.833,0.413
1781547250288621,normal,8045,12129,2,1,Format0 ,0.991,2,83.333,0.661
1781547250310477,normal,8066,11390,8,1,Format2 ,0.521,2,79.167,0.481
1781547250354627,normal,8108,25744,0,2,Format1A,0.480,1,64.931,0.286
1781547250362874,normal,8116,96,9,0,Format0 ,1.027,1,100.000,1.027
1781547250369171,normal,8122,96,7,0,Format0 ,0.997,1,100.000,0.998
1781547250373341,normal,8126,5093,8,1,Format2 ,0.512,2,75.694,0.467
1781547250410289,normal,8161,5093,6,1,Format2 ,0.511,2,71.528,0.465
1781547250462954,normal,8211,96,6,1,Format1 ,0.513,1,74.306,0.493
1781547250480802,normal,8228,96,1,0,Format0 ,1.008,1,100.000,1.008
1781547251167429,normal,8886,2,0,3,Format1A,0.521,1,75.347,0.501
1781547251257668,normal,8974,55077,6,1,Format2 ,0.513,2,75.000,0.468
1781547251290930,normal,9006,105,9,0,Format0 ,0.967,1,100.000,0.967
1781547251517663,normal,9226,96,8,1,Format1 ,0.512,1,73.611,0.490
1781547251534147,normal,9242,105,0,1,Format1 ,0.507,1,76.389,0.490
1781547251988702,normal,9681,97,4,1,Format1 ,0.527,1,78.472,0.510
1781547251993852,normal,9686,97,9,0,Format0 ,0.982,1,100.000,0.982
1781547251996918,normal,9689,5322,0,1,Format2 ,0.516,2,72.917,0.430
1781547252000005,normal,9692,97,8,1,Format1 ,0.508,1,72.917,0.491
1781547252014464,normal,9706,97,9,0,Format0 ,0.986,1,100.000,0.986
1781547252017607,normal,9709,97,0,1,Format1 ,0.514,1,73.611,0.493
1781547252019834,normal,9711,97,4,1,Format1 ,0.509,1,77.778,0.491
1781547252035226,normal,9726,97,9,0,Format0 ,0.979,1,100.000,0.979
1781547252038341,normal,9729,97,0,1,Format1 ,0.534,1,79.167,0.512
1781547252055956,normal,9746,97,9,0,Format0 ,0.968,1,98.611,0.968
1781547252059045,normal,9749,97,0,2,Format1 ,0.304,1,66.319,0.258
1781547252061109,normal,9751,97,4,1,Format1 ,0.522,1,73.611,0.493
1781547252069374,normal,9759,97,0,1,Format1 ,0.520,1,70.139,0.499
1781547252071455,normal,9761,97,4,1,Format1 ,0.516,1,72.222,0.501
1781547252076683,normal,9766,97,9,0,Format0 ,0.992,1,100.000,0.992
1781547252079836,normal,9769,97,4,1,Format1 ,0.509,1,79.167,0.496
1781547252079836,normal,9769,43123,2,0,Format0 ,0.994,2,97.222,0.943
1781547252092399,normal,9781,9864,4,1,Format2 ,0.517,2,76.389,0.472
1781547252097620,normal,9786,97,9,0,Format0 ,0.991,1,100.000,0.991
1781547252100777,normal,9789,97,0,1,Format1 ,0.519,1,79.861,0.509
1781547252102852,normal,9791,97,4,1,Format1 ,0.529,1,69.444,0.506
1781547252113166,normal,9801,97,4,1,Format1 ,0.511,1,76.389,0.495
1781547252118328,normal,9806,97,9,0,Format0 ,1.002,1,100.000,1.002
1781547252119347,normal,9807,97,9,0,Format0 ,1.005,1,100.000,1.005
1781547252121427,normal,9809,97,0,1,Format1 ,0.516,1,71.528,0.498
1781547252123454,normal,9811,97,4,1,Format1 ,0.522,1,72.917,0.499
1781547252139185,normal,9826,97,9,0,Format0 ,0.988,1,100.000,0.988
1781547253553513,normal,908,96,1,0,Format0 ,1.003,1,100.000,1.003
1781547254662174,normal,1966,97,9,0,Format0 ,1.009,1,100.000,1.009
1781547254702361,normal,2005,55259,2,1,Format0 ,0.970,2,79.167,0.589
1781547254744391,normal,2046,97,9,0,Format0 ,0.990,1,100.000,0.990
1781547258752243,normal,5929,43123,2,0,Format0 ,1.001,2,97.222,0.947
1781547258752243,normal,5929,15308,3,0,Format0 ,0.992,2,91.667,0.828
1781547258763943,normal,5940,63212,6,1,Format2 ,0.514,2,73.611,0.451
1781547262261218,normal,9321,97,4,1,Format1 ,0.505,1,72.917,0.488
1781547262266380,normal,9326,97,9,0,Format0 ,0.998,1,100.000,0.998
1781547262276746,normal,9336,97,9,0,Format0 ,0.916,1,98.611,0.907
1781547262287039,normal,9346,97,9,0,Format0 ,0.990,1,100.000,0.990
1781547262290120,normal,9349,18302,0,1,Format2 ,0.519,2,74.306,0.475
1781547262292144,normal,9351,7613,4,1,Format2 ,0.512,2,81.944,0.474
1781547262307680,normal,9366,97,9,0,Format0 ,0.983,1,100.000,0.983
1781547262310799,normal,9369,47004,0,1,Format2 ,0.513,2,74.306,0.416
1781547262323292,normal,9381,15030,4,1,Format2 ,0.509,2,68.750,0.364
1781547262328401,normal,9386,97,9,0,Format0 ,0.995,1,100.000,0.995
1781547262331552,normal,9389,97,0,1,Format1 ,0.513,1,79.861,0.498
1781547262333620,normal,9391,97,4,1,Format1 ,0.509,1,75.000,0.490
1781547262335678,normal,9393,97,3,0,Format0 ,1.011,1,100.000,1.011
1781547262349133,normal,9406,97,9,0,Format0 ,0.978,1,100.000,0.978
1781547262364649,normal,9421,97,4,1,Format1 ,0.515,1,74.306,0.495
1781547262369793,normal,9426,97,9,0,Format0 ,0.994,1,100.000,0.994
1781547262373075,normal,9429,97,0,1,Format1 ,0.507,1,75.694,0.490
1781547262375140,normal,9431,97,4,1,Format1 ,0.514,1,75.000,0.496
1781547262384709,normal,9440,97,3,0,Format0 ,0.701,1,100.000,0.701
1781547262386497,normal,9442,97,8,1,Format1 ,0.577,1,74.306,0.468
1781547262390631,normal,9446,97,9,0,Format0 ,0.994,1,100.000,0.994
1781547262393710,normal,9449,43556,4,1,Format2 ,0.522,2,73.611,0.475
1781547262393710,normal,9449,43123,2,0,Format0 ,0.994,2,97.222,0.939
1781547262405418,normal,9460,97,3,0,Format0 ,0.952,1,100.000,0.952
1781547262409143,normal,9464,97,9,0,Format0 ,0.993,1,100.000,0.993
1781547262411213,normal,9466,97,9,0,Format0 ,0.989,1,100.000,0.989
1781547262414322,normal,9469,15856,0,1,Format2 ,0.511,2,75.000,0.470
1781547262416352,normal,9471,45087,4,1,Format2 ,0.505,2,72.222,0.461
1781547262431820,normal,9486,97,9,0,Format0 ,0.996,1,100.000,0.996
1781547263826737,normal,588,96,1,0,Format0 ,0.988,1,100.000,0.988
1781547266329357,normal,3006,96,8,1,Format1 ,0.511,1,75.694,0.489
1781547268395504,normal,5006,96,8,1,Format1 ,0.526,1,77.778,0.504
1781547272350782,normal,8825,28594,2,0,Format0 ,1.015,2,95.833,0.972
1781547272536911,normal,9006,97,9,0,Format0 ,0.986,1,100.000,0.986
1781547272539967,normal,9009,97,0,1,Format1 ,0.523,1,75.000,0.506
1781547272542040,normal,9011,97,4,2,Format1 ,0.304,1,63.542,0.252
1781547272557430,normal,9026,97,9,0,Format0 ,0.987,1,100.000,0.987
1781547272572891,normal,9041,25099,4,1,Format2 ,0.505,2,78.472,0.466
1781547272578004,normal,9046,97,9,0,Format0 ,1.004,1,100.000,1.004
1781547272581106,normal,9049,45087,0,1,Format2 ,0.514,2,70.833,0.470
1781547272583181,normal,9051,97,4,1,Format1 ,0.510,1,77.778,0.499
1781547272593433,normal,9061,97,4,1,Format1 ,0.516,1,75.000,0.500
1781547272598564,normal,9066,97,9,0,Format0 ,0.989,1,100.000,0.989
1781547272603747,normal,9071,7613,4,1,Format2 ,0.510,2,79.861,0.469
1781547272619180,normal,9086,97,9,0,Format0 ,0.984,1,100.000,0.984
1781547272622260,normal,9089,97,0,1,Format1 ,0.521,1,66.667,0.482
1781547272634660,normal,9101,3657,4,1,Format2 ,0.503,2,75.000,0.458
1781547272639812,normal,9106,97,9,0,Format0 ,0.999,1,100.000,0.999
1781547272641845,normal,9108,97,7,0,Format0 ,0.993,1,100.000,0.993
1781547272644926,normal,9111,97,4,1,Format1 ,0.513,1,73.611,0.485
1781547272660375,normal,9126,97,9,0,Format0 ,0.994,1,100.000,0.994
1781547272663503,normal,9129,7884,4,1,Format2 ,0.523,2,65.278,0.472
1781547272663503,normal,9129,43123,2,0,Format0 ,0.996,2,97.222,0.945
1781547272665574,normal,9131,97,4,1,Format1 ,0.557,1,75.000,0.448
1781547272670716,normal,9136,97,9,0,Format0 ,0.977,1,100.000,0.977
1781547272681021,normal,9146,97,9,0,Format0 ,0.999,1,100.000,0.999
1781547272722372,normal,9186,97,9,0,Format0 ,0.992,1,100.000,0.992
1781547275618190,normal,1737,35602,0,2,Format2 ,0.511,2,67.708,0.322
1781547275620265,normal,1739,53086,6,1,Format2 ,0.511,2,75.694,0.459
1781547275627929,normal,1746,96,9,0,Format0 ,1.001,1,100.000,1.001
1781547275653686,normal,1770,96,7,0,Format0 ,0.996,1,100.000,0.996
1781547275664184,normal,1780,96,7,0,Format0 ,0.988,1,100.000,0.988
1781547275665853,normal,1782,37608,8,1,Format2 ,0.508,2,69.444,0.461
1781547275668017,normal,1784,96,3,0,Format0 ,1.012,1,100.000,1.012
1781547275670261,normal,1786,96,9,0,Format0 ,0.988,1,100.000,0.988
1781547275672273,normal,1788,96,2,1,Format1 ,0.511,1,77.778,0.495
1781547275675314,normal,1791,96,6,0,Format0 ,0.997,1,100.000,0.997
1781547275720784,normal,1834,96,3,0,Format0 ,0.985,1,100.000,0.985
1781547275729138,normal,1842,96,8,1,Format1 ,0.525,1,75.694,0.506
1781547275731156,normal,1844,96,3,0,Format0 ,0.995,1,100.000,0.995
1781547275733189,normal,1846,96,9,0,Format0 ,0.994,1,100.000,0.994
1781547275749342,normal,1861,96,6,0,Format0 ,0.933,1,100.000,0.934
1781547275819260,normal,1926,96,8,1,Format1 ,0.510,1,72.917,0.494
1781547275840571,normal,1946,58592,8,1,Format2 ,0.533,2,67.361,0.431
1781547275972711,normal,2071,47785,6,1,Format2 ,0.518,2,72.917,0.432
1781547275986150,normal,2084,96,2,1,Format1 ,0.512,1,72.222,0.493
1781547275988160,normal,2086,96,8,1,Format1 ,0.513,1,76.389,0.486
1781547276013832,normal,2111,33348,6,1,Format2 ,0.511,2,69.444,0.461
1781547276049894,normal,2146,96,8,1,Format1 ,0.503,1,74.306,0.483
1781547276051938,normal,2148,96,1,0,Format0 ,0.990,1,100.000,0.990
1781547276055002,normal,2151,96,6,1,Format1 ,0.513,1,76.389,0.496
1781547276093044,normal,2188,96,1,0,Format0 ,1.002,1,100.000,1.002
1781547276132238,normal,2226,55898,8,1,Format2 ,0.520,2,73.611,0.464
1781547276449783,normal,2532,96,7,0,Format0 ,0.996,1,100.000,0.996
1781547277156938,normal,3218,96,1,0,Format0 ,0.984,1,100.000,0.984
1781547277159320,normal,3220,96,6,1,Format1 ,0.510,1,75.694,0.495
1781547277165144,normal,3226,43662,8,1,Format2 ,0.500,2,68.056,0.418
1781547277185721,normal,3246,96,8,1,Format1 ,0.522,1,77.778,0.504
1781547277187764,normal,3248,96,2,1,Format1 ,0.518,1,70.833,0.497
1781547277288592,normal,3346,96,8,1,Format1 ,0.505,1,79.861,0.495
1781547277290648,normal,3348,96,1,0,Format0 ,0.990,1,100.000,0.990
1781547277324700,normal,3381,96,6,1,Format1 ,0.515,1,75.000,0.496
1781547277380498,normal,3435,27891,2,1,Format2 ,0.513,2,75.000,0.470
1781547277384431,normal,3439,96,6,1,Format1 ,0.517,1,79.861,0.495
1781547277391615,normal,3446,325,8,1,Format2 ,0.517,2,69.444,0.408
1781547277393659,normal,3448,96,1,0,Format0 ,0.991,1,100.000,0.991
1781547277407063,normal,3461,96,6,1,Format1 ,0.507,1,72.917,0.487
1781547277448350,normal,3501,44956,6,1,Format2 ,0.503,1,73.611,0.462
1781547277453460,normal,3506,51209,8,1,Format2 ,0.502,2,70.139,0.458
1781547277484299,normal,3536,96,8,1,Format1 ,0.514,1,75.000,0.494
1781547277515166,normal,3566,62626,8,1,Format2 ,0.511,2,69.444,0.411
1781547277537795,normal,3588,96,1,0,Format0 ,1.010,1,100.000,1.010
1781547277552175,normal,3602,96,7,0,Format0 ,0.962,1,97.222,0.931
1781547277602760,normal,3651,96,6,1,Format1 ,0.518,1,74.306,0.499
1781547277643396,normal,3690,96,7,0,Format0 ,0.987,1,100.000,0.987
1781547278624163,normal,4626,96,8,0,Format0 ,0.912,1,100.000,0.913
1781547278686255,normal,4686,38230,8,1,Format2 ,0.517,2,73.611,0.432
1781547278769165,normal,4766,96,8,1,Format1 ,0.511,1,76.389,0.495
1781547278784699,normal,4781,5093,6,1,Format2 ,0.511,2,70.139,0.463
1781547279126245,normal,5109,96,6,1,Format1 ,0.510,1,79.167,0.500
1781547279165038,normal,5146,2,0,3,Format1A,0.637,1,75.521,0.489
1781547279227499,normal,5206,106,0,1,Format1A,0.511,1,73.611,0.489
1781547279248559,normal,5226,97,9,0,Format0 ,0.985,1,100.000,0.985
1781547279253878,normal,5231,97,4,1,Format1 ,0.510,1,71.528,0.487
1781547279274819,normal,5251,63415,4,1,Format2 ,0.515,2,64.583,0.398
1781547279316806,normal,5291,47634,4,1,Format2 ,0.511,2,70.139,0.385
1781547279352899,normal,5326,97,9,0,Format0 ,0.992,1,100.000,0.992
1781547279623621,normal,5588,96,1,0,Format0 ,0.997,1,100.000,0.997
1781547280261395,normal,6206,107,4,1,Format1 ,0.519,1,77.083,0.502
1781547280281973,normal,6226,107,4,1,Format1 ,0.513,1,75.694,0.497
1781547282405924,normal,8268,96,1,0,Format0 ,0.991,1,100.000,0.991
1781547282814240,normal,8660,97,3,0,Format0 ,0.992,1,100.000,0.992
1781547282820049,normal,8666,97,9,0,Format0 ,1.007,1,100.000,1.007
1781547282823134,normal,8669,17389,0,1,Format2 ,0.513,2,70.833,0.388
1781547282835572,normal,8681,97,4,1,Format1 ,0.513,1,73.611,0.493
1781547282840778,normal,8686,97,9,0,Format0 ,0.996,1,100.000,0.996
1781547282843910,normal,8689,97,0,1,Format1 ,0.516,1,77.083,0.498
1781547282845944,normal,8691,952,4,1,Format2 ,0.521,2,72.222,0.475
1781547282856274,normal,8701,25099,4,1,Format2 ,0.507,2,76.389,0.467
1781547282861471,normal,8706,97,9,0,Format0 ,0.993,1,100.000,0.993
1781547282864525,normal,8709,97,0,1,Format1 ,0.508,1,77.778,0.495
1781547282866590,normal,8711,97,4,1,Format1 ,0.510,1,72.917,0.495
1781547282882100,normal,8726,97,9,0,Format0 ,0.995,1,100.000,0.995
1781547282885202,normal,8729,97,0,1,Format1 ,0.518,1,69.444,0.498
1781547282887303,normal,8731,27539,4,1,Format2 ,0.509,2,75.000,0.482
1781547282889394,normal,8733,97,3,0,Format0 ,0.986,1,100.000,0.986
1781547282902917,normal,8746,97,9,0,Format0 ,0.999,1,100.000,0.999
1781547282906047,normal,8749,13082,0,1,Format2 ,0.512,2,70.833,0.414
1781547282908109,normal,8751,5474,4,1,Format2 ,0.509,2,79.167,0.457
1781547282923608,normal,8766,97,9,0,Format0 ,0.996,1,100.000,0.996
1781547282926690,normal,8769,27539,0,1,Format2 ,0.511,2,73.611,0.480
1781547282964876,normal,8806,97,9,0,Format0 ,0.995,1,100.000,0.995
1781547284361769,normal,10158,96,1,0,Format0 ,1.008,1,100.000,1.008
1781547369432912,normal,6049,39767,30,1,Format1C,2.017,1,65.278,1.437
1781547369588412,normal,6113,31544,16,1,Format1C,1.748,1,69.444,1.151
1781547369826638,normal,6233,31045,18,1,Format0 ,1.780,2,81.250,1.497
1781547370885597,normal,6717,22324,6,0,Format0 ,1.966,2,97.222,1.951
1781547370921322,normal,6730,5384,3,0,Format0 ,1.481,1,77.778,1.227
1781547371136826,normal,6840,42375,30,1,Format1C,0.729,1,65.278,0.515
1781547371219310,normal,6883,28160,30,1,Format1C,0.907,1,66.667,0.697
1781547373422317,normal,9901,103,2,1,Format1A,0.509,1,73.611,0.496
1781547373424347,normal,9903,97,3,0,Format0 ,1.006,1,100.000,1.006
1781547373427429,normal,9906,97,9,0,Format0 ,0.991,1,100.000,0.991
1781547373430529,normal,9909,25099,0,1,Format2 ,0.512,2,75.000,0.468
1781547373447979,normal,9926,97,9,0,Format0 ,1.007,1,100.000,1.007
1781547373451049,normal,9929,49883,4,1,Format2 ,0.513,2,74.306,0.474
1781547373453072,normal,9931,97,4,1,Format1 ,0.514,1,73.611,0.495
1781547373463302,normal,9941,97,4,1,Format1 ,0.514,1,73.611,0.496
1781547373468402,normal,9946,97,9,0,Format0 ,1.008,1,100.000,1.008
1781547373470432,normal,9948,97,7,0,Format0 ,0.962,1,100.000,0.962
1781547373474516,normal,9952,11360,8,1,Format2 ,0.500,2,71.528,0.408
1781547373479667,normal,9957,97,9,0,Format0 ,0.991,1,100.000,0.991
1781547373488825,normal,9966,97,9,0,Format0 ,1.003,1,100.000,1.003
1781547373504132,normal,9981,97,4,1,Format1 ,0.510,1,75.694,0.500
1781547373509215,normal,9986,97,9,0,Format0 ,0.992,1,100.000,0.992
1781547373524515,normal,10001,97,4,1,Format1 ,0.508,1,74.306,0.495
1781547373532665,normal,10009,97,0,1,Format1 ,0.511,1,75.694,0.495
1781547373534713,normal,10011,97,4,1,Format1 ,0.518,1,72.917,0.501
1781547373549983,normal,10026,97,9,0,Format0 ,0.993,1,100.000,0.993
1781547373555075,normal,10031,17389,4,1,Format2 ,0.514,2,72.222,0.393
1781547373562234,normal,10038,25697,6,1,Format2 ,0.513,2,70.833,0.389
1781547373565307,normal,10041,27539,4,1,Format2 ,0.514,2,72.222,0.482
1781547373567393,normal,10043,97,3,0,Format0 ,0.980,1,100.000,0.980
1781547373575606,normal,10051,97,4,1,Format1 ,0.572,1,77.778,0.485
1781547373578645,normal,10054,97,0,1,Format1 ,0.508,1,75.000,0.494
1781547373580703,normal,10056,97,9,0,Format0 ,0.989,1,100.000,0.989
1781547373588898,normal,10064,97,9,0,Format0 ,0.997,1,100.000,0.997
1781547373590911,normal,10066,97,9,0,Format0 ,0.986,1,100.000,0.986
1781547373591964,normal,10067,97,9,0,Format0 ,1.004,1,100.000,1.004
1781547373596046,normal,10071,43517,4,2,Format2 ,0.515,2,71.875,0.348
1781547373606268,normal,10081,97,4,1,Format1 ,0.515,1,76.389,0.496
1781547373757277,normal,10229,23458,6,1,Format2 ,0.517,2,75.000,0.437
1781547374264637,normal,486,2,0,3,Format1A,0.515,1,76.042,0.498
1781547374277883,normal,499,6007,2,1,Format0 ,1.000,2,81.944,0.649
1781547374303378,normal,524,104,0,3,Format1A,1.001,1,100.000,1.001
1781547374323748,normal,544,104,0,3,Format1 ,0.999,1,100.000,0.999
1781547374597407,normal,812,104,9,0,Format0 ,0.998,1,100.000,0.998
1781547376196288,normal,2372,104,9,0,Format0 ,0.949,1,98.611,0.949
1781547445605058,normal,6106,33495,22,1,Format1C,2.159,1,69.444,1.593
1781547445628464,normal,6113,31544,16,1,Format1C,1.748,1,69.444,1.151
1781547445839311,normal,6230,19712,24,3,Format1C,1.064,1,55.035,0.416
1781547446805275,normal,6730,5384,3,0,Format0 ,1.481,1,77.778,1.227
1781547446836557,normal,6749,9699,36,1,Format1C,2.093,1,64.583,1.603
1781547446963165,normal,6821,8802,18,1,Format1C,1.412,1,68.750,0.790
1781547449252502,normal,9901,103,2,1,Format1A,0.509,1,73.611,0.496
1781547449254514,normal,9903,97,3,0,Format0 ,1.006,1,100.000,1.006
1781547449257554,normal,9906,97,9,0,Format0 ,0.991,1,100.000,0.991
1781547449260580,normal,9909,25099,0,1,Format2 ,0.512,2,75.000,0.468
1781547449277874,normal,9926,97,9,0,Format0 ,1.007,1,100.000,1.007
1781547449280951,normal,9929,49883,4,1,Format2 ,0.513,2,74.306,0.474
1781547449282950,normal,9931,97,4,1,Format1 ,0.514,1,73.611,0.495
1781547449293095,normal,9941,97,4,1,Format1 ,0.514,1,73.611,0.496
1781547449298162,normal,9946,97,9,0,Format0 ,1.008,1,100.000,1.008
1781547449300185,normal,9948,97,7,0,Format0 ,0.962,1,100.000,0.962
1781547449304246,normal,9952,11360,8,1,Format2 ,0.500,2,71.528,0.408
1781547449309322,normal,9957,97,9,0,Format0 ,0.991,1,100.000,0.991
1781547449315402,normal,9963,97,3,0,Format0 ,0.995,1,100.000,0.995
1781547449318439,normal,9966,97,9,0,Format0 ,1.003,1,100.000,1.003
1781547449326567,normal,9974,97,9,0,Format0 ,0.998,1,100.000,0.998
1781547449333699,normal,9981,97,4,1,Format1 ,0.510,1,75.694,0.500
1781547449338763,normal,9986,97,9,0,Format0 ,0.992,1,100.000,0.992
1781547449353967,normal,10001,97,4,1,Format1 ,0.508,1,74.306,0.495
1781547449362056,normal,10009,97,0,1,Format1 ,0.511,1,75.694,0.495
1781547449364073,normal,10011,97,4,1,Format1 ,0.518,1,72.917,0.501
1781547449379303,normal,10026,97,9,0,Format0 ,0.993,1,100.000,0.993
1781547449384372,normal,10031,17389,4,1,Format2 ,0.514,2,72.222,0.393
1781547449391454,normal,10038,25697,6,1,Format2 ,0.513,2,70.833,0.389
1781547449395514,normal,10042,97,8,1,Format1 ,0.511,1,71.528,0.490
1781547449402594,normal,10049,97,0,1,Format1 ,0.514,1,79.861,0.502
1781547449404624,normal,10051,97,4,1,Format1 ,0.572,1,77.778,0.485
1781547449407691,normal,10054,97,0,1,Format1 ,0.508,1,75.000,0.494
1781547449409717,normal,10056,97,9,0,Format0 ,0.989,1,100.000,0.989
1781547449417854,normal,10064,97,9,0,Format0 ,0.997,1,100.000,0.997
1781547449419871,normal,10066,97,9,0,Format0 ,0.986,1,100.000,0.986
1781547449424952,normal,10071,43517,4,2,Format2 ,0.515,2,71.875,0.348
1781547449435108,normal,10081,97,4,1,Format1 ,0.515,1,76.389,0.496
1781547450089221,normal,486,2,0,3,Format1A,0.515,1,76.042,0.498
1781547450102424,normal,499,6007,2,1,Format0 ,1.000,2,81.944,0.649
1781547450127781,normal,524,104,0,3,Format1A,1.001,1,100.000,1.001
1781547450148105,normal,544,104,0,3,Format1 ,0.999,1,100.000,0.999
1781547450419962,normal,812,104,9,0,Format0 ,0.998,1,100.000,0.998
1781547452010698,normal,2372,104,9,0,Format0 ,0.949,1,98.611,0.949
1781547459488611,normal,9676,96,9,0,Format0 ,0.991,1,100.000,0.991
1781547459498762,normal,9686,18248,8,1,Format2 ,0.527,2,66.667,0.379
1781547459619758,normal,9805,12129,2,1,Format0 ,0.982,2,83.333,0.656
1781547459824541,normal,10007,97,9,0,Format0 ,1.002,1,100.000,1.002
1781547459904695,normal,10086,97,9,0,Format0 ,0.990,1,100.000,0.990
1781547459906720,normal,10088,97,7,0,Format0 ,0.992,1,100.000,0.992
1781547459909053,normal,10090,97,3,0,Format0 ,1.001,1,100.000,1.001
1781547459919326,normal,10100,97,3,0,Format0 ,0.995,1,100.000,0.995
1781547459925044,normal,10106,97,9,0,Format0 ,1.009,1,100.000,1.009
1781547459928074,normal,10109,2400,0,1,Format2 ,0.525,2,72.917,0.477
1781547459930093,normal,10111,97,4,1,Format1 ,0.514,1,76.389,0.492
1781547459935151,normal,10116,97,9,0,Format0 ,0.998,1,100.000,0.998
1781547459940243,normal,10121,25099,4,1,Format2 ,0.528,2,75.694,0.479
1781547459945316,normal,10126,97,9,0,Format0 ,1.004,1,100.000,1.004
1781547459948366,normal,10129,97,0,1,Format1 ,0.526,1,77.083,0.502
1781547459955530,normal,10136,97,9,0,Format0 ,0.989,1,100.000,0.989
1781547459960586,normal,10141,13935,4,1,Format2 ,0.535,2,71.528,0.388
1781547459965656,normal,10146,97,9,0,Format0 ,1.007,1,100.000,1.007
1781547459968686,normal,10149,97,0,1,Format1 ,0.512,1,75.000,0.496
1781547459970715,normal,10151,25099,4,1,Format2 ,0.513,2,71.528,0.467
1781547459985992,normal,10166,97,9,0,Format0 ,0.995,1,100.000,0.995
1781547460001202,normal,10181,10311,4,1,Format2 ,0.516,2,72.917,0.460
1781547460006269,normal,10186,97,9,0,Format0 ,0.995,1,100.000,0.995
1781547460008268,normal,10188,97,7,0,Format0 ,0.995,1,100.000,0.995
1781547460011381,normal,10191,27539,4,1,Format2 ,0.518,2,70.833,0.486
1781547460020757,normal,10200,97,3,0,Format0 ,0.994,1,100.000,0.994
1781547460026623,normal,10206,97,9,0,Format0 ,0.985,1,100.000,0.985
1781547460046891,normal,10226,97,9,0,Format0 ,0.992,1,100.000,0.992
1781547460488598,normal,414,96,3,0,Format0 ,0.987,1,100.000,0.987
1781547460492649,normal,418,58759,2,1,Format2 ,0.513,2,71.528,0.420
1781547460500773,normal,426,96,8,1,Format1 ,0.573,1,79.167,0.475
1781547460502792,normal,428,96,1,0,Format0 ,0.970,1,100.000,0.970
1781547460512952,normal,438,96,1,0,Format0 ,0.996,1,100.000,0.996
1781547460550559,normal,475,96,2,0,Format0 ,0.992,1,100.000,0.992
1781547460556550,normal,481,96,6,0,Format0 ,0.993,1,100.000,0.994
1781547460558537,normal,483,96,1,0,Format0 ,1.005,1,100.000,1.005
1781547460560742,normal,485,23386,2,0,Format0 ,0.995,2,97.222,0.942
1781547460564610,normal,489,43123,2,0,Format0 ,0.995,2,97.222,0.941
1781547460568673,normal,493,96,1,0,Format0 ,0.993,1,100.000,0.993
1781547460573738,normal,498,96,2,1,Format1 ,0.511,1,72.917,0.491
1781547460576122,normal,500,55904,6,1,Format2 ,0.506,2,70.139,0.437
1781547460581977,normal,506,59429,8,1,Format2 ,0.513,2,70.833,0.423
1781547460583939,normal,508,96,1,0,Format0 ,0.992,1,100.000,0.992
1781547460602261,normal,526,96,9,0,Format0 ,1.003,1,100.000,1.003
1781547460605311,normal,529,96,6,0,Format0 ,0.915,1,100.000,0.915
1781547460616856,normal,540,96,6,0,Format0 ,1.013,1,100.000,1.013
1781547460618546,normal,542,96,8,1,Format1 ,0.514,1,70.139,0.497
1781547460620572,normal,544,96,2,1,Format1 ,0.479,1,79.167,0.467
1781547460627713,normal,551,96,6,0,Format0 ,0.991,1,100.000,0.991
1781547460629735,normal,553,96,1,0,Format0 ,0.998,1,100.000,0.998
1781547460632769,normal,556,96,9,0,Format0 ,0.997,1,100.000,0.997
1781547460637846,normal,561,96,6,0,Format0 ,0.999,1,100.000,0.999
1781547460639864,normal,563,96,1,0,Format0 ,0.987,1,100.000,0.987
1781547460642900,normal,566,96,9,0,Format0 ,0.960,1,100.000,0.960
1781547460647971,normal,571,96,6,1,Format1 ,0.513,1,74.306,0.498
1781547460668245,normal,591,56915,6,1,Format2 ,0.517,2,77.778,0.473
1781547460689574,normal,612,96,7,0,Format0 ,1.005,1,100.000,1.005
1781547460690581,normal,613,96,1,0,Format0 ,0.989,1,100.000,0.989
1781547460702928,normal,625,50785,2,0,Format0 ,0.984,2,97.222,0.932
1781547460702928,normal,625,20580,3,0,Format0 ,0.979,1,81.944,0.642
1781547460726076,normal,648,96,2,1,Format1 ,0.523,1,73.611,0.488
1781547460728418,normal,650,27891,6,1,Format2 ,0.520,2,72.222,0.477
1781547460730120,normal,652,96,7,0,Format0 ,0.998,1,100.000,0.998
1781547460736208,normal,658,96,1,0,Format0 ,0.997,1,100.000,0.997
1781547460738595,normal,660,96,6,1,Format1 ,0.509,1,72.917,0.493
1781547460740260,normal,662,96,7,0,Format0 ,1.002,1,100.000,1.002
1781547460742277,normal,664,96,2,1,Format1 ,0.518,1,75.694,0.499
1781547460744296,normal,666,96,9,0,Format0 ,0.997,1,100.000,0.997
1781547460769652,normal,691,96,6,0,Format0 ,0.955,1,100.000,0.956
1781547460937041,normal,856,96,8,1,Format1 ,0.509,1,78.472,0.496
1781547460939070,normal,858,96,1,0,Format0 ,0.987,1,100.000,0.987
1781547460987829,normal,906,96,8,1,Format1 ,0.509,1,77.083,0.489
1781547460989849,normal,908,96,1,0,Format0 ,0.996,1,100.000,0.996
1781547460992887,normal,911,11984,6,1,Format2 ,0.495,2,69.444,0.427
1781547461040592,normal,958,96,1,0,Format0 ,1.000,1,100.000,1.000
1781547461053699,normal,971,96,6,1,Format1 ,0.517,1,78.472,0.504
1781547461158264,normal,1074,96,2,0,Format0 ,0.964,1,95.833,0.933
1781547461173526,normal,1089,96,6,1,Format1 ,0.499,1,72.222,0.482
1781547461190820,normal,1106,96,8,1,Format1 ,0.499,1,70.833,0.477
1781547461192940,normal,1108,96,1,0,Format0 ,0.994,1,100.000,0.994
1781547461195963,normal,1111,96,6,1,Format1 ,0.510,1,71.528,0.487
1781547461382657,normal,1294,96,2,0,Format0 ,0.947,1,91.667,0.908
1781547461474429,normal,1385,28594,2,0,Format0 ,0.989,2,97.222,0.931
1781547461697909,normal,1605,23386,2,0,Format0 ,0.992,2,97.222,0.936
1781547461738555,normal,1645,12129,2,1,Format0 ,0.988,2,83.333,0.657
1781547461779156,normal,1685,55259,2,1,Format0 ,0.940,2,79.167,0.556
1781547461981193,normal,1884,96,2,1,Format1 ,0.464,1,71.528,0.444
1781547462092001,normal,1993,16355,0,2,Format1 ,0.387,1,62.847,0.242
1781547462100160,normal,2001,31961,6,1,Format2 ,0.521,2,69.444,0.437
1781547462132559,normal,2033,96,1,0,Format0 ,1.023,1,100.000,1.023
1781547462145763,normal,2046,96,9,0,Format0 ,0.993,1,100.000,0.993
1781547462147790,normal,2048,96,1,0,Format0 ,0.990,1,100.000,0.990
1781547462166086,normal,2066,96,8,1,Format1 ,0.583,1,74.306,0.474
1781547462168179,normal,2068,96,1,0,Format0 ,0.977,1,100.000,0.977
1781547462171194,normal,2071,96,6,1,Format1 ,0.518,1,77.778,0.506
1781547462186519,normal,2086,96,8,1,Format1 ,0.507,1,70.833,0.482
1781547462192640,normal,2092,96,7,0,Format0 ,0.971,1,100.000,0.971
1781547462201201,normal,2100,96,7,0,Format0 ,0.986,1,100.000,0.986
1781547462206964,normal,2106,18412,8,1,Format2 ,0.513,2,72.222,0.458
1781547462213012,normal,2112,38239,8,1,Format2 ,0.523,2,72.917,0.475
1781547462219108,normal,2118,96,1,0,Format0 ,0.999,1,100.000,0.999
1781547462227240,normal,2126,96,8,1,Format1 ,0.519,1,73.611,0.503
1781547462244543,normal,2143,96,1,0,Format0 ,0.972,1,100.000,0.972
1781547462293275,normal,2191,96,6,0,Format0 ,0.998,1,100.000,0.998
1781547462339035,normal,2236,43597,8,1,Format2 ,0.505,2,75.694,0.460
1781547462349214,normal,2246,13279,8,1,Format2 ,0.462,2,70.833,0.412
1781547462354259,normal,2251,56915,6,1,Format2 ,0.515,2,77.778,0.470
1781547462363799,normal,2260,96,6,1,Format1 ,0.509,1,81.250,0.498
1781547462367470,normal,2264,749,2,1,Format2 ,0.506,2,76.389,0.410
1781547462368658,normal,2265,28594,2,0,Format0 ,0.959,2,97.222,0.911
1781547462372530,normal,2269,96,6,0,Format0 ,0.989,1,100.000,0.991
1781547462376624,normal,2273,96,1,0,Format0 ,0.919,1,100.000,0.919
1781547462381678,normal,2278,96,1,0,Format0 ,0.853,1,93.056,0.791
1781547462385747,normal,2282,96,7,0,Format0 ,1.051,1,91.667,0.951
1781547462392826,normal,2289,96,6,1,Format1 ,0.499,1,68.750,0.427
1781547462394848,normal,2291,96,6,0,Format0 ,1.005,1,100.000,1.005
1781547462399953,normal,2296,96,8,1,Format1 ,0.514,1,67.361,0.492
1781547462405014,normal,2301,96,6,1,Format1 ,0.588,1,72.222,0.500
1781547462466899,normal,2362,96,7,0,Format0 ,0.993,1,100.000,0.993
1781547462470971,normal,2366,96,9,0,Format0 ,0.995,1,100.000,0.995
1781547462579597,normal,2473,96,1,0,Format0 ,0.948,1,100.000,0.948
1781547462582656,normal,2476,96,8,1,Format1 ,0.603,1,72.917,0.496
1781547462584686,normal,2478,96,1,0,Format0 ,1.002,1,100.000,1.002
1781547462625314,normal,2518,96,1,0,Format0 ,0.960,1,100.000,0.960
1781547462632615,normal,2525,12129,2,1,Format0 ,0.938,2,83.333,0.625
1781547462634469,normal,2527,96,0,1,Format1 ,0.506,1,75.694,0.484
1781547462653787,normal,2546,96,8,0,Format0 ,0.999,1,95.833,0.963
1781547462663085,normal,2555,96,2,1,Format1 ,0.531,1,74.306,0.463
1781547462664944,normal,2557,96,0,1,Format1 ,0.526,1,75.694,0.503
1781547462674112,normal,2566,96,8,1,Format1 ,0.516,1,74.306,0.499
1781547462676140,normal,2568,96,2,1,Format1 ,0.522,1,73.611,0.499
1781547462678508,normal,2570,96,6,1,Format1 ,0.517,1,78.472,0.502
1781547462705656,normal,2597,96,0,1,Format1 ,0.557,1,75.000,0.452
1781547462757353,normal,2648,36457,2,1,Format2 ,0.519,2,77.083,0.473
1781547462773570,normal,2664,96,3,0,Format0 ,1.006,1,95.833,0.993
1781547462790127,normal,2680,96,7,0,Format0 ,1.051,1,100.000,1.051
1781547462795937,normal,2686,96,8,1,Format1 ,0.508,1,72.917,0.489
1781547462848756,normal,2738,96,1,0,Format0 ,1.000,1,100.000,1.000
1781547462851782,normal,2741,96,6,1,Format1 ,0.621,1,76.389,0.535
1781547462861964,normal,2751,18779,6,1,Format2 ,0.501,2,72.222,0.453
1781547462869078,normal,2758,96,1,0,Format0 ,0.985,1,100.000,0.985
1781547462875145,normal,2764,96,3,0,Format0 ,0.998,1,100.000,0.998
1781547462877179,normal,2766,96,8,1,Format1 ,0.507,1,75.000,0.490
1781547462882240,normal,2771,96,6,0,Format0 ,1.001,1,100.000,1.001
1781547462884274,normal,2773,96,1,0,Format0 ,0.995,1,100.000,0.995
1781547462886458,normal,2775,96,2,0,Format0 ,0.984,1,100.000,0.984
1781547462893408,normal,2782,96,7,0,Format0 ,0.951,1,98.611,0.948
1781547462895442,normal,2784,96,3,0,Format0 ,0.975,1,100.000,0.976
1781547462897499,normal,2786,96,8,1,Format1 ,0.516,1,78.472,0.501
1781547462900558,normal,2789,96,6,1,Format1 ,0.510,1,73.611,0.494
1781547462902577,normal,2791,26935,6,1,Format2 ,0.492,2,74.306,0.452
1781547462907647,normal,2796,96,8,0,Format0 ,0.776,1,91.667,0.740
1781547462913108,normal,2801,96,6,0,Format0 ,0.966,1,100.000,0.966
1781547462920820,normal,2809,96,6,0,Format0 ,1.006,1,100.000,1.006
1781547462927071,normal,2815,96,2,1,Format1 ,0.514,1,79.167,0.500
1781547462928952,normal,2817,29875,0,1,Format2 ,0.518,2,77.778,0.478
1781547462943143,normal,2831,96,6,1,Format1 ,0.518,1,72.917,0.503
1781547462980687,normal,2868,96,1,0,Format0 ,0.989,1,100.000,0.989
1781547462990845,normal,2878,96,1,0,Format0 ,0.991,1,100.000,0.991
1781547463059858,normal,2946,4593,8,1,Format2 ,0.523,2,74.306,0.469
1781547463072028,normal,2958,96,1,0,Format0 ,1.000,1,100.000,1.000
1781547463080177,normal,2966,96,8,1,Format1 ,0.516,1,77.083,0.495
1781547463090325,normal,2976,96,9,0,Format0 ,1.053,1,94.444,1.031
1781547463112659,normal,2998,96,1,0,Format0 ,0.932,1,100.000,0.932
1781547463115702,normal,3001,96,6,1,Format1 ,0.473,1,75.000,0.451
1781547463120768,normal,3006,96,8,1,Format1 ,0.550,1,80.556,0.484
1781547463131975,normal,3017,96,0,1,Format1 ,0.622,1,72.917,0.534
1781547463138073,normal,3023,26040,0,2,Format1C,0.390,1,59.028,0.182
1781547463149211,normal,3034,96,3,0,Format0 ,0.983,1,100.000,0.983
1781547463222296,normal,3106,96,8,0,Format0 ,0.943,1,94.444,0.875
1781547463241739,normal,3125,23386,2,0,Format0 ,0.920,2,97.222,0.865
1781547463248710,normal,3132,96,7,0,Format0 ,0.979,1,100.000,0.979
1781547463404391,normal,3285,23386,2,0,Format0 ,0.978,2,97.222,0.922
1781547463577758,normal,3456,436,8,1,Format2 ,0.530,2,77.778,0.479
1781547464012089,normal,3884,96,2,1,Format1 ,0.529,1,74.306,0.496
1781547578740736,normal,6035,48421,14,1,Format1C,1.798,1,66.667,1.152
1781547578885314,normal,6106,33495,22,1,Format1C,2.159,1,69.444,1.593
1781547579128111,normal,6233,31045,18,1,Format0 ,1.780,2,81.250,1.497
1781547579264099,normal,6300,61335,0,3,Format1 ,1.643,1,59.375,0.594
1781547579744106,normal,6540,13061,8,2,Format1C,0.851,1,57.639,0.476
1781547580024895,normal,6688,33617,8,3,Format1 ,0.512,1,62.153,0.220
1781547580445880,normal,6883,28160,30,1,Format1C,0.907,1,66.667,0.697
1781547580468804,normal,6894,38929,28,2,Format1C,0.502,1,59.375,0.250
1781547582625366,normal,9901,103,2,1,Format1A,0.509,1,73.611,0.496
1781547582627379,normal,9903,97,3,0,Format0 ,1.006,1,100.000,1.006
1781547582630420,normal,9906,97,9,0,Format0 ,0.991,1,100.000,0.991
1781547582633462,normal,9909,25099,0,1,Format2 ,0.512,2,75.000,0.468
1781547582650657,normal,9926,97,9,0,Format0 ,1.007,1,100.000,1.007
1781547582653678,normal,9929,49883,4,1,Format2 ,0.513,2,74.306,0.474
1781547582660824,normal,9936,97,9,0,Format0 ,0.992,1,100.000,0.992
1781547582665864,normal,9941,97,4,1,Format1 ,0.514,1,73.611,0.496
1781547582670933,normal,9946,97,9,0,Format0 ,1.008,1,100.000,1.008
1781547582672947,normal,9948,97,7,0,Format0 ,0.962,1,100.000,0.962
1781547582677020,normal,9952,11360,8,1,Format2 ,0.500,2,71.528,0.408
1781547582682070,normal,9957,97,9,0,Format0 ,0.991,1,100.000,0.991
1781547582691197,normal,9966,97,9,0,Format0 ,1.003,1,100.000,1.003
1781547582706400,normal,9981,97,4,1,Format1 ,0.510,1,75.694,0.500
1781547582711482,normal,9986,97,9,0,Format0 ,0.992,1,100.000,0.992
1781547582722633,normal,9997,97,9,0,Format0 ,1.001,1,100.000,1.001
1781547582726675,normal,10001,97,4,1,Format1 ,0.508,1,74.306,0.495
1781547582734762,normal,10009,97,0,1,Format1 ,0.511,1,75.694,0.495
1781547582736782,normal,10011,97,4,1,Format1 ,0.518,1,72.917,0.501
1781547582751976,normal,10026,97,9,0,Format0 ,0.993,1,100.000,0.993
1781547582757037,normal,10031,17389,4,1,Format2 ,0.514,2,72.222,0.393
1781547582764107,normal,10038,25697,6,1,Format2 ,0.513,2,70.833,0.389
1781547582767147,normal,10041,27539,4,1,Format2 ,0.514,2,72.222,0.482
1781547582774225,normal,10048,97,6,1,Format1 ,0.514,1,75.694,0.499
1781547582778287,normal,10052,97,8,0,Format0 ,0.923,1,100.000,0.923
1781547582780320,normal,10054,97,0,1,Format1 ,0.508,1,75.000,0.494
1781547582782361,normal,10056,97,9,0,Format0 ,0.989,1,100.000,0.989
1781547582789437,normal,10063,97,3,0,Format0 ,0.985,1,100.000,0.985
1781547582792466,normal,10066,97,9,0,Format0 ,0.986,1,100.000,0.986
1781547582797537,normal,10071,43517,4,2,Format2 ,0.515,2,71.875,0.348
1781547582807656,normal,10081,97,4,1,Format1 ,0.515,1,76.389,0.496
1781547583460982,normal,486,2,0,3,Format1A,0.515,1,76.042,0.498
1781547583474106,normal,499,6007,2,1,Format0 ,1.000,2,81.944,0.649
1781547583499447,normal,524,104,0,3,Format1A,1.001,1,100.000,1.001
1781547583519704,normal,544,104,0,3,Format1 ,0.999,1,100.000,0.999
1781548512948161,normal,6106,33495,22,1,Format1C,2.159,1,69.444,1.593
1781548513178256,normal,6230,19712,24,3,Format1C,1.064,1,55.035,0.416
1781548513286012,normal,6286,30354,8,1,Format1C,2.314,1,71.528,1.526
1781548514138236,normal,6730,5384,3,0,Format0 ,1.481,1,77.778,1.227
1781548514168552,normal,6749,9699,36,1,Format1C,2.093,1,64.583,1.603
1781548514372885,normal,6862,1614,2,1,Format0 ,1.558,1,75.694,1.237
1781548514428881,normal,6894,38929,28,2,Format1C,0.502,1,59.375,0.250
1781548516593552,normal,9901,103,2,1,Format1A,0.509,1,73.611,0.496
1781548516598627,normal,9906,97,9,0,Format0 ,0.991,1,100.000,0.991
1781548516600654,normal,9908,97,7,0,Format0 ,1.014,1,100.000,1.014
1781548516618931,normal,9926,97,9,0,Format0 ,1.007,1,100.000,1.007
1781548516622008,normal,9929,49883,4,1,Format2 ,0.513,2,74.306,0.474
1781548516624052,normal,9931,97,4,1,Format1 ,0.514,1,73.611,0.495
1781548516634173,normal,9941,97,4,1,Format1 ,0.514,1,73.611,0.496
1781548516639237,normal,9946,97,9,0,Format0 ,1.008,1,100.000,1.008
1781548516641264,normal,9948,97,7,0,Format0 ,0.962,1,100.000,0.962
1781548516650406,normal,9957,97,9,0,Format0 ,0.991,1,100.000,0.991
1781548516659536,normal,9966,97,9,0,Format0 ,1.003,1,100.000,1.003
1781548516674786,normal,9981,97,4,1,Format1 ,0.510,1,75.694,0.500
1781548516679856,normal,9986,97,9,0,Format0 ,0.992,1,100.000,0.992
1781548516690025,normal,9996,97,9,0,Format0 ,0.993,1,100.000,0.993
1781548516705283,normal,10011,97,4,1,Format1 ,0.518,1,72.917,0.501
1781548516720517,normal,10026,97,9,0,Format0 ,0.993,1,100.000,0.993
1781548516725580,normal,10031,17389,4,1,Format2 ,0.514,2,72.222,0.393
1781548516732683,normal,10038,25697,6,1,Format2 ,0.513,2,70.833,0.389
1781548516746897,normal,10052,97,8,0,Format0 ,0.923,1,100.000,0.923
1781548516748936,normal,10054,97,0,1,Format1 ,0.508,1,75.000,0.494
1781548516750967,normal,10056,97,9,0,Format0 ,0.989,1,100.000,0.989
1781548516759071,normal,10064,97,9,0,Format0 ,0.997,1,100.000,0.997
1781548516761093,normal,10066,97,9,0,Format0 ,0.986,1,100.000,0.986
1781548516766154,normal,10071,43517,4,2,Format2 ,0.515,2,71.875,0.348
1781548517431137,normal,486,2,0,3,Format1A,0.515,1,76.042,0.498
1781548517444345,normal,499,6007,2,1,Format0 ,1.000,2,81.944,0.649
1781548517469716,normal,524,104,0,3,Format1A,1.001,1,100.000,1.001
1781548517490030,normal,544,104,0,3,Format1 ,0.999,1,100.000,0.999
1781548517762218,normal,812,104,9,0,Format0 ,0.998,1,100.000,0.998
1781548519346144,normal,2372,104,9,0,Format0 ,0.949,1,98.611,0.949
1781548526824349,normal,9673,96,1,0,Format0 ,0.989,1,100.000,0.989
1781548526827398,normal,9676,96,9,0,Format0 ,0.991,1,100.000,0.991
1781548526837556,normal,9686,18248,8,1,Format2 ,0.527,2,66.667,0.379
1781548526958474,normal,9805,12129,2,1,Format0 ,0.982,2,83.333,0.656
1781548527243279,normal,10086,97,9,0,Format0 ,0.990,1,100.000,0.990
1781548527246351,normal,10089,97,4,1,Format1 ,0.508,1,71.528,0.490
1781548527246351,normal,10089,43123,2,0,Format0 ,0.988,2,97.222,0.929
1781548527248387,normal,10091,97,4,1,Format1 ,0.512,1,77.083,0.498
1781548527251424,normal,10094,97,9,0,Format0 ,0.998,1,100.000,0.998
1781548527257870,normal,10100,97,3,0,Format0 ,0.995,1,100.000,0.995
1781548527263542,normal,10106,97,9,0,Format0 ,1.009,1,100.000,1.009
1781548527266566,normal,10109,2400,0,1,Format2 ,0.525,2,72.917,0.477
1781548527268588,normal,10111,97,4,1,Format1 ,0.514,1,76.389,0.492
1781548527278748,normal,10121,25099,4,1,Format2 ,0.528,2,75.694,0.479
1781548527280758,normal,10123,97,3,0,Format0 ,0.993,1,100.000,0.993
1781548527283794,normal,10126,97,9,0,Format0 ,1.004,1,100.000,1.004
1781548527286823,normal,10129,97,0,1,Format1 ,0.526,1,77.083,0.502
1781548527290870,normal,10133,97,3,0,Format0 ,0.997,1,100.000,0.997
1781548527299008,normal,10141,13935,4,1,Format2 ,0.535,2,71.528,0.388
1781548527304071,normal,10146,97,9,0,Format0 ,1.007,1,100.000,1.007
1781548527307114,normal,10149,97,0,1,Format1 ,0.512,1,75.000,0.496
1781548527309152,normal,10151,25099,4,1,Format2 ,0.513,2,71.528,0.467
1781548527324396,normal,10166,97,9,0,Format0 ,0.995,1,100.000,0.995
1781548527327454,normal,10169,48239,0,1,Format2 ,0.517,2,71.528,0.416
1781548527330476,normal,10172,97,8,1,Format1 ,0.507,1,69.444,0.490
1781548527339577,normal,10181,10311,4,1,Format2 ,0.516,2,72.917,0.460
1781548527344639,normal,10186,97,9,0,Format0 ,0.995,1,100.000,0.995
1781548527347732,normal,10189,13935,0,1,Format2 ,0.508,2,72.222,0.387
1781548527349750,normal,10191,27539,4,1,Format2 ,0.518,2,70.833,0.486
1781548527359922,normal,10201,97,4,1,Format1 ,0.510,1,73.611,0.494
1781548527364977,normal,10206,97,9,0,Format0 ,0.985,1,100.000,0.985
1781548527385221,normal,10226,97,9,0,Format0 ,0.992,1,100.000,0.992
1781548527819429,normal,414,96,3,0,Format0 ,0.987,1,100.000,0.987
1781548527823530,normal,418,58759,2,1,Format2 ,0.513,2,71.528,0.420
1781548527831667,normal,426,96,8,1,Format1 ,0.573,1,79.167,0.475
1781548527833682,normal,428,96,1,0,Format0 ,0.970,1,100.000,0.970
1781548527881522,normal,475,96,2,0,Format0 ,0.992,1,100.000,0.992
1781548527883365,normal,477,61378,0,2,Format1 ,0.517,1,65.972,0.290
1781548527885384,normal,479,96,6,0,Format0 ,0.985,1,100.000,0.985
1781548527887412,normal,481,96,6,0,Format0 ,0.993,1,100.000,0.994
1781548527889429,normal,483,96,1,0,Format0 ,1.005,1,100.000,1.005
1781548527891610,normal,485,23386,2,0,Format0 ,0.995,2,97.222,0.942
1781548527895508,normal,489,43123,2,0,Format0 ,0.995,2,97.222,0.941
1781548527897538,normal,491,96,6,0,Format0 ,0.992,1,100.000,0.992
1781548527899552,normal,493,96,1,0,Format0 ,0.993,1,100.000,0.993
1781548527904655,normal,498,96,2,1,Format1 ,0.511,1,72.917,0.491
1781548527907050,normal,500,55904,6,1,Format2 ,0.506,2,70.139,0.437
1781548527912802,normal,506,59429,8,1,Format2 ,0.513,2,70.833,0.423
1781548527914819,normal,508,96,1,0,Format0 ,0.992,1,100.000,0.992
1781548527933087,normal,526,96,9,0,Format0 ,1.003,1,100.000,1.003
1781548527935115,normal,528,30888,0,3,Format1 ,0.330,1,60.243,0.135
1781548527947678,normal,540,96,6,0,Format0 ,1.013,1,100.000,1.013
1781548527950378,normal,543,96,1,0,Format0 ,1.004,1,100.000,1.004
1781548527953416,normal,546,23881,8,1,Format2 ,0.507,2,69.444,0.387
1781548527958507,normal,551,96,6,0,Format0 ,0.991,1,100.000,0.991
1781548527960529,normal,553,96,1,0,Format0 ,0.998,1,100.000,0.998
1781548527968667,normal,561,96,6,0,Format0 ,0.999,1,100.000,0.999
1781548527970699,normal,563,96,1,0,Format0 ,0.987,1,100.000,0.987
1781548527973738,normal,566,96,9,0,Format0 ,0.960,1,100.000,0.960
1781548527978831,normal,571,96,6,1,Format1 ,0.513,1,74.306,0.498
1781548527999177,normal,591,56915,6,1,Format2 ,0.517,2,77.778,0.473
1781548528020459,normal,612,96,7,0,Format0 ,1.005,1,100.000,1.005
1781548528021465,normal,613,96,1,0,Format0 ,0.989,1,100.000,0.989
1781548528033813,normal,625,50785,2,0,Format0 ,0.984,2,97.222,0.932
1781548528033813,normal,625,20580,3,0,Format0 ,0.979,1,81.944,0.642
1781548528056978,normal,648,96,2,1,Format1 ,0.523,1,73.611,0.488
1781548528059364,normal,650,27891,6,1,Format2 ,0.520,2,72.222,0.477
1781548528061029,normal,652,96,7,0,Format0 ,0.998,1,100.000,0.998
1781548528067126,normal,658,96,1,0,Format0 ,0.997,1,100.000,0.997
1781548528069504,normal,660,96,6,1,Format1 ,0.509,1,72.917,0.493
1781548528075215,normal,666,96,9,0,Format0 ,0.997,1,100.000,0.997
1781548528100693,normal,691,96,6,0,Format0 ,0.955,1,100.000,0.956
1781548528235628,normal,824,96,2,1,Format1 ,0.519,1,74.306,0.500
1781548528268033,normal,856,96,8,1,Format1 ,0.509,1,78.472,0.496
1781548528270055,normal,858,96,1,0,Format0 ,0.987,1,100.000,0.987
1781548528271068,normal,859,96,6,1,Format1 ,0.520,1,74.306,0.506
1781548528318781,normal,906,96,8,1,Format1 ,0.509,1,77.083,0.489
1781548528320804,normal,908,96,1,0,Format0 ,0.996,1,100.000,0.996
1781548528323847,normal,911,11984,6,1,Format2 ,0.495,2,69.444,0.427
1781548528371481,normal,958,96,1,0,Format0 ,1.000,1,100.000,1.000
1781548528489743,normal,1074,96,2,0,Format0 ,0.964,1,95.833,0.933
1781548528504720,normal,1089,96,6,1,Format1 ,0.499,1,72.222,0.482
1781548528519915,normal,1104,96,2,0,Format0 ,1.012,1,97.222,0.997
1781548528521917,normal,1106,96,8,1,Format1 ,0.499,1,70.833,0.477
1781548528523952,normal,1108,96,1,0,Format0 ,0.994,1,100.000,0.994
1781548528527006,normal,1111,96,6,1,Format1 ,0.510,1,71.528,0.487
1781548528545758,normal,1129,43123,2,0,Format0 ,0.996,2,97.222,0.944
1781548528545758,normal,1129,15308,3,0,Format0 ,0.995,2,91.667,0.829
1781548528713920,normal,1294,96,2,0,Format0 ,0.947,1,91.667,0.908
1781548528806221,normal,1385,28594,2,0,Format0 ,0.989,2,97.222,0.931
1781548529029466,normal,1605,23386,2,0,Format0 ,0.992,2,97.222,0.936
1781548529049780,normal,1625,28594,2,0,Format0 ,0.989,2,97.222,0.933
1781548529070076,normal,1645,12129,2,1,Format0 ,0.988,2,83.333,0.657
1781548529110651,normal,1685,55259,2,1,Format0 ,0.940,2,79.167,0.556
1781548529313497,normal,1884,96,2,1,Format1 ,0.464,1,71.528,0.444
1781548529424326,normal,1993,16355,0,2,Format1 ,0.387,1,62.847,0.242
1781548529465070,normal,2033,96,1,0,Format0 ,1.023,1,100.000,1.023
1781548529478247,normal,2046,96,9,0,Format0 ,0.993,1,100.000,0.993
1781548529480264,normal,2048,96,1,0,Format0 ,0.990,1,100.000,0.990
1781548529498583,normal,2066,96,8,1,Format1 ,0.583,1,74.306,0.474
1781548529500605,normal,2068,96,1,0,Format0 ,0.977,1,100.000,0.977
1781548529503642,normal,2071,96,6,1,Format1 ,0.518,1,77.778,0.506
1781548529518893,normal,2086,96,8,1,Format1 ,0.507,1,70.833,0.482
1781548529524980,normal,2092,96,7,0,Format0 ,0.971,1,100.000,0.971
1781548529533517,normal,2100,96,7,0,Format0 ,0.986,1,100.000,0.986
1781548529539217,normal,2106,18412,8,1,Format2 ,0.513,2,72.222,0.458
1781548529551435,normal,2118,96,1,0,Format0 ,0.999,1,100.000,0.999
1781548529559572,normal,2126,96,8,1,Format1 ,0.519,1,73.611,0.503
1781548529576818,normal,2143,96,1,0,Format0 ,0.972,1,100.000,0.972
1781548529584363,normal,2150,96,7,0,Format0 ,1.003,1,100.000,1.003
1781548529625516,normal,2191,96,6,0,Format0 ,0.998,1,100.000,0.998
1781548529627554,normal,2193,96,1,0,Format0 ,0.979,1,100.000,0.979
1781548529671254,normal,2236,43597,8,1,Format2 ,0.505,2,75.694,0.460
1781548529681424,normal,2246,13279,8,1,Format2 ,0.462,2,70.833,0.412
1781548529686485,normal,2251,56915,6,1,Format2 ,0.515,2,77.778,0.470
1781548529695951,normal,2260,96,6,1,Format1 ,0.509,1,81.250,0.498
1781548529699713,normal,2264,749,2,1,Format2 ,0.506,2,76.389,0.410
1781548529700900,normal,2265,28594,2,0,Format0 ,0.959,2,97.222,0.911
1781548529703756,normal,2268,44773,2,1,Format2 ,0.506,2,72.917,0.411
1781548529706187,normal,2270,96,6,0,Format0 ,0.932,1,100.000,0.932
1781548529708843,normal,2273,96,1,0,Format0 ,0.919,1,100.000,0.919
1781548529711016,normal,2275,3668,0,3,Format2 ,0.314,2,59.028,0.175
1781548529713884,normal,2278,96,1,0,Format0 ,0.853,1,93.056,0.791
1781548529727170,normal,2291,96,6,0,Format0 ,1.005,1,100.000,1.005
1781548529737323,normal,2301,96,6,1,Format1 ,0.588,1,72.222,0.500
1781548529740382,normal,2304,96,2,1,Format1 ,0.525,1,78.472,0.507
1781548529798209,normal,2361,96,6,0,Format0 ,0.988,1,100.000,0.988
1781548529803268,normal,2366,96,9,0,Format0 ,0.995,1,100.000,0.995
1781548529822688,normal,2385,50785,2,0,Format0 ,1.012,2,97.222,0.958
1781548529914944,normal,2476,96,8,1,Format1 ,0.603,1,72.917,0.496
1781548529916960,normal,2478,96,1,0,Format0 ,1.002,1,100.000,1.002
1781548529957514,normal,2518,96,1,0,Format0 ,0.960,1,100.000,0.960
1781548529974808,normal,2528,96,1,0,Format0 ,0.994,1,100.000,0.994
1781548529993127,normal,2546,96,8,0,Format0 ,0.999,1,95.833,0.963
1781548530002523,normal,2555,96,2,1,Format1 ,0.531,1,74.306,0.463
1781548530004355,normal,2557,96,0,1,Format1 ,0.526,1,75.694,0.503
1781548530013572,normal,2566,96,8,1,Format1 ,0.516,1,74.306,0.499
1781548530015590,normal,2568,96,2,1,Format1 ,0.522,1,73.611,0.499
1781548530017923,normal,2570,96,6,1,Format1 ,0.517,1,78.472,0.502
1781548530045050,normal,2597,96,0,1,Format1 ,0.557,1,75.000,0.452
1781548530097309,normal,2648,36457,2,1,Format2 ,0.519,2,77.083,0.473
1781548530113591,normal,2664,96,3,0,Format0 ,1.006,1,95.833,0.993
1781548530130175,normal,2680,96,7,0,Format0 ,1.051,1,100.000,1.051
1781548530131932,normal,2682,96,7,0,Format0 ,0.997,1,100.000,0.997
1781548530135973,normal,2686,96,8,1,Format1 ,0.508,1,72.917,0.489
1781548530188725,normal,2738,96,1,0,Format0 ,1.000,1,100.000,1.000
1781548530191134,normal,2740,96,6,1,Format1 ,0.505,1,71.528,0.488
1781548530198899,normal,2748,96,1,0,Format0 ,0.990,1,100.000,0.990
1781548530201922,normal,2751,18779,6,1,Format2 ,0.501,2,72.222,0.453
1781548530209054,normal,2758,96,1,0,Format0 ,0.985,1,100.000,0.985
1781548530215130,normal,2764,96,3,0,Format0 ,0.998,1,100.000,0.998
1781548530217156,normal,2766,96,8,1,Format1 ,0.507,1,75.000,0.490
1781548530222214,normal,2771,96,6,0,Format0 ,1.001,1,100.000,1.001
1781548530225258,normal,2774,9958,2,1,Format2 ,0.518,2,72.917,0.474
1781548530229348,normal,2778,96,1,0,Format0 ,0.972,1,100.000,0.972
1781548530233418,normal,2782,96,7,0,Format0 ,0.951,1,98.611,0.948
1781548530235440,normal,2784,96,3,0,Format0 ,0.975,1,100.000,0.976
1781548530237474,normal,2786,96,8,1,Format1 ,0.516,1,78.472,0.501
1781548530240503,normal,2789,96,6,1,Format1 ,0.510,1,73.611,0.494
1781548530242516,normal,2791,26935,6,1,Format2 ,0.492,2,74.306,0.452
1781548530247645,normal,2796,96,8,0,Format0 ,0.776,1,91.667,0.740
1781548530253540,normal,2801,96,6,0,Format0 ,0.966,1,100.000,0.966
1781548530261673,normal,2809,96,6,0,Format0 ,1.006,1,100.000,1.006
1781548530267935,normal,2815,96,2,1,Format1 ,0.514,1,79.167,0.500
1781548530268770,normal,2816,96,8,1,Format1 ,0.499,1,74.306,0.485
1781548530269770,normal,2817,29875,0,1,Format2 ,0.518,2,77.778,0.478
1781548530283986,normal,2831,96,6,1,Format1 ,0.518,1,72.917,0.503
1781548530321569,normal,2868,96,1,0,Format0 ,0.989,1,100.000,0.989
1781548530400943,normal,2946,4593,8,1,Format2 ,0.523,2,74.306,0.469
1781548530413074,normal,2958,96,1,0,Format0 ,1.000,1,100.000,1.000
1781548530421221,normal,2966,96,8,1,Format1 ,0.516,1,77.083,0.495
1781548530431445,normal,2976,96,9,0,Format0 ,1.053,1,94.444,1.031
1781548530456809,normal,3001,96,6,1,Format1 ,0.473,1,75.000,0.451
1781548530457818,normal,3002,96,7,0,Format0 ,0.940,1,100.000,0.940
1781548530461857,normal,3006,96,8,1,Format1 ,0.550,1,80.556,0.484
1781548530473108,normal,3017,96,0,1,Format1 ,0.622,1,72.917,0.534
1781548530479155,normal,3023,26040,0,2,Format1C,0.390,1,59.028,0.182
1781548530487312,normal,3031,96,6,0,Format0 ,0.918,1,100.000,0.918
1781548530489324,normal,3033,96,1,0,Format0 ,1.004,1,100.000,1.004
1781548530491522,normal,3035,96,2,0,Format0 ,0.983,1,100.000,0.983
1781548530563521,normal,3106,96,8,0,Format0 ,0.943,1,94.444,0.875
1781548530582993,normal,3125,23386,2,0,Format0 ,0.920,2,97.222,0.865
1781548530746066,normal,3285,23386,2,0,Format0 ,0.978,2,97.222,0.922
1781548533488191,normal,5986,96,8,1,Format1 ,0.512,1,72.917,0.491
1781548533592759,normal,6089,43123,2,0,Format0 ,0.997,2,97.222,0.943
1781548533612072,normal,6108,96,1,0,Format0 ,0.988,1,100.000,0.988
1781548533630342,normal,6126,50939,8,1,Format2 ,0.515,2,76.389,0.474
1781548533736853,normal,6231,9056,6,1,Format2 ,0.511,2,70.833,0.413
1781548535584507,normal,8045,12129,2,1,Format0 ,0.991,2,83.333,0.661
1781548535605776,normal,8066,11390,8,1,Format2 ,0.521,2,79.167,0.481
1781548535626044,normal,8086,40575,8,1,Format2 ,0.521,2,74.306,0.461
1781548535648281,normal,8108,25744,0,2,Format1A,0.480,1,64.931,0.286
1781548535655553,normal,8115,96,2,0,Format0 ,0.987,1,100.000,0.987
1781548535666490,normal,8126,5093,8,1,Format2 ,0.512,2,75.694,0.467
1781548535694883,normal,8154,96,2,1,Format1 ,0.512,1,73.611,0.490
1781548535701989,normal,8161,5093,6,1,Format2 ,0.511,2,71.528,0.465
1781548535752750,normal,8211,96,6,1,Format1 ,0.513,1,74.306,0.493
1781548536437062,normal,8886,2,0,3,Format1A,0.521,1,75.347,0.501
1781548536558793,normal,9006,105,9,0,Format0 ,0.967,1,100.000,0.967
1781548536781594,normal,9226,96,8,1,Format1 ,0.512,1,73.611,0.490
1781548537248436,normal,9686,97,9,0,Format0 ,0.982,1,100.000,0.982
1781548537251468,normal,9689,5322,0,1,Format2 ,0.516,2,72.917,0.430
1781548537268715,normal,9706,97,9,0,Format0 ,0.986,1,100.000,0.986
1781548537271740,normal,9709,97,0,1,Format1 ,0.514,1,73.611,0.493
1781548537273756,normal,9711,97,4,1,Format1 ,0.509,1,77.778,0.491
1781548537288958,normal,9726,97,9,0,Format0 ,0.979,1,100.000,0.979
1781548537292002,normal,9729,97,0,1,Format1 ,0.534,1,79.167,0.512
1781548537309239,normal,9746,97,9,0,Format0 ,0.968,1,98.611,0.968
1781548537312268,normal,9749,97,0,2,Format1 ,0.304,1,66.319,0.258
1781548537314280,normal,9751,97,4,1,Format1 ,0.522,1,73.611,0.493
1781548537318517,normal,9755,97,3,0,Format0 ,0.986,1,100.000,0.986
1781548537329561,normal,9766,97,9,0,Format0 ,0.992,1,100.000,0.992
1781548537332626,normal,9769,97,4,1,Format1 ,0.509,1,79.167,0.496
1781548537332626,normal,9769,43123,2,0,Format0 ,0.994,2,97.222,0.943
1781548537334654,normal,9771,97,4,1,Format1 ,0.507,1,78.472,0.495
1781548537344820,normal,9781,9864,4,1,Format2 ,0.517,2,76.389,0.472
1781548537349914,normal,9786,97,9,0,Format0 ,0.991,1,100.000,0.991
1781548537352951,normal,9789,97,0,1,Format1 ,0.519,1,79.861,0.509
1781548537354997,normal,9791,97,4,1,Format1 ,0.529,1,69.444,0.506
1781548537370218,normal,9806,97,9,0,Format0 ,1.002,1,100.000,1.002
1781548537373249,normal,9809,97,0,1,Format1 ,0.516,1,71.528,0.498
1781548537375283,normal,9811,97,4,1,Format1 ,0.522,1,72.917,0.499
1781548537390545,normal,9826,97,9,0,Format0 ,0.988,1,100.000,0.988
1781548539810626,normal,1966,97,9,0,Format0 ,1.009,1,100.000,1.009
1781548539850501,normal,2005,55259,2,1,Format0 ,0.970,2,79.167,0.589
1781548539891995,normal,2046,97,9,0,Format0 ,0.990,1,100.000,0.990
1781548543841873,normal,5928,96,1,0,Format0 ,1.002,1,100.000,1.002
1781548547289307,normal,9326,97,9,0,Format0 ,0.998,1,100.000,0.998
1781548547292351,normal,9329,97,0,1,Format1 ,0.524,1,76.389,0.508
1781548547299494,normal,9336,97,9,0,Format0 ,0.916,1,98.611,0.907
1781548547306604,normal,9343,97,3,0,Format0 ,0.998,1,100.000,0.998
1781548547309649,normal,9346,97,9,0,Format0 ,0.990,1,100.000,0.990
1781548547312694,normal,9349,18302,0,1,Format2 ,0.519,2,74.306,0.475
1781548547314724,normal,9351,7613,4,1,Format2 ,0.512,2,81.944,0.474
1781548547329970,normal,9366,97,9,0,Format0 ,0.983,1,100.000,0.983
1781548547333009,normal,9369,47004,0,1,Format2 ,0.513,2,74.306,0.416
1781548547335046,normal,9371,45788,4,1,Format2 ,0.514,2,77.778,0.471
1781548547350299,normal,9386,97,9,0,Format0 ,0.995,1,100.000,0.995
1781548547353332,normal,9389,97,0,1,Format1 ,0.513,1,79.861,0.498
1781548547355366,normal,9391,97,4,1,Format1 ,0.509,1,75.000,0.490
1781548547370566,normal,9406,97,9,0,Format0 ,0.978,1,100.000,0.978
1781548547385846,normal,9421,97,4,1,Format1 ,0.515,1,74.306,0.495
1781548547390939,normal,9426,97,9,0,Format0 ,0.994,1,100.000,0.994
1781548547393980,normal,9429,97,0,1,Format1 ,0.507,1,75.694,0.490
1781548547396016,normal,9431,97,4,1,Format1 ,0.514,1,75.000,0.496
1781548547405418,normal,9440,97,3,0,Format0 ,0.701,1,100.000,0.701
1781548547407194,normal,9442,97,8,1,Format1 ,0.577,1,74.306,0.468
1781548547411256,normal,9446,97,9,0,Format0 ,0.994,1,100.000,0.994
1781548547414323,normal,9449,43556,4,1,Format2 ,0.522,2,73.611,0.475
1781548547414323,normal,9449,43123,2,0,Format0 ,0.994,2,97.222,0.939
1781548547416354,normal,9451,6654,4,1,Format2 ,0.515,2,72.917,0.468
1781548547425827,normal,9460,97,3,0,Format0 ,0.952,1,100.000,0.952
1781548547429545,normal,9464,97,9,0,Format0 ,0.993,1,100.000,0.993
1781548547431563,normal,9466,97,9,0,Format0 ,0.989,1,100.000,0.989
1781548547434613,normal,9469,15856,0,1,Format2 ,0.511,2,75.000,0.470
1781548547436639,normal,9471,45087,4,1,Format2 ,0.505,2,72.222,0.461
1781548547451905,normal,9486,97,9,0,Format0 ,0.996,1,100.000,0.996
1781548548816477,normal,588,96,1,0,Format0 ,0.988,1,100.000,0.988
1781548548897086,normal,602,96,7,0,Format0 ,0.995,1,100.000,0.995
1781548551340604,normal,3006,96,8,1,Format1 ,0.511,1,75.694,0.489
1781548553372629,normal,5006,96,8,1,Format1 ,0.526,1,77.778,0.504
1781548557507979,normal,9006,97,9,0,Format0 ,0.986,1,100.000,0.986
1781548557509997,normal,9008,97,7,0,Format0 ,0.993,1,100.000,0.993
1781548557512321,normal,9010,97,3,0,Format0 ,0.990,1,100.000,0.990
1781548557528246,normal,9026,97,9,0,Format0 ,0.987,1,100.000,0.987
1781548557548530,normal,9046,97,9,0,Format0 ,1.004,1,100.000,1.004
1781548557551567,normal,9049,45087,0,1,Format2 ,0.514,2,70.833,0.470
1781548557553611,normal,9051,97,4,1,Format1 ,0.510,1,77.778,0.499
1781548557564761,normal,9062,97,8,1,Format1 ,0.509,1,75.000,0.491
1781548557568833,normal,9066,97,9,0,Format0 ,0.989,1,100.000,0.989
1781548557573890,normal,9071,7613,4,1,Format2 ,0.510,2,79.861,0.469
1781548557589101,normal,9086,97,9,0,Format0 ,0.984,1,100.000,0.984
1781548557592164,normal,9089,97,0,1,Format1 ,0.521,1,66.667,0.482
1781548557604402,normal,9101,3657,4,1,Format2 ,0.503,2,75.000,0.458
1781548557609431,normal,9106,97,9,0,Format0 ,0.999,1,100.000,0.999
1781548557612462,normal,9109,97,0,1,Format1 ,0.518,1,73.611,0.497
1781548557614482,normal,9111,97,4,1,Format1 ,0.513,1,73.611,0.485
1781548557629705,normal,9126,97,9,0,Format0 ,0.994,1,100.000,0.994
1781548557632734,normal,9129,7884,4,1,Format2 ,0.523,2,65.278,0.472
1781548557632734,normal,9129,43123,2,0,Format0 ,0.996,2,97.222,0.945
1781548557649982,normal,9146,97,9,0,Format0 ,0.999,1,100.000,0.999
1781548557690621,normal,9186,97,9,0,Format0 ,0.992,1,100.000,0.992
1781548560592197,normal,1738,96,2,1,Format1 ,0.514,1,73.611,0.494
1781548560600310,normal,1746,96,9,0,Format0 ,1.001,1,100.000,1.001
1781548560625004,normal,1770,96,7,0,Format0 ,0.996,1,100.000,0.996
1781548560635870,normal,1781,96,6,0,Format0 ,0.987,1,100.000,0.987
1781548560637881,normal,1783,96,1,0,Format0 ,0.987,1,100.000,0.987
1781548560640121,normal,1785,28594,2,0,Format0 ,0.998,2,97.222,0.942
1781548560646052,normal,1791,96,6,0,Format0 ,0.997,1,100.000,0.997
1781548560689815,normal,1834,96,3,0,Format0 ,0.985,1,100.000,0.985
1781548560697925,normal,1842,96,8,1,Format1 ,0.525,1,75.694,0.506
1781548560699949,normal,1844,96,3,0,Format0 ,0.995,1,100.000,0.995
1781548560701977,normal,1846,96,9,0,Format0 ,0.994,1,100.000,0.994
1781548560717220,normal,1861,96,6,0,Format0 ,0.933,1,100.000,0.934
1781548560783232,normal,1926,96,8,1,Format1 ,0.510,1,72.917,0.494
1781548560803476,normal,1946,58592,8,1,Format2 ,0.533,2,67.361,0.431
1781548560930249,normal,2071,47785,6,1,Format2 ,0.518,2,72.917,0.432
1781548560945491,normal,2086,96,8,1,Format1 ,0.513,1,76.389,0.486
1781548560970871,normal,2111,33348,6,1,Format2 ,0.511,2,69.444,0.461
1781548560977978,normal,2118,96,1,0,Format0 ,0.990,1,100.000,0.990
1781548561006353,normal,2146,96,8,1,Format1 ,0.503,1,74.306,0.483
1781548561008415,normal,2148,96,1,0,Format0 ,0.990,1,100.000,0.990
1781548561011433,normal,2151,96,6,1,Format1 ,0.513,1,76.389,0.496
1781548561048914,normal,2188,96,1,0,Format0 ,1.002,1,100.000,1.002
1781548561082337,normal,2221,60215,6,1,Format2 ,0.514,2,75.694,0.462
1781548561087404,normal,2226,55898,8,1,Format2 ,0.520,2,73.611,0.464
1781548561396865,normal,2531,96,6,0,Format0 ,0.994,1,100.000,0.994
1781548562003179,normal,3129,5093,6,1,Format2 ,0.512,2,72.222,0.467
1781548562101655,normal,3226,43662,8,1,Format2 ,0.500,2,68.056,0.418
1781548562121941,normal,3246,96,8,1,Format1 ,0.522,1,77.778,0.504
1781548562124964,normal,3249,96,6,0,Format0 ,0.990,1,100.000,0.990
1781548562219497,normal,3342,96,7,0,Format0 ,0.982,1,100.000,0.982
1781548562223554,normal,3346,96,8,1,Format1 ,0.505,1,79.861,0.495
1781548562259144,normal,3381,96,6,1,Format1 ,0.515,1,75.000,0.496
1781548562314214,normal,3435,27891,2,1,Format2 ,0.513,2,75.000,0.470
1781548562317105,normal,3438,96,1,0,Format0 ,0.997,1,100.000,0.997
1781548562325221,normal,3446,325,8,1,Format2 ,0.517,2,69.444,0.408
1781548562327242,normal,3448,96,1,0,Format0 ,0.991,1,100.000,0.991
1781548562381168,normal,3501,44956,6,1,Format2 ,0.503,1,73.611,0.462
1781548562386262,normal,3506,51209,8,1,Format2 ,0.502,2,70.139,0.458
1781548562416822,normal,3536,96,8,1,Format1 ,0.514,1,75.000,0.494
1781548562447350,normal,3566,62626,8,1,Format2 ,0.511,2,69.444,0.411
1781548562469789,normal,3588,96,1,0,Format0 ,1.010,1,100.000,1.010
1781548562514368,normal,3632,96,7,0,Format0 ,0.984,1,100.000,0.984
1781548562520470,normal,3638,96,1,0,Format0 ,0.988,1,100.000,0.988
1781548563524251,normal,4626,96,8,0,Format0 ,0.912,1,100.000,0.913
1781548563585253,normal,4686,38230,8,1,Format2 ,0.517,2,73.611,0.432
1781548563666738,normal,4766,96,8,1,Format1 ,0.511,1,76.389,0.495
1781548564081815,normal,5109,96,6,1,Format1 ,0.510,1,79.167,0.500
1781548564119502,normal,5146,2,0,3,Format1A,0.637,1,75.521,0.489
1781548564180799,normal,5206,106,0,1,Format1A,0.511,1,73.611,0.489
1781548564182819,normal,5208,96,1,0,Format0 ,1.008,1,100.000,1.008
1781548564201178,normal,5226,97,9,0,Format0 ,0.985,1,100.000,0.985
1781548564226730,normal,5251,63415,4,1,Format2 ,0.515,2,64.583,0.398
1781548564303112,normal,5326,97,9,0,Format0 ,0.992,1,100.000,0.992
1781548564445381,normal,5466,47634,4,1,Format2 ,0.509,2,70.833,0.381
1781548564569326,normal,5588,96,1,0,Format0 ,0.997,1,100.000,0.997
1781548565196079,normal,6206,107,4,1,Format1 ,0.519,1,77.083,0.502
1781548565216329,normal,6226,107,4,1,Format1 ,0.513,1,75.694,0.497
1781548567691562,normal,8660,97,3,0,Format0 ,0.992,1,100.000,0.992
1781548567697301,normal,8666,97,9,0,Format0 ,1.007,1,100.000,1.007
1781548567700345,normal,8669,17389,0,1,Format2 ,0.513,2,70.833,0.388
1781548567712568,normal,8681,97,4,1,Format1 ,0.513,1,73.611,0.493
1781548567717634,normal,8686,97,9,0,Format0 ,0.996,1,100.000,0.996
1781548567720643,normal,8689,97,0,1,Format1 ,0.516,1,77.083,0.498
1781548567722671,normal,8691,952,4,1,Format2 ,0.521,2,72.222,0.475
1781548567732823,normal,8701,25099,4,1,Format2 ,0.507,2,76.389,0.467
1781548567737911,normal,8706,97,9,0,Format0 ,0.993,1,100.000,0.993
1781548567740950,normal,8709,97,0,1,Format1 ,0.508,1,77.778,0.495
1781548567742977,normal,8711,97,4,1,Format1 ,0.510,1,72.917,0.495
1781548567758279,normal,8726,97,9,0,Format0 ,0.995,1,100.000,0.995
1781548567761320,normal,8729,97,0,1,Format1 ,0.518,1,69.444,0.498
1781548567763393,normal,8731,27539,4,1,Format2 ,0.509,2,75.000,0.482
1781548567778687,normal,8746,97,9,0,Format0 ,0.999,1,100.000,0.999
1781548567781749,normal,8749,13082,0,1,Format2 ,0.512,2,70.833,0.414
1781548567783781,normal,8751,5474,4,1,Format2 ,0.509,2,79.167,0.457
1781548567788897,normal,8756,97,9,0,Format0 ,0.987,1,100.000,0.987
1781548567799100,normal,8766,97,9,0,Format0 ,0.996,1,100.000,0.996
1781548567803456,normal,8770,97,3,0,Format0 ,0.993,1,100.000,0.993
1781548567839797,normal,8806,97,9,0,Format0 ,0.995,1,100.000,0.995
1781548569226860,normal,10108,96,1,0,Format0 ,0.995,1,100.000,0.995
1781548569277745,normal,10158,96,1,0,Format0 ,1.008,1,100.000,1.008
1781548874589520,normal,6068,7362,6,1,Format2 ,2.172,2,81.250,1.779
1781548874827962,normal,6190,52170,8,2,Format1C,1.040,1,61.458,0.646
1781548874976976,normal,6269,30528,18,1,Format1C,2.473,1,66.667,1.707
1781548875356116,normal,6468,16583,0,3,Format1C,1.588,1,60.069,0.555
1781548875362804,normal,6471,40017,30,1,Format1C,1.034,1,70.139,0.608
1781548875390146,normal,6487,14111,30,1,Format1C,1.505,1,63.889,1.130
1781548875434507,normal,6509,26745,34,1,Format1C,2.016,1,61.806,1.404
1781548876063668,normal,6812,37340,0,3,Format1C,0.708,1,57.812,0.195
1781548876070341,normal,6817,33885,0,1,Format1C,2.007,1,70.833,1.186
1781548878363467,normal,9901,103,2,1,Format1A,0.509,1,73.611,0.496
1781548878365489,normal,9903,97,3,0,Format0 ,1.006,1,100.000,1.006
1781548878368532,normal,9906,97,9,0,Format0 ,0.991,1,100.000,0.991
1781548878371580,normal,9909,25099,0,1,Format2 ,0.512,2,75.000,0.468
1781548878388938,normal,9926,97,9,0,Format0 ,1.007,1,100.000,1.007
1781548878391936,normal,9929,49883,4,1,Format2 ,0.513,2,74.306,0.474
1781548878393972,normal,9931,97,4,1,Format1 ,0.514,1,73.611,0.495
1781548878404090,normal,9941,97,4,1,Format1 ,0.514,1,73.611,0.496
1781548878409176,normal,9946,97,9,0,Format0 ,1.008,1,100.000,1.008
1781548878411187,normal,9948,97,7,0,Format0 ,0.962,1,100.000,0.962
1781548878420297,normal,9957,97,9,0,Format0 ,0.991,1,100.000,0.991
1781548878429426,normal,9966,97,9,0,Format0 ,1.003,1,100.000,1.003
1781548878444676,normal,9981,97,4,1,Format1 ,0.510,1,75.694,0.500
1781548878449722,normal,9986,97,9,0,Format0 ,0.992,1,100.000,0.992
1781548878451756,normal,9988,97,7,0,Format0 ,0.997,1,100.000,0.997
1781548878454200,normal,9990,97,3,0,Format0 ,0.992,1,100.000,0.992
1781548878464928,normal,10001,97,4,1,Format1 ,0.508,1,74.306,0.495
1781548878473066,normal,10009,97,0,1,Format1 ,0.511,1,75.694,0.495
1781548878475089,normal,10011,97,4,1,Format1 ,0.518,1,72.917,0.501
1781548878480184,normal,10016,97,9,0,Format0 ,1.004,1,100.000,1.004
1781548878490348,normal,10026,97,9,0,Format0 ,0.993,1,100.000,0.993
1781548878495403,normal,10031,17389,4,1,Format2 ,0.514,2,72.222,0.393
1781548878502500,normal,10038,25697,6,1,Format2 ,0.513,2,70.833,0.389
1781548878505563,normal,10041,27539,4,1,Format2 ,0.514,2,72.222,0.482
1781548878516687,normal,10052,97,8,0,Format0 ,0.923,1,100.000,0.923
1781548878518716,normal,10054,97,0,1,Format1 ,0.508,1,75.000,0.494
1781548878520755,normal,10056,97,9,0,Format0 ,0.989,1,100.000,0.989
1781548878527849,normal,10063,97,3,0,Format0 ,0.985,1,100.000,0.985
1781548878530888,normal,10066,97,9,0,Format0 ,0.986,1,100.000,0.986
1781548878535970,normal,10071,43517,4,2,Format2 ,0.515,2,71.875,0.348
1781548879200367,normal,486,2,0,3,Format1A,0.515,1,76.042,0.498
1781548879213573,normal,499,6007,2,1,Format0 ,1.000,2,81.944,0.649
1781548879238921,normal,524,104,0,3,Format1A,1.001,1,100.000,1.001
1781548879259270,normal,544,104,0,3,Format1 ,0.999,1,100.000,0.999
1781548881121691,normal,2372,104,9,0,Format0 ,0.949,1,98.611,0.949
1781548888608612,normal,9686,18248,8,1,Format2 ,0.527,2,66.667,0.379
1781548888718105,normal,9794,96,2,1,Format1 ,0.510,1,72.917,0.492
1781548888729401,normal,9805,12129,2,1,Format0 ,0.982,2,83.333,0.656
1781548889014698,normal,10086,97,9,0,Format0 ,0.990,1,100.000,0.990
1781548889017734,normal,10089,97,4,1,Format1 ,0.508,1,71.528,0.490
1781548889017734,normal,10089,43123,2,0,Format0 ,0.988,2,97.222,0.929
1781548889019770,normal,10091,97,4,1,Format1 ,0.512,1,77.083,0.498
1781548889029926,normal,10101,25099,4,1,Format2 ,0.507,2,71.528,0.463
1781548889032967,normal,10104,97,9,0,Format0 ,0.987,1,100.000,0.987
1781548889034997,normal,10106,97,9,0,Format0 ,1.009,1,100.000,1.009
1781548889038040,normal,10109,2400,0,1,Format2 ,0.525,2,72.917,0.477
1781548889040069,normal,10111,97,4,1,Format1 ,0.514,1,76.389,0.492
1781548889047188,normal,10118,9864,6,1,Format2 ,0.507,2,77.083,0.472
1781548889049494,normal,10120,97,3,0,Format0 ,0.999,1,100.000,0.999
1781548889052275,normal,10123,97,3,0,Format0 ,0.993,1,100.000,0.993
1781548889055304,normal,10126,97,9,0,Format0 ,1.004,1,100.000,1.004
1781548889058332,normal,10129,97,0,1,Format1 ,0.526,1,77.083,0.502
1781548889063405,normal,10134,97,9,0,Format0 ,0.996,1,100.000,0.996
1781548889070529,normal,10141,13935,4,1,Format2 ,0.535,2,71.528,0.388
1781548889075604,normal,10146,97,9,0,Format0 ,1.007,1,100.000,1.007
1781548889078641,normal,10149,97,0,1,Format1 ,0.512,1,75.000,0.496
1781548889080663,normal,10151,25099,4,1,Format2 ,0.513,2,71.528,0.467
1781548889086769,normal,10157,97,9,0,Format0 ,1.001,1,100.000,1.001
1781548889095925,normal,10166,97,9,0,Format0 ,0.995,1,100.000,0.995
1781548889099023,normal,10169,48239,0,1,Format2 ,0.517,2,71.528,0.416
1781548889111231,normal,10181,10311,4,1,Format2 ,0.516,2,72.917,0.460
1781548889116288,normal,10186,97,9,0,Format0 ,0.995,1,100.000,0.995
1781548889119336,normal,10189,13935,0,1,Format2 ,0.508,2,72.222,0.387
1781548889121365,normal,10191,27539,4,1,Format2 ,0.518,2,70.833,0.486
1781548889131520,normal,10201,97,4,1,Format1 ,0.510,1,73.611,0.494
1781548889136583,normal,10206,97,9,0,Format0 ,0.985,1,100.000,0.985
1781548889156916,normal,10226,97,9,0,Format0 ,0.992,1,100.000,0.992
1781548889591658,normal,414,96,3,0,Format0 ,0.987,1,100.000,0.987
1781548889595700,normal,418,58759,2,1,Format2 ,0.513,2,71.528,0.420
1781548889603821,normal,426,96,8,1,Format1 ,0.573,1,79.167,0.475
1781548889605830,normal,428,96,1,0,Format0 ,0.970,1,100.000,0.970
1781548889615996,normal,438,96,1,0,Format0 ,0.996,1,100.000,0.996
1781548889652591,normal,474,96,3,0,Format0 ,1.004,1,100.000,1.004
1781548889658947,normal,480,96,7,0,Format0 ,0.988,1,100.000,0.988
1781548889660825,normal,482,96,8,1,Format1 ,0.523,1,79.861,0.505
1781548889662768,normal,484,96,3,0,Format0 ,1.009,1,100.000,1.009
1781548889664805,normal,486,96,9,0,Format0 ,1.001,1,100.000,1.001
1781548889666851,normal,488,96,2,1,Format1 ,0.526,1,73.611,0.497
1781548889669361,normal,490,96,7,0,Format0 ,0.990,1,100.000,0.990
1781548889670956,normal,492,96,8,1,Format1 ,0.513,1,70.833,0.488
1781548889677178,normal,498,96,2,1,Format1 ,0.511,1,72.917,0.491
1781548889680239,normal,501,96,6,1,Format1 ,0.518,1,70.833,0.497
1781548889685430,normal,506,59429,8,1,Format2 ,0.513,2,70.833,0.423
1781548889687449,normal,508,96,1,0,Format0 ,0.992,1,100.000,0.992
1781548889705863,normal,526,96,9,0,Format0 ,1.003,1,100.000,1.003
1781548889708921,normal,529,96,6,0,Format0 ,0.915,1,100.000,0.915
1781548889718101,normal,538,96,2,0,Format0 ,0.928,1,91.667,0.871
1781548889723191,normal,543,96,1,0,Format0 ,1.004,1,100.000,1.004
1781548889731298,normal,551,96,6,0,Format0 ,0.991,1,100.000,0.991
1781548889733326,normal,553,96,1,0,Format0 ,0.998,1,100.000,0.998
1781548889741492,normal,561,96,6,0,Format0 ,0.999,1,100.000,0.999
1781548889743503,normal,563,96,1,0,Format0 ,0.987,1,100.000,0.987
1781548889746542,normal,566,96,9,0,Format0 ,0.960,1,100.000,0.960
1781548889751686,normal,571,96,6,1,Format1 ,0.513,1,74.306,0.498
1781548889772061,normal,591,56915,6,1,Format2 ,0.517,2,77.778,0.473
1781548889793408,normal,612,96,7,0,Format0 ,1.005,1,100.000,1.005
1781548889794422,normal,613,96,1,0,Format0 ,0.989,1,100.000,0.989
1781548889806754,normal,625,50785,2,0,Format0 ,0.984,2,97.222,0.932
1781548889806754,normal,625,20580,3,0,Format0 ,0.979,1,81.944,0.642
1781548889829926,normal,648,96,2,1,Format1 ,0.523,1,73.611,0.488
1781548889832409,normal,650,27891,6,1,Format2 ,0.520,2,72.222,0.477
1781548889834018,normal,652,96,7,0,Format0 ,0.998,1,100.000,0.998
1781548889835027,normal,653,96,1,0,Format0 ,0.978,1,100.000,0.978
1781548889840103,normal,658,96,1,0,Format0 ,0.997,1,100.000,0.997
1781548889842507,normal,660,96,6,1,Format1 ,0.509,1,72.917,0.493
1781548889848215,normal,666,96,9,0,Format0 ,0.997,1,100.000,0.997
1781548889873610,normal,691,96,6,0,Format0 ,0.955,1,100.000,0.956
1781548890041376,normal,856,96,8,1,Format1 ,0.509,1,78.472,0.496
1781548890092167,normal,906,96,8,1,Format1 ,0.509,1,77.083,0.489
1781548890094167,normal,908,96,1,0,Format0 ,0.996,1,100.000,0.996
1781548890097212,normal,911,11984,6,1,Format2 ,0.495,2,69.444,0.427
1781548890144912,normal,958,96,1,0,Format0 ,1.000,1,100.000,1.000
1781548890262764,normal,1074,96,2,0,Format0 ,0.964,1,95.833,0.933
1781548890295301,normal,1106,96,8,1,Format1 ,0.499,1,70.833,0.477
1781548890297324,normal,1108,96,1,0,Format0 ,0.994,1,100.000,0.994
1781548890300369,normal,1111,96,6,1,Format1 ,0.510,1,71.528,0.487
1781548890486736,normal,1294,96,2,0,Format0 ,0.947,1,91.667,0.908
1781548890508523,normal,1316,96,8,1,Format1 ,0.537,1,81.250,0.526
1781548890578659,normal,1385,28594,2,0,Format0 ,0.989,2,97.222,0.931
1781548890802155,normal,1605,23386,2,0,Format0 ,0.992,2,97.222,0.936
1781548890806076,normal,1609,43123,2,0,Format0 ,0.949,2,97.222,0.904
1781548890842821,normal,1645,12129,2,1,Format0 ,0.988,2,83.333,0.657
1781548890883387,normal,1685,55259,2,1,Format0 ,0.940,2,79.167,0.556
1781548891085351,normal,1884,96,2,1,Format1 ,0.464,1,71.528,0.444
1781548891196304,normal,1993,16355,0,2,Format1 ,0.387,1,62.847,0.242
1781548891236949,normal,2033,96,1,0,Format0 ,1.023,1,100.000,1.023
1781548891250204,normal,2046,96,9,0,Format0 ,0.993,1,100.000,0.993
1781548891252217,normal,2048,96,1,0,Format0 ,0.990,1,100.000,0.990
1781548891270546,normal,2066,96,8,1,Format1 ,0.583,1,74.306,0.474
1781548891272568,normal,2068,96,1,0,Format0 ,0.977,1,100.000,0.977
1781548891275627,normal,2071,96,6,1,Format1 ,0.518,1,77.778,0.506
1781548891290904,normal,2086,96,8,1,Format1 ,0.507,1,70.833,0.482
1781548891296994,normal,2092,96,7,0,Format0 ,0.971,1,100.000,0.971
1781548891305527,normal,2100,96,7,0,Format0 ,0.986,1,100.000,0.986
1781548891311241,normal,2106,18412,8,1,Format2 ,0.513,2,72.222,0.458
1781548891331572,normal,2126,96,8,1,Format1 ,0.519,1,73.611,0.503
1781548891348856,normal,2143,96,1,0,Format0 ,0.972,1,100.000,0.972
1781548891397643,normal,2191,96,6,0,Format0 ,0.998,1,100.000,0.998
1781548891443328,normal,2236,43597,8,1,Format2 ,0.505,2,75.694,0.460
1781548891453477,normal,2246,13279,8,1,Format2 ,0.462,2,70.833,0.412
1781548891458541,normal,2251,56915,6,1,Format2 ,0.515,2,77.778,0.470
1781548891471800,normal,2264,749,2,1,Format2 ,0.506,2,76.389,0.410
1781548891473004,normal,2265,28594,2,0,Format0 ,0.959,2,97.222,0.911
1781548891476863,normal,2269,96,6,0,Format0 ,0.989,1,100.000,0.991
1781548891480921,normal,2273,96,1,0,Format0 ,0.919,1,100.000,0.919
1781548891483148,normal,2275,3668,0,3,Format2 ,0.314,2,59.028,0.175
1781548891485996,normal,2278,96,1,0,Format0 ,0.853,1,93.056,0.791
1781548891490478,normal,2282,96,7,0,Format0 ,1.051,1,91.667,0.951
1781548891509495,normal,2301,96,6,1,Format1 ,0.588,1,72.222,0.500
1781548891571539,normal,2362,96,7,0,Format0 ,0.993,1,100.000,0.993
1781548891575576,normal,2366,96,9,0,Format0 ,0.995,1,100.000,0.995
1781548891687422,normal,2476,96,8,1,Format1 ,0.603,1,72.917,0.496
1781548891689458,normal,2478,96,1,0,Format0 ,1.002,1,100.000,1.002
1781548891730114,normal,2518,96,1,0,Format0 ,0.960,1,100.000,0.960
1781548891737368,normal,2525,12129,2,1,Format0 ,0.938,2,83.333,0.625
1781548891739242,normal,2527,96,0,1,Format1 ,0.506,1,75.694,0.484
1781548891758594,normal,2546,96,8,0,Format0 ,0.999,1,95.833,0.963
1781548891767875,normal,2555,96,2,1,Format1 ,0.531,1,74.306,0.463
1781548891769741,normal,2557,96,0,1,Format1 ,0.526,1,75.694,0.503
1781548891778883,normal,2566,96,8,1,Format1 ,0.516,1,74.306,0.499
1781548891780894,normal,2568,96,2,1,Format1 ,0.522,1,73.611,0.499
1781548891783226,normal,2570,96,6,1,Format1 ,0.517,1,78.472,0.502
1781548891810386,normal,2597,96,0,1,Format1 ,0.557,1,75.000,0.452
1781548891862156,normal,2648,36457,2,1,Format2 ,0.519,2,77.083,0.473
1781548891878427,normal,2664,96,3,0,Format0 ,1.006,1,95.833,0.993
1781548891895721,normal,2681,96,6,0,Format0 ,0.970,1,100.000,0.971
1781548891900786,normal,2686,96,8,1,Format1 ,0.508,1,72.917,0.489
1781548891953522,normal,2738,96,1,0,Format0 ,1.000,1,100.000,1.000
1781548891956554,normal,2741,96,6,1,Format1 ,0.621,1,76.389,0.535
1781548891963660,normal,2748,96,1,0,Format0 ,0.990,1,100.000,0.990
1781548891966717,normal,2751,18779,6,1,Format2 ,0.501,2,72.222,0.453
1781548891973854,normal,2758,96,1,0,Format0 ,0.985,1,100.000,0.985
1781548891979924,normal,2764,96,3,0,Format0 ,0.998,1,100.000,0.998
1781548891981948,normal,2766,96,8,1,Format1 ,0.507,1,75.000,0.490
1781548891987067,normal,2771,96,6,0,Format0 ,1.001,1,100.000,1.001
1781548891990091,normal,2774,9958,2,1,Format2 ,0.518,2,72.917,0.474
1781548891998193,normal,2782,96,7,0,Format0 ,0.951,1,98.611,0.948
1781548892002286,normal,2786,96,8,1,Format1 ,0.516,1,78.472,0.501
1781548892005318,normal,2789,96,6,1,Format1 ,0.510,1,73.611,0.494
1781548892008367,normal,2792,96,8,0,Format0 ,0.952,1,98.611,0.946
1781548892012422,normal,2796,96,8,0,Format0 ,0.776,1,91.667,0.740
1781548892017515,normal,2801,96,6,0,Format0 ,0.966,1,100.000,0.966
1781548892025650,normal,2809,96,6,0,Format0 ,1.006,1,100.000,1.006
1781548892031943,normal,2815,96,2,1,Format1 ,0.514,1,79.167,0.500
1781548892033829,normal,2817,29875,0,1,Format2 ,0.518,2,77.778,0.478
1781548892048023,normal,2831,96,6,1,Format1 ,0.518,1,72.917,0.503
1781548892099839,normal,2882,96,7,0,Format0 ,0.991,1,100.000,0.991
1781548892164758,normal,2946,4593,8,1,Format2 ,0.523,2,74.306,0.469
1781548892176914,normal,2958,96,1,0,Format0 ,1.000,1,100.000,1.000
1781548892185062,normal,2966,96,8,1,Format1 ,0.516,1,77.083,0.495
1781548892195191,normal,2976,96,9,0,Format0 ,1.053,1,94.444,1.031
1781548892220598,normal,3001,96,6,1,Format1 ,0.473,1,75.000,0.451
1781548892224798,normal,3005,18455,2,0,Format0 ,0.908,2,94.444,0.876
1781548892236854,normal,3017,96,0,1,Format1 ,0.622,1,72.917,0.534
1781548892242949,normal,3023,26040,0,2,Format1C,0.390,1,59.028,0.182
1781548892253108,normal,3033,96,1,0,Format0 ,1.004,1,100.000,1.004
1781548892255295,normal,3035,96,2,0,Format0 ,0.983,1,100.000,0.983
1781548892270698,normal,3050,96,7,0,Format0 ,0.992,1,100.000,0.992
1781548892327177,normal,3106,96,8,0,Format0 ,0.943,1,94.444,0.875
1781548892508964,normal,3285,23386,2,0,Format0 ,0.978,2,97.222,0.922
1781548895251375,normal,5986,96,8,1,Format1 ,0.512,1,72.917,0.491
1781548895355927,normal,6089,43123,2,0,Format0 ,0.997,2,97.222,0.943
1781548895375183,normal,6108,96,1,0,Format0 ,0.988,1,100.000,0.988
1781548895393435,normal,6126,50939,8,1,Format2 ,0.515,2,76.389,0.474
1781548895500008,normal,6231,9056,6,1,Format2 ,0.511,2,70.833,0.413
1781548897406830,normal,8045,12129,2,1,Format0 ,0.991,2,83.333,0.661
1781548897428024,normal,8066,11390,8,1,Format2 ,0.521,2,79.167,0.481
1781548897448270,normal,8086,40575,8,1,Format2 ,0.521,2,74.306,0.461
1781548897470600,normal,8108,25744,0,2,Format1A,0.480,1,64.931,0.286
1781548897478724,normal,8116,96,9,0,Format0 ,1.027,1,100.000,1.027
1781548897488892,normal,8126,5093,8,1,Format2 ,0.512,2,75.694,0.467
1781548897524411,normal,8161,5093,6,1,Format2 ,0.511,2,71.528,0.465
1781548897575086,normal,8211,96,6,1,Format1 ,0.513,1,74.306,0.493
1781548897592351,normal,8228,96,1,0,Format0 ,1.008,1,100.000,1.008
1781548898260091,normal,8886,2,0,3,Format1A,0.521,1,75.347,0.501
1781548898381955,normal,9006,105,9,0,Format0 ,0.967,1,100.000,0.967
1781548898604953,normal,9226,96,8,1,Format1 ,0.512,1,73.611,0.490
1781548899066932,normal,9681,97,4,1,Format1 ,0.527,1,78.472,0.510
1781548899072034,normal,9686,97,9,0,Format0 ,0.982,1,100.000,0.982
1781548899075103,normal,9689,5322,0,1,Format2 ,0.516,2,72.917,0.430
1781548899078151,normal,9692,97,8,1,Format1 ,0.508,1,72.917,0.491
1781548899089343,normal,9703,97,3,0,Format0 ,0.984,1,100.000,0.984
1781548899092386,normal,9706,97,9,0,Format0 ,0.986,1,100.000,0.986
1781548899095427,normal,9709,97,0,1,Format1 ,0.514,1,73.611,0.493
1781548899097448,normal,9711,97,4,1,Format1 ,0.509,1,77.778,0.491
1781548899112719,normal,9726,97,9,0,Format0 ,0.979,1,100.000,0.979
1781548899115748,normal,9729,97,0,1,Format1 ,0.534,1,79.167,0.512
1781548899128945,normal,9742,97,8,1,Format1 ,0.516,1,74.306,0.495
1781548899133011,normal,9746,97,9,0,Format0 ,0.968,1,98.611,0.968
1781548899136074,normal,9749,97,0,2,Format1 ,0.304,1,66.319,0.258
1781548899138086,normal,9751,97,4,1,Format1 ,0.522,1,73.611,0.493
1781548899153296,normal,9766,97,9,0,Format0 ,0.992,1,100.000,0.992
1781548899156341,normal,9769,97,4,1,Format1 ,0.509,1,79.167,0.496
1781548899156341,normal,9769,43123,2,0,Format0 ,0.994,2,97.222,0.943
1781548899158371,normal,9771,97,4,1,Format1 ,0.507,1,78.472,0.495
1781548899168605,normal,9781,9864,4,1,Format2 ,0.517,2,76.389,0.472
1781548899170622,normal,9783,97,3,0,Format0 ,0.988,1,100.000,0.988
1781548899173674,normal,9786,97,9,0,Format0 ,0.991,1,100.000,0.991
1781548899176702,normal,9789,97,0,1,Format1 ,0.519,1,79.861,0.509
1781548899178730,normal,9791,97,4,1,Format1 ,0.529,1,69.444,0.506
1781548899193986,normal,9806,97,9,0,Format0 ,1.002,1,100.000,1.002
1781548899197035,normal,9809,97,0,1,Format1 ,0.516,1,71.528,0.498
1781548899199057,normal,9811,97,4,1,Format1 ,0.522,1,72.917,0.499
1781548899214337,normal,9826,97,9,0,Format0 ,0.988,1,100.000,0.988
1781548901637174,normal,1966,97,9,0,Format0 ,1.009,1,100.000,1.009
1781548901677142,normal,2005,55259,2,1,Format0 ,0.970,2,79.167,0.589
1781548901718824,normal,2046,97,9,0,Format0 ,0.990,1,100.000,0.990
1781548909197068,normal,9321,97,4,1,Format1 ,0.505,1,72.917,0.488
1781548909202127,normal,9326,97,9,0,Format0 ,0.998,1,100.000,0.998
1781548909205183,normal,9329,97,0,1,Format1 ,0.524,1,76.389,0.508
1781548909212287,normal,9336,97,9,0,Format0 ,0.916,1,98.611,0.907
1781548909219442,normal,9343,97,3,0,Format0 ,0.998,1,100.000,0.998
1781548909222510,normal,9346,97,9,0,Format0 ,0.990,1,100.000,0.990
1781548909225558,normal,9349,18302,0,1,Format2 ,0.519,2,74.306,0.475
1781548909227589,normal,9351,7613,4,1,Format2 ,0.512,2,81.944,0.474
1781548909242847,normal,9366,97,9,0,Format0 ,0.983,1,100.000,0.983
1781548909245879,normal,9369,47004,0,1,Format2 ,0.513,2,74.306,0.416
1781548909248131,normal,9371,45788,4,1,Format2 ,0.514,2,77.778,0.471
1781548909258256,normal,9381,15030,4,1,Format2 ,0.509,2,68.750,0.364
1781548909263355,normal,9386,97,9,0,Format0 ,0.995,1,100.000,0.995
1781548909266390,normal,9389,97,0,1,Format1 ,0.513,1,79.861,0.498
1781548909268450,normal,9391,97,4,1,Format1 ,0.509,1,75.000,0.490
1781548909282877,normal,9405,97,4,1,Format1 ,0.508,1,80.556,0.494
1781548909282877,normal,9405,12129,2,1,Format0 ,0.984,2,83.333,0.654
1781548909298336,normal,9420,97,3,0,Format0 ,0.982,1,100.000,0.982
1781548909304064,normal,9426,97,9,0,Format0 ,0.994,1,100.000,0.994
1781548909307127,normal,9429,97,0,1,Format1 ,0.507,1,75.694,0.490
1781548909309162,normal,9431,97,4,1,Format1 ,0.514,1,75.000,0.496
1781548909318646,normal,9440,97,3,0,Format0 ,0.701,1,100.000,0.701
1781548909320417,normal,9442,97,8,1,Format1 ,0.577,1,74.306,0.468
1781548909324482,normal,9446,97,9,0,Format0 ,0.994,1,100.000,0.994
1781548909327529,normal,9449,43556,4,1,Format2 ,0.522,2,73.611,0.475
1781548909327529,normal,9449,43123,2,0,Format0 ,0.994,2,97.222,0.939
1781548909329554,normal,9451,6654,4,1,Format2 ,0.515,2,72.917,0.468
1781548909339121,normal,9460,97,3,0,Format0 ,0.952,1,100.000,0.952
1781548909342810,normal,9464,97,9,0,Format0 ,0.993,1,100.000,0.993
1781548909344829,normal,9466,97,9,0,Format0 ,0.989,1,100.000,0.989
1781548909347882,normal,9469,15856,0,1,Format2 ,0.511,2,75.000,0.470
1781548909349909,normal,9471,45087,4,1,Format2 ,0.505,2,72.222,0.461
1781548909365164,normal,9486,97,9,0,Format0 ,0.996,1,100.000,0.996
1781548910744812,normal,603,96,1,0,Format0 ,0.994,1,100.000,0.995
1781548913255614,normal,3006,96,8,1,Format1 ,0.511,1,75.694,0.489
1781548915290664,normal,5006,96,8,1,Format1 ,0.526,1,77.778,0.504
1781548919361095,normal,9001,97,4,1,Format1 ,0.515,1,73.611,0.495
1781548919366202,normal,9006,97,9,0,Format0 ,0.986,1,100.000,0.986
1781548919369325,normal,9009,97,0,1,Format1 ,0.523,1,75.000,0.506
1781548919371403,normal,9011,97,4,2,Format1 ,0.304,1,63.542,0.252
1781548919386732,normal,9026,97,9,0,Format0 ,0.987,1,100.000,0.987
1781548919396927,normal,9036,97,9,0,Format0 ,1.000,1,100.000,1.000
1781548919402039,normal,9041,25099,4,1,Format2 ,0.505,2,78.472,0.466
1781548919407133,normal,9046,97,9,0,Format0 ,1.004,1,100.000,1.004
1781548919410249,normal,9049,45087,0,1,Format2 ,0.514,2,70.833,0.470
1781548919412273,normal,9051,97,4,1,Format1 ,0.510,1,77.778,0.499
1781548919422515,normal,9061,97,4,1,Format1 ,0.516,1,75.000,0.500
1781548919427553,normal,9066,97,9,0,Format0 ,0.989,1,100.000,0.989
1781548919432625,normal,9071,7613,4,1,Format2 ,0.510,2,79.861,0.469
1781548919439735,normal,9078,97,6,1,Format1 ,0.526,1,73.611,0.498
1781548919445886,normal,9084,97,9,0,Format0 ,1.000,1,100.000,1.000
1781548919447939,normal,9086,97,9,0,Format0 ,0.984,1,100.000,0.984
1781548919451020,normal,9089,97,0,1,Format1 ,0.521,1,66.667,0.482
1781548919463153,normal,9101,3657,4,1,Format2 ,0.503,2,75.000,0.458
1781548919468239,normal,9106,97,9,0,Format0 ,0.999,1,100.000,0.999
1781548919471272,normal,9109,97,0,1,Format1 ,0.518,1,73.611,0.497
1781548919473296,normal,9111,97,4,1,Format1 ,0.513,1,73.611,0.485
1781548919488485,normal,9126,97,9,0,Format0 ,0.994,1,100.000,0.994
1781548919491571,normal,9129,7884,4,1,Format2 ,0.523,2,65.278,0.472
1781548919491571,normal,9129,43123,2,0,Format0 ,0.996,2,97.222,0.945
1781548919493597,normal,9131,97,4,1,Format1 ,0.557,1,75.000,0.448
1781548919508814,normal,9146,97,9,0,Format0 ,0.999,1,100.000,0.999
1781548919549562,normal,9186,97,9,0,Format0 ,0.992,1,100.000,0.992
1781548922393849,normal,1738,96,2,1,Format1 ,0.514,1,73.611,0.494
1781548922401942,normal,1746,96,9,0,Format0 ,1.001,1,100.000,1.001
1781548922426573,normal,1770,96,7,0,Format0 ,0.996,1,100.000,0.996
1781548922437438,normal,1781,96,6,0,Format0 ,0.987,1,100.000,0.987
1781548922439475,normal,1783,96,1,0,Format0 ,0.987,1,100.000,0.987
1781548922441689,normal,1785,28594,2,0,Format0 ,0.998,2,97.222,0.942
1781548922447599,normal,1791,96,6,0,Format0 ,0.997,1,100.000,0.997
1781548922491370,normal,1834,96,3,0,Format0 ,0.985,1,100.000,0.985
1781548922499499,normal,1842,96,8,1,Format1 ,0.525,1,75.694,0.506
1781548922501524,normal,1844,96,3,0,Format0 ,0.995,1,100.000,0.995
1781548922503557,normal,1846,96,9,0,Format0 ,0.994,1,100.000,0.994
1781548922518783,normal,1861,96,6,0,Format0 ,0.933,1,100.000,0.934
1781548922584869,normal,1926,96,8,1,Format1 ,0.510,1,72.917,0.494
1781548922605253,normal,1946,58592,8,1,Format2 ,0.533,2,67.361,0.431
1781548922732102,normal,2071,47785,6,1,Format2 ,0.518,2,72.917,0.432
1781548922734118,normal,2073,96,1,0,Format0 ,0.993,1,100.000,0.993
1781548922742224,normal,2081,325,6,1,Format2 ,0.514,2,71.528,0.404
1781548922744236,normal,2083,96,1,0,Format0 ,0.980,1,100.000,0.980
1781548922747266,normal,2086,96,8,1,Format1 ,0.513,1,76.389,0.486
1781548922772623,normal,2111,33348,6,1,Format2 ,0.511,2,69.444,0.461
1781548922808083,normal,2146,96,8,1,Format1 ,0.503,1,74.306,0.483
1781548922810102,normal,2148,96,1,0,Format0 ,0.990,1,100.000,0.990
1781548922813146,normal,2151,96,6,1,Format1 ,0.513,1,76.389,0.496
1781548922884165,normal,2221,60215,6,1,Format2 ,0.514,2,75.694,0.462
1781548922889221,normal,2226,55898,8,1,Format2 ,0.520,2,73.611,0.464
1781548923198825,normal,2531,96,6,0,Format0 ,0.994,1,100.000,0.994
1781548923895427,normal,3218,96,1,0,Format0 ,0.984,1,100.000,0.984
1781548923903554,normal,3226,43662,8,1,Format2 ,0.500,2,68.056,0.418
1781548923923858,normal,3246,96,8,1,Format1 ,0.522,1,77.778,0.504
1781548923926906,normal,3249,96,6,0,Format0 ,0.990,1,100.000,0.990
1781548923966520,normal,3288,96,2,1,Format1 ,0.508,1,73.611,0.489
1781548924025508,normal,3346,96,8,1,Format1 ,0.505,1,79.861,0.495
1781548924061153,normal,3381,96,6,1,Format1 ,0.515,1,75.000,0.496
1781548924116232,normal,3435,27891,2,1,Format2 ,0.513,2,75.000,0.470
1781548924119117,normal,3438,96,1,0,Format0 ,0.997,1,100.000,0.997
1781548924122193,normal,3441,96,6,1,Format1 ,0.524,1,70.139,0.501
1781548924127267,normal,3446,325,8,1,Format2 ,0.517,2,69.444,0.408
1781548924142537,normal,3461,96,6,1,Format1 ,0.507,1,72.917,0.487
1781548924183171,normal,3501,44956,6,1,Format2 ,0.503,1,73.611,0.462
1781548924188241,normal,3506,51209,8,1,Format2 ,0.502,2,70.139,0.458
1781548924218773,normal,3536,96,8,1,Format1 ,0.514,1,75.000,0.494
1781548924249232,normal,3566,62626,8,1,Format2 ,0.511,2,69.444,0.411
1781548924271574,normal,3588,96,1,0,Format0 ,1.010,1,100.000,1.010
1781548924285794,normal,3602,96,7,0,Format0 ,0.962,1,97.222,0.931
1781548924322308,normal,3638,96,1,0,Format0 ,0.988,1,100.000,0.988
1781548924335498,normal,3651,96,6,1,Format1 ,0.518,1,74.306,0.499
1781548925301844,normal,4602,96,7,0,Format0 ,0.994,1,100.000,0.994
1781548925326209,normal,4626,96,8,0,Format0 ,0.912,1,100.000,0.913
1781548925387359,normal,4686,38230,8,1,Format2 ,0.517,2,73.611,0.432
1781548925468699,normal,4766,96,8,1,Format1 ,0.511,1,76.389,0.495
1781548925818012,normal,5109,96,6,1,Format1 ,0.510,1,79.167,0.500
1781548925855670,normal,5146,2,0,3,Format1A,0.637,1,75.521,0.489
1781548925916944,normal,5206,106,0,1,Format1A,0.511,1,73.611,0.489
1781548925918953,normal,5208,96,1,0,Format0 ,1.008,1,100.000,1.008
1781548925937330,normal,5226,97,9,0,Format0 ,0.985,1,100.000,0.985
1781548925962867,normal,5251,63415,4,1,Format2 ,0.515,2,64.583,0.398
1781548926039356,normal,5326,97,9,0,Format0 ,0.992,1,100.000,0.992
1781548926181720,normal,5466,47634,4,1,Format2 ,0.509,2,70.833,0.381
1781548926305693,normal,5588,96,1,0,Format0 ,0.997,1,100.000,0.997
1781548926934619,normal,6206,107,4,1,Format1 ,0.519,1,77.083,0.502
1781548926954877,normal,6226,107,4,1,Format1 ,0.513,1,75.694,0.497
1781548929034320,normal,8268,96,1,0,Format0 ,0.991,1,100.000,0.991
1781548929420102,normal,8647,97,9,0,Format0 ,0.995,1,100.000,0.995
1781548929432309,normal,8659,7884,4,1,Format2 ,0.508,2,74.306,0.469
1781548929439395,normal,8666,97,9,0,Format0 ,1.007,1,100.000,1.007
1781548929442423,normal,8669,17389,0,1,Format2 ,0.513,2,70.833,0.388
1781548929454605,normal,8681,97,4,1,Format1 ,0.513,1,73.611,0.493
1781548929459677,normal,8686,97,9,0,Format0 ,0.996,1,100.000,0.996
1781548929462715,normal,8689,97,0,1,Format1 ,0.516,1,77.083,0.498
1781548929464743,normal,8691,952,4,1,Format2 ,0.521,2,72.222,0.475
1781548929474886,normal,8701,25099,4,1,Format2 ,0.507,2,76.389,0.467
1781548929479940,normal,8706,97,9,0,Format0 ,0.993,1,100.000,0.993
1781548929482994,normal,8709,97,0,1,Format1 ,0.508,1,77.778,0.495
1781548929485019,normal,8711,97,4,1,Format1 ,0.510,1,72.917,0.495
1781548929495167,normal,8721,54547,4,2,Format1C,0.375,1,63.542,0.182
1781548929500238,normal,8726,97,9,0,Format0 ,0.995,1,100.000,0.995
1781548929503281,normal,8729,97,0,1,Format1 ,0.518,1,69.444,0.498
1781548929505298,normal,8731,27539,4,1,Format2 ,0.509,2,75.000,0.482
1781548929510392,normal,8736,97,9,0,Format0 ,0.992,1,100.000,0.992
1781548929520576,normal,8746,97,9,0,Format0 ,0.999,1,100.000,0.999
1781548929523631,normal,8749,13082,0,1,Format2 ,0.512,2,70.833,0.414
1781548929525658,normal,8751,5474,4,1,Format2 ,0.509,2,79.167,0.457
1781548929530744,normal,8756,97,9,0,Format0 ,0.987,1,100.000,0.987
1781548929535810,normal,8761,25099,4,1,Format2 ,0.509,2,77.083,0.471
1781548929540913,normal,8766,97,9,0,Format0 ,0.996,1,100.000,0.996
1781548929543952,normal,8769,27539,0,1,Format2 ,0.511,2,73.611,0.480
1781548929581595,normal,8806,97,9,0,Format0 ,0.995,1,100.000,0.995
1781548930968278,normal,10108,96,1,0,Format0 ,0.995,1,100.000,0.995
1781548931019094,normal,10158,96,1,0,Format0 ,1.008,1,100.000,1.008
1781549049231121,normal,6035,48421,14,1,Format1C,1.798,1,66.667,1.152
1781549049386546,normal,6113,31544,16,1,Format1C,1.748,1,69.444,1.151
1781549049554130,normal,6207,25372,8,2,Format1C,1.544,1,59.722,0.822
1781549049567645,normal,6212,8442,0,3,Format1C,2.210,1,58.681,0.602
1781549049601973,normal,6233,31045,18,1,Format0 ,1.780,2,81.250,1.497
1781549049672742,normal,6269,30528,18,1,Format1C,2.473,1,66.667,1.707
1781549050049354,normal,6468,16583,0,3,Format1C,1.588,1,60.069,0.555
1781549050056313,normal,6471,40017,30,1,Format1C,1.034,1,70.139,0.608
1781549050083838,normal,6487,14111,30,1,Format1C,1.505,1,63.889,1.130
1781549050468798,normal,6688,33617,8,3,Format1 ,0.512,1,62.153,0.220
1781549050585430,normal,6717,22324,6,0,Format0 ,1.966,2,97.222,1.951
1781549050846737,normal,6862,1614,2,1,Format0 ,1.558,1,75.694,1.237
1781549053064135,normal,9901,103,2,1,Format1A,0.509,1,73.611,0.496
1781549053066158,normal,9903,97,3,0,Format0 ,1.006,1,100.000,1.006
1781549053069210,normal,9906,97,9,0,Format0 ,0.991,1,100.000,0.991
1781549053072252,normal,9909,25099,0,1,Format2 ,0.512,2,75.000,0.468
1781549053089596,normal,9926,97,9,0,Format0 ,1.007,1,100.000,1.007
1781549053092623,normal,9929,49883,4,1,Format2 ,0.513,2,74.306,0.474
1781549053104834,normal,9941,97,4,1,Format1 ,0.514,1,73.611,0.496
1781549053106957,normal,9943,97,3,0,Format0 ,1.000,1,100.000,1.000
1781549053109972,normal,9946,97,9,0,Format0 ,1.008,1,100.000,1.008
1781549053111992,normal,9948,97,7,0,Format0 ,0.962,1,100.000,0.962
1781549053121178,normal,9957,97,9,0,Format0 ,0.991,1,100.000,0.991
1781549053130345,normal,9966,97,9,0,Format0 ,1.003,1,100.000,1.003
1781549053145629,normal,9981,97,4,1,Format1 ,0.510,1,75.694,0.500
1781549053150760,normal,9986,97,9,0,Format0 ,0.992,1,100.000,0.992
1781549053160947,normal,9996,97,9,0,Format0 ,0.993,1,100.000,0.993
1781549053166012,normal,10001,97,4,1,Format1 ,0.508,1,74.306,0.495
1781549053168035,normal,10003,97,3,0,Format0 ,1.003,1,100.000,1.003
1781549053174121,normal,10009,97,0,1,Format1 ,0.511,1,75.694,0.495
1781549053176137,normal,10011,97,4,1,Format1 ,0.518,1,72.917,0.501
1781549053182281,normal,10017,97,9,0,Format0 ,0.998,1,100.000,0.998
1781549053191423,normal,10026,97,9,0,Format0 ,0.993,1,100.000,0.993
1781549053196495,normal,10031,17389,4,1,Format2 ,0.514,2,72.222,0.393
1781549053203613,normal,10038,25697,6,1,Format2 ,0.513,2,70.833,0.389
1781549053213802,normal,10048,97,6,1,Format1 ,0.514,1,75.694,0.499
1781549053216857,normal,10051,97,4,1,Format1 ,0.572,1,77.778,0.485
1781549053218885,normal,10053,97,3,0,Format0 ,0.965,1,98.611,0.959
1781549053221081,normal,10055,97,3,0,Format0 ,1.006,1,100.000,1.006
1781549053230029,normal,10064,97,9,0,Format0 ,0.997,1,100.000,0.997
1781549053232055,normal,10066,97,9,0,Format0 ,0.986,1,100.000,0.986
1781549053233070,normal,10067,97,9,0,Format0 ,1.004,1,100.000,1.004
1781549053237183,normal,10071,43517,4,2,Format2 ,0.515,2,71.875,0.348
1781549053902260,normal,486,2,0,3,Format1A,0.515,1,76.042,0.498
1781549053915483,normal,499,6007,2,1,Format0 ,1.000,2,81.944,0.649
1781549053940825,normal,524,104,0,3,Format1A,1.001,1,100.000,1.001
1781549053961165,normal,544,104,0,3,Format1 ,0.999,1,100.000,0.999
1781549054232923,normal,812,104,9,0,Format0 ,0.998,1,100.000,0.998
1781549055823731,normal,2372,104,9,0,Format0 ,0.949,1,98.611,0.949
1781549063319790,normal,9686,18248,8,1,Format2 ,0.527,2,66.667,0.379
1781549063440818,normal,9805,12129,2,1,Format0 ,0.982,2,83.333,0.656
1781549063714204,normal,10074,97,9,0,Format0 ,1.002,1,100.000,1.002
1781549063726382,normal,10086,97,9,0,Format0 ,0.990,1,100.000,0.990
1781549063729413,normal,10089,97,4,1,Format1 ,0.508,1,71.528,0.490
1781549063729413,normal,10089,43123,2,0,Format0 ,0.988,2,97.222,0.929
1781549063731451,normal,10091,97,4,1,Format1 ,0.512,1,77.083,0.498
1781549063740960,normal,10100,97,3,0,Format0 ,0.995,1,100.000,0.995
1781549063746686,normal,10106,97,9,0,Format0 ,1.009,1,100.000,1.009
1781549063749750,normal,10109,2400,0,1,Format2 ,0.525,2,72.917,0.477
1781549063751765,normal,10111,97,4,1,Format1 ,0.514,1,76.389,0.492
1781549063761971,normal,10121,25099,4,1,Format2 ,0.528,2,75.694,0.479
1781549063767023,normal,10126,97,9,0,Format0 ,1.004,1,100.000,1.004
1781549063770058,normal,10129,97,0,1,Format1 ,0.526,1,77.083,0.502
1781549063782216,normal,10141,13935,4,1,Format2 ,0.535,2,71.528,0.388
1781549063787263,normal,10146,97,9,0,Format0 ,1.007,1,100.000,1.007
1781549063790309,normal,10149,97,0,1,Format1 ,0.512,1,75.000,0.496
1781549063792332,normal,10151,25099,4,1,Format2 ,0.513,2,71.528,0.467
1781549063807530,normal,10166,97,9,0,Format0 ,0.995,1,100.000,0.995
1781549063810568,normal,10169,48239,0,1,Format2 ,0.517,2,71.528,0.416
1781549063813624,normal,10172,97,8,1,Format1 ,0.507,1,69.444,0.490
1781549063822802,normal,10181,10311,4,1,Format2 ,0.516,2,72.917,0.460
1781549063827926,normal,10186,97,9,0,Format0 ,0.995,1,100.000,0.995
1781549063831011,normal,10189,13935,0,1,Format2 ,0.508,2,72.222,0.387
1781549063833028,normal,10191,27539,4,1,Format2 ,0.518,2,70.833,0.486
1781549063843233,normal,10201,97,4,1,Format1 ,0.510,1,73.611,0.494
1781549063848303,normal,10206,97,9,0,Format0 ,0.985,1,100.000,0.985
1781549063868550,normal,10226,97,9,0,Format0 ,0.992,1,100.000,0.992
1781549064303363,normal,414,96,3,0,Format0 ,0.987,1,100.000,0.987
1781549064307422,normal,418,58759,2,1,Format2 ,0.513,2,71.528,0.420
1781549064315570,normal,426,96,8,1,Format1 ,0.573,1,79.167,0.475
1781549064317597,normal,428,96,1,0,Format0 ,0.970,1,100.000,0.970
1781549064365604,normal,475,96,2,0,Format0 ,0.992,1,100.000,0.992
1781549064371490,normal,481,96,6,0,Format0 ,0.993,1,100.000,0.994
1781549064373507,normal,483,96,1,0,Format0 ,1.005,1,100.000,1.005
1781549064375702,normal,485,23386,2,0,Format0 ,0.995,2,97.222,0.942
1781549064379616,normal,489,43123,2,0,Format0 ,0.995,2,97.222,0.941
1781549064381635,normal,491,96,6,0,Format0 ,0.992,1,100.000,0.992
1781549064388761,normal,498,96,2,1,Format1 ,0.511,1,72.917,0.491
1781549064391802,normal,501,96,6,1,Format1 ,0.518,1,70.833,0.497
1781549064396914,normal,506,59429,8,1,Format2 ,0.513,2,70.833,0.423
1781549064398948,normal,508,96,1,0,Format0 ,0.992,1,100.000,0.992
1781549064417263,normal,526,96,9,0,Format0 ,1.003,1,100.000,1.003
1781549064419286,normal,528,30888,0,3,Format1 ,0.330,1,60.243,0.135
1781549064429473,normal,538,96,2,0,Format0 ,0.928,1,91.667,0.871
1781549064435524,normal,544,96,2,1,Format1 ,0.479,1,79.167,0.467
1781549064437563,normal,546,23881,8,1,Format2 ,0.507,2,69.444,0.387
1781549064442675,normal,551,96,6,0,Format0 ,0.991,1,100.000,0.991
1781549064445707,normal,554,5093,2,1,Format2 ,0.510,2,72.917,0.461
1781549064452808,normal,561,96,6,0,Format0 ,0.999,1,100.000,0.999
1781549064457902,normal,566,96,9,0,Format0 ,0.960,1,100.000,0.960
1781549064463008,normal,571,96,6,1,Format1 ,0.513,1,74.306,0.498
1781549064483387,normal,591,56915,6,1,Format2 ,0.517,2,77.778,0.473
1781549064518226,normal,625,50785,2,0,Format0 ,0.984,2,97.222,0.932
1781549064518226,normal,625,20580,3,0,Format0 ,0.979,1,81.944,0.642
1781549064541414,normal,648,96,2,1,Format1 ,0.523,1,73.611,0.488
1781549064543775,normal,650,27891,6,1,Format2 ,0.520,2,72.222,0.477
1781549064545468,normal,652,96,7,0,Format0 ,0.998,1,100.000,0.998
1781549064551575,normal,658,96,1,0,Format0 ,0.997,1,100.000,0.997
1781549064554656,normal,661,35638,6,1,Format2 ,0.516,2,75.000,0.462
1781549064559737,normal,666,96,9,0,Format0 ,0.997,1,100.000,0.997
1781549064585040,normal,691,96,6,0,Format0 ,0.955,1,100.000,0.956
1781549064720182,normal,824,96,2,1,Format1 ,0.519,1,74.306,0.500
1781549064752652,normal,856,96,8,1,Format1 ,0.509,1,78.472,0.496
1781549064754704,normal,858,96,1,0,Format0 ,0.987,1,100.000,0.987
1781549064755722,normal,859,96,6,1,Format1 ,0.520,1,74.306,0.506
1781549064803474,normal,906,96,8,1,Format1 ,0.509,1,77.083,0.489
1781549064808555,normal,911,11984,6,1,Format2 ,0.495,2,69.444,0.427
1781549064869546,normal,971,96,6,1,Format1 ,0.517,1,78.472,0.504
1781549064974699,normal,1074,96,2,0,Format0 ,0.964,1,95.833,0.933
1781549064989428,normal,1089,96,6,1,Format1 ,0.499,1,72.222,0.482
1781549065006668,normal,1106,96,8,1,Format1 ,0.499,1,70.833,0.477
1781549065008700,normal,1108,96,1,0,Format0 ,0.994,1,100.000,0.994
1781549065011768,normal,1111,96,6,1,Format1 ,0.510,1,71.528,0.487
1781549065026682,normal,1125,23386,2,0,Format0 ,0.987,2,97.222,0.933
1781549065198814,normal,1294,96,2,0,Format0 ,0.947,1,91.667,0.908
1781549065291016,normal,1385,28594,2,0,Format0 ,0.989,2,97.222,0.931
1781549065522567,normal,1605,23386,2,0,Format0 ,0.992,2,97.222,0.936
1781549065604044,normal,1685,55259,2,1,Format0 ,0.940,2,79.167,0.556
1781549065806576,normal,1884,96,2,1,Format1 ,0.464,1,71.528,0.444
1781549065917571,normal,1993,16355,0,2,Format1 ,0.387,1,62.847,0.242
1781549065971574,normal,2046,96,9,0,Format0 ,0.993,1,100.000,0.993
1781549065973644,normal,2048,96,1,0,Format0 ,0.990,1,100.000,0.990
1781549065991934,normal,2066,96,8,1,Format1 ,0.583,1,74.306,0.474
1781549065993950,normal,2068,96,1,0,Format0 ,0.977,1,100.000,0.977
1781549065997014,normal,2071,96,6,1,Format1 ,0.518,1,77.778,0.506
1781549066012345,normal,2086,96,8,1,Format1 ,0.507,1,70.833,0.482
1781549066032647,normal,2106,18412,8,1,Format2 ,0.513,2,72.222,0.458
1781549066038755,normal,2112,38239,8,1,Format2 ,0.523,2,72.917,0.475
1781549066044826,normal,2118,96,1,0,Format0 ,0.999,1,100.000,0.999
1781549066053012,normal,2126,96,8,1,Format1 ,0.519,1,73.611,0.503
1781549066070340,normal,2143,96,1,0,Format0 ,0.972,1,100.000,0.972
1781549066119163,normal,2191,96,6,0,Format0 ,0.998,1,100.000,0.998
1781549066121190,normal,2193,96,1,0,Format0 ,0.979,1,100.000,0.979
1781549066129314,normal,2201,96,6,1,Format1 ,0.524,1,77.083,0.503
1781549066164977,normal,2236,43597,8,1,Format2 ,0.505,2,75.694,0.460
1781549066175131,normal,2246,13279,8,1,Format2 ,0.462,2,70.833,0.412
1781549066180198,normal,2251,56915,6,1,Format2 ,0.515,2,77.778,0.470
1781549066189730,normal,2260,96,6,1,Format1 ,0.509,1,81.250,0.498
1781549066193404,normal,2264,749,2,1,Format2 ,0.506,2,76.389,0.410
1781549066198500,normal,2269,96,6,0,Format0 ,0.989,1,100.000,0.991
1781549066202570,normal,2273,96,1,0,Format0 ,0.919,1,100.000,0.919
1781549066205000,normal,2275,3668,0,3,Format2 ,0.314,2,59.028,0.175
1781549066207664,normal,2278,96,1,0,Format0 ,0.853,1,93.056,0.791
1781549066212312,normal,2282,96,7,0,Format0 ,1.051,1,91.667,0.951
1781549066218842,normal,2289,96,6,1,Format1 ,0.499,1,68.750,0.427
1781549066220865,normal,2291,96,6,0,Format0 ,1.005,1,100.000,1.005
1781549066230984,normal,2301,96,6,1,Format1 ,0.588,1,72.222,0.500
1781549066291922,normal,2361,96,6,0,Format0 ,0.988,1,100.000,0.988
1781549066297006,normal,2366,96,9,0,Format0 ,0.995,1,100.000,0.995
1781549066309197,normal,2378,96,1,0,Format0 ,0.992,1,100.000,0.992
1781549066408753,normal,2476,96,8,1,Format1 ,0.603,1,72.917,0.496
1781549066410783,normal,2478,96,1,0,Format0 ,1.002,1,100.000,1.002
1781549066451401,normal,2518,96,1,0,Format0 ,0.960,1,100.000,0.960
1781549066458776,normal,2525,12129,2,1,Format0 ,0.938,2,83.333,0.625
1781549066460558,normal,2527,96,0,1,Format1 ,0.506,1,75.694,0.484
1781549066479938,normal,2546,96,8,0,Format0 ,0.999,1,95.833,0.963
1781549066489145,normal,2555,96,2,1,Format1 ,0.531,1,74.306,0.463
1781549066491034,normal,2557,96,0,1,Format1 ,0.526,1,75.694,0.503
1781549066500167,normal,2566,96,8,1,Format1 ,0.516,1,74.306,0.499
1781549066502187,normal,2568,96,2,1,Format1 ,0.522,1,73.611,0.499
1781549066504511,normal,2570,96,6,1,Format1 ,0.517,1,78.472,0.502
1781549066531702,normal,2597,96,0,1,Format1 ,0.557,1,75.000,0.452
1781549066584260,normal,2648,36457,2,1,Format2 ,0.519,2,77.083,0.473
1781549066600461,normal,2664,96,3,0,Format0 ,1.006,1,95.833,0.993
1781549066616976,normal,2680,96,7,0,Format0 ,1.051,1,100.000,1.051
1781549066618733,normal,2682,96,7,0,Format0 ,0.997,1,100.000,0.997
1781549066622797,normal,2686,96,8,1,Format1 ,0.508,1,72.917,0.489
1781549066678675,normal,2741,96,6,1,Format1 ,0.621,1,76.389,0.535
1781549066688936,normal,2751,18779,6,1,Format2 ,0.501,2,72.222,0.453
1781549066696068,normal,2758,96,1,0,Format0 ,0.985,1,100.000,0.985
1781549066702151,normal,2764,96,3,0,Format0 ,0.998,1,100.000,0.998
1781549066704179,normal,2766,96,8,1,Format1 ,0.507,1,75.000,0.490
1781549066709257,normal,2771,96,6,0,Format0 ,1.001,1,100.000,1.001
1781549066712289,normal,2774,9958,2,1,Format2 ,0.518,2,72.917,0.474
1781549066720375,normal,2782,96,7,0,Format0 ,0.951,1,98.611,0.948
1781549066722394,normal,2784,96,3,0,Format0 ,0.975,1,100.000,0.976
1781549066724411,normal,2786,96,8,1,Format1 ,0.516,1,78.472,0.501
1781549066727455,normal,2789,96,6,1,Format1 ,0.510,1,73.611,0.494
1781549066729482,normal,2791,26935,6,1,Format2 ,0.492,2,74.306,0.452
1781549066734534,normal,2796,96,8,0,Format0 ,0.776,1,91.667,0.740
1781549066739607,normal,2801,96,6,0,Format0 ,0.966,1,100.000,0.966
1781549066747722,normal,2809,96,6,0,Format0 ,1.006,1,100.000,1.006
1781549066753952,normal,2815,96,2,1,Format1 ,0.514,1,79.167,0.500
1781549066755824,normal,2817,29875,0,1,Format2 ,0.518,2,77.778,0.478
1781549066770048,normal,2831,96,6,1,Format1 ,0.518,1,72.917,0.503
1781549066817799,normal,2878,96,1,0,Format0 ,0.991,1,100.000,0.991
1781549066886865,normal,2946,4593,8,1,Format2 ,0.523,2,74.306,0.469
1781549066899053,normal,2958,96,1,0,Format0 ,1.000,1,100.000,1.000
1781549066907186,normal,2966,96,8,1,Format1 ,0.516,1,77.083,0.495
1781549066917431,normal,2976,96,9,0,Format0 ,1.053,1,94.444,1.031
1781549066939820,normal,2998,96,1,0,Format0 ,0.932,1,100.000,0.932
1781549066942867,normal,3001,96,6,1,Format1 ,0.473,1,75.000,0.451
1781549066947965,normal,3006,96,8,1,Format1 ,0.550,1,80.556,0.484
1781549066959158,normal,3017,96,0,1,Format1 ,0.622,1,72.917,0.534
1781549066965247,normal,3023,26040,0,2,Format1C,0.390,1,59.028,0.182
1781549066975439,normal,3033,96,1,0,Format0 ,1.004,1,100.000,1.004
1781549067049512,normal,3106,96,8,0,Format0 ,0.943,1,94.444,0.875
1781549067068945,normal,3125,23386,2,0,Format0 ,0.920,2,97.222,0.865
1781549067231511,normal,3285,23386,2,0,Format0 ,0.978,2,97.222,0.922
1781549069975097,normal,5986,96,8,1,Format1 ,0.512,1,72.917,0.491
1781549070079786,normal,6089,43123,2,0,Format0 ,0.997,2,97.222,0.943
1781549070099129,normal,6108,96,1,0,Format0 ,0.988,1,100.000,0.988
1781549070117502,normal,6126,50939,8,1,Format2 ,0.515,2,76.389,0.474
1781549070224150,normal,6231,9056,6,1,Format2 ,0.511,2,70.833,0.413
1781549072072833,normal,8045,12129,2,1,Format0 ,0.991,2,83.333,0.661
1781549072094004,normal,8066,11390,8,1,Format2 ,0.521,2,79.167,0.481
1781549072114362,normal,8086,40575,8,1,Format2 ,0.521,2,74.306,0.461
1781549072136737,normal,8108,25744,0,2,Format1A,0.480,1,64.931,0.286
1781549072144855,normal,8116,96,9,0,Format0 ,1.027,1,100.000,1.027
1781549072155105,normal,8126,5093,8,1,Format2 ,0.512,2,75.694,0.467
1781549072190713,normal,8161,5093,6,1,Format2 ,0.511,2,71.528,0.465
1781549072241617,normal,8211,96,6,1,Format1 ,0.513,1,74.306,0.493
1781549072928011,normal,8886,2,0,3,Format1A,0.521,1,75.347,0.501
1781549073050011,normal,9006,105,9,0,Format0 ,0.967,1,100.000,0.967
1781549073273516,normal,9226,96,8,1,Format1 ,0.512,1,73.611,0.490
1781549073741257,normal,9686,97,9,0,Format0 ,0.982,1,100.000,0.982
1781549073744292,normal,9689,5322,0,1,Format2 ,0.516,2,72.917,0.430
1781549073747366,normal,9692,97,8,1,Format1 ,0.508,1,72.917,0.491
1781549073761559,normal,9706,97,9,0,Format0 ,0.986,1,100.000,0.986
1781549073764599,normal,9709,97,0,1,Format1 ,0.514,1,73.611,0.493
1781549073766635,normal,9711,97,4,1,Format1 ,0.509,1,77.778,0.491
1781549073781913,normal,9726,97,9,0,Format0 ,0.979,1,100.000,0.979
1781549073784941,normal,9729,97,0,1,Format1 ,0.534,1,79.167,0.512
1781549073802235,normal,9746,97,9,0,Format0 ,0.968,1,98.611,0.968
1781549073805277,normal,9749,97,0,2,Format1 ,0.304,1,66.319,0.258
1781549073807308,normal,9751,97,4,1,Format1 ,0.522,1,73.611,0.493
1781549073822607,normal,9766,97,9,0,Format0 ,0.992,1,100.000,0.992
1781549073825666,normal,9769,97,4,1,Format1 ,0.509,1,79.167,0.496
1781549073825666,normal,9769,43123,2,0,Format0 ,0.994,2,97.222,0.943
1781549073827706,normal,9771,97,4,1,Format1 ,0.507,1,78.472,0.495
1781549073837917,normal,9781,9864,4,1,Format2 ,0.517,2,76.389,0.472
1781549073842963,normal,9786,97,9,0,Format0 ,0.991,1,100.000,0.991
1781549073846005,normal,9789,97,0,1,Format1 ,0.519,1,79.861,0.509
1781549073848046,normal,9791,97,4,1,Format1 ,0.529,1,69.444,0.506
1781549073853184,normal,9796,97,9,0,Format0 ,0.993,1,100.000,0.993
1781549073863282,normal,9806,97,9,0,Format0 ,1.002,1,100.000,1.002
1781549073866331,normal,9809,97,0,1,Format1 ,0.516,1,71.528,0.498
1781549073868358,normal,9811,97,4,1,Format1 ,0.522,1,72.917,0.499
1781549073883587,normal,9826,97,9,0,Format0 ,0.988,1,100.000,0.988
1781549076372251,normal,1966,97,9,0,Format0 ,1.009,1,100.000,1.009
1781549076453789,normal,2046,97,9,0,Format0 ,0.990,1,100.000,0.990
1781549080465736,normal,5928,96,1,0,Format0 ,1.002,1,100.000,1.002
1781549083983853,normal,9326,97,9,0,Format0 ,0.998,1,100.000,0.998
1781549083994003,normal,9336,97,9,0,Format0 ,0.916,1,98.611,0.907
1781549084004147,normal,9346,97,9,0,Format0 ,0.990,1,100.000,0.990
1781549084007221,normal,9349,18302,0,1,Format2 ,0.519,2,74.306,0.475
1781549084009253,normal,9351,7613,4,1,Format2 ,0.512,2,81.944,0.474
1781549084024531,normal,9366,97,9,0,Format0 ,0.983,1,100.000,0.983
1781549084027593,normal,9369,47004,0,1,Format2 ,0.513,2,74.306,0.416
1781549084029656,normal,9371,45788,4,1,Format2 ,0.514,2,77.778,0.471
1781549084039822,normal,9381,15030,4,1,Format2 ,0.509,2,68.750,0.364
1781549084044881,normal,9386,97,9,0,Format0 ,0.995,1,100.000,0.995
1781549084047930,normal,9389,97,0,1,Format1 ,0.513,1,79.861,0.498
1781549084049959,normal,9391,97,4,1,Format1 ,0.509,1,75.000,0.490
1781549084065198,normal,9406,97,9,0,Format0 ,0.978,1,100.000,0.978
1781549084080471,normal,9421,97,4,1,Format1 ,0.515,1,74.306,0.495
1781549084085610,normal,9426,97,9,0,Format0 ,0.994,1,100.000,0.994
1781549084088694,normal,9429,97,0,1,Format1 ,0.507,1,75.694,0.490
1781549084090783,normal,9431,97,4,1,Format1 ,0.514,1,75.000,0.496
1781549084100225,normal,9440,97,3,0,Format0 ,0.701,1,100.000,0.701
1781549084106104,normal,9446,97,9,0,Format0 ,0.994,1,100.000,0.994
1781549084110468,normal,9450,97,3,0,Format0 ,0.990,1,100.000,0.990
1781549084120666,normal,9460,97,3,0,Format0 ,0.952,1,100.000,0.952
1781549084124336,normal,9464,97,9,0,Format0 ,0.993,1,100.000,0.993
1781549084126382,normal,9466,97,9,0,Format0 ,0.989,1,100.000,0.989
1781549084129492,normal,9469,15856,0,1,Format2 ,0.511,2,75.000,0.470
1781549084131527,normal,9471,45087,4,1,Format2 ,0.505,2,72.222,0.461
1781549084146757,normal,9486,97,9,0,Format0 ,0.996,1,100.000,0.996
1781549085476253,normal,552,96,7,0,Format0 ,0.993,1,100.000,0.993
1781549087976150,normal,3006,96,8,1,Format1 ,0.511,1,75.694,0.489
1781549090079567,normal,5006,96,8,1,Format1 ,0.526,1,77.778,0.504
1781549092977978,normal,7849,43123,2,0,Format0 ,0.997,2,97.222,0.942
1781549092977978,normal,7849,15308,3,0,Format0 ,0.996,2,91.667,0.835
1781549094221805,normal,9006,97,9,0,Format0 ,0.986,1,100.000,0.986
1781549094224853,normal,9009,97,0,1,Format1 ,0.523,1,75.000,0.506
1781549094242088,normal,9026,97,9,0,Format0 ,0.987,1,100.000,0.987
1781549094262394,normal,9046,97,9,0,Format0 ,1.004,1,100.000,1.004
1781549094265493,normal,9049,45087,0,1,Format2 ,0.514,2,70.833,0.470
1781549094267501,normal,9051,97,4,1,Format1 ,0.510,1,77.778,0.499
1781549094277649,normal,9061,97,4,1,Format1 ,0.516,1,75.000,0.500
1781549094282708,normal,9066,97,9,0,Format0 ,0.989,1,100.000,0.989
1781549094287771,normal,9071,7613,4,1,Format2 ,0.510,2,79.861,0.469
1781549094303054,normal,9086,97,9,0,Format0 ,0.984,1,100.000,0.984
1781549094306183,normal,9089,97,0,1,Format1 ,0.521,1,66.667,0.482
1781549094318345,normal,9101,3657,4,1,Format2 ,0.503,2,75.000,0.458
1781549094323435,normal,9106,97,9,0,Format0 ,0.999,1,100.000,0.999
1781549094326512,normal,9109,97,0,1,Format1 ,0.518,1,73.611,0.497
1781549094328557,normal,9111,97,4,1,Format1 ,0.513,1,73.611,0.485
1781549094339741,normal,9122,97,8,1,Format1 ,0.517,1,75.000,0.498
1781549094343783,normal,9126,97,9,0,Format0 ,0.994,1,100.000,0.994
1781549094345839,normal,9128,97,7,0,Format0 ,0.989,1,100.000,0.990
1781549094348185,normal,9130,97,3,0,Format0 ,0.907,1,100.000,0.909
1781549094349895,normal,9132,97,8,0,Format0 ,0.991,1,100.000,0.991
1781549094364104,normal,9146,97,9,0,Format0 ,0.999,1,100.000,0.999
1781549094404914,normal,9186,97,9,0,Format0 ,0.992,1,100.000,0.992
1781549097240848,normal,1737,35602,0,2,Format2 ,0.511,2,67.708,0.322
1781549097242870,normal,1739,53086,6,1,Format2 ,0.511,2,75.694,0.459
1781549097249990,normal,1746,96,9,0,Format0 ,1.001,1,100.000,1.001
1781549097274766,normal,1770,96,7,0,Format0 ,0.996,1,100.000,0.996
1781549097284942,normal,1780,96,7,0,Format0 ,0.988,1,100.000,0.988
1781549097286610,normal,1782,37608,8,1,Format2 ,0.508,2,69.444,0.461
1781549097289862,normal,1785,28594,2,0,Format0 ,0.998,2,97.222,0.942
1781549097292721,normal,1788,96,2,1,Format1 ,0.511,1,77.778,0.495
1781549097295774,normal,1791,96,6,0,Format0 ,0.997,1,100.000,0.997
1781549097302972,normal,1798,96,1,0,Format0 ,0.997,1,100.000,0.997
1781549097339681,normal,1834,96,3,0,Format0 ,0.985,1,100.000,0.985
1781549097347795,normal,1842,96,8,1,Format1 ,0.525,1,75.694,0.506
1781549097349829,normal,1844,96,3,0,Format0 ,0.995,1,100.000,0.995
1781549097351863,normal,1846,96,9,0,Format0 ,0.994,1,100.000,0.994
1781549097367125,normal,1861,96,6,0,Format0 ,0.933,1,100.000,0.934
1781549097433241,normal,1926,96,8,1,Format1 ,0.510,1,72.917,0.494
1781549097441415,normal,1934,96,2,1,Format1 ,0.517,1,75.694,0.496
1781549097453610,normal,1946,58592,8,1,Format2 ,0.533,2,67.361,0.431
1781549097580568,normal,2071,47785,6,1,Format2 ,0.518,2,72.917,0.432
1781549097588698,normal,2079,96,6,1,Format1 ,0.513,1,74.306,0.494
1781549097595811,normal,2086,96,8,1,Format1 ,0.513,1,76.389,0.486
1781549097621191,normal,2111,33348,6,1,Format2 ,0.511,2,69.444,0.461
1781549097628311,normal,2118,96,1,0,Format0 ,0.990,1,100.000,0.990
1781549097656687,normal,2146,96,8,1,Format1 ,0.503,1,74.306,0.483
1781549097658710,normal,2148,96,1,0,Format0 ,0.990,1,100.000,0.990
1781549097661765,normal,2151,96,6,1,Format1 ,0.513,1,76.389,0.496
1781549097699349,normal,2188,96,1,0,Format0 ,1.002,1,100.000,1.002
1781549097732921,normal,2221,60215,6,1,Format2 ,0.514,2,75.694,0.462
1781549097737993,normal,2226,55898,8,1,Format2 ,0.520,2,73.611,0.464
1781549098048903,normal,2532,96,7,0,Format0 ,0.996,1,100.000,0.996
1781549098699642,normal,3173,96,1,0,Format0 ,0.973,1,100.000,0.973
1781549098768956,normal,3177,96,0,1,Format1 ,0.519,1,75.000,0.503
1781549098810797,normal,3218,96,1,0,Format0 ,0.984,1,100.000,0.984
1781549098818932,normal,3226,43662,8,1,Format2 ,0.500,2,68.056,0.418
1781549098839286,normal,3246,96,8,1,Format1 ,0.522,1,77.778,0.504
1781549098842382,normal,3249,96,6,0,Format0 ,0.990,1,100.000,0.990
1781549098882153,normal,3288,96,2,1,Format1 ,0.508,1,73.611,0.489
1781549098902573,normal,3308,96,1,0,Format0 ,0.993,1,100.000,0.993
1781549098929142,normal,3334,21814,2,1,Format2 ,0.518,2,72.222,0.470
1781549098941370,normal,3346,96,8,1,Format1 ,0.505,1,79.861,0.495
1781549098943379,normal,3348,96,1,0,Format0 ,0.990,1,100.000,0.990
1781549098977039,normal,3381,96,6,1,Format1 ,0.515,1,75.000,0.496
1781549099032339,normal,3435,27891,2,1,Format2 ,0.513,2,75.000,0.470
1781549099035200,normal,3438,96,1,0,Format0 ,0.997,1,100.000,0.997
1781549099043324,normal,3446,325,8,1,Format2 ,0.517,2,69.444,0.408
1781549099058594,normal,3461,96,6,1,Format1 ,0.507,1,72.917,0.487
1781549099099332,normal,3501,44956,6,1,Format2 ,0.503,1,73.611,0.462
1781549099104416,normal,3506,51209,8,1,Format2 ,0.502,2,70.139,0.458
1781549099134911,normal,3536,96,8,1,Format1 ,0.514,1,75.000,0.494
1781549099142100,normal,3543,96,1,0,Format0 ,1.008,1,100.000,1.008
1781549099165509,normal,3566,62626,8,1,Format2 ,0.511,2,69.444,0.411
1781549099171627,normal,3572,96,7,0,Format0 ,0.992,1,100.000,0.992
1781549099232664,normal,3632,96,7,0,Format0 ,0.984,1,100.000,0.984
1781549099251944,normal,3651,96,6,1,Format1 ,0.518,1,74.306,0.499
1781549100219824,normal,4602,96,7,0,Format0 ,0.994,1,100.000,0.994
1781549100231017,normal,4613,96,1,0,Format0 ,0.990,1,100.000,0.990
1781549100244194,normal,4626,96,8,0,Format0 ,0.912,1,100.000,0.913
1781549100305357,normal,4686,38230,8,1,Format2 ,0.517,2,73.611,0.432
1781549100386995,normal,4766,96,8,1,Format1 ,0.511,1,76.389,0.495
1781549100737039,normal,5109,96,6,1,Format1 ,0.510,1,79.167,0.500
1781549100774878,normal,5146,2,0,3,Format1A,0.637,1,75.521,0.489
1781549100811769,normal,5182,107,9,0,Format0 ,0.992,1,100.000,0.992
1781549100836362,normal,5206,106,0,1,Format1A,0.511,1,73.611,0.489
1781549100856848,normal,5226,97,9,0,Format0 ,0.985,1,100.000,0.985
1781549100862030,normal,5231,97,4,1,Format1 ,0.510,1,71.528,0.487
1781549100882516,normal,5251,63415,4,1,Format2 ,0.515,2,64.583,0.398
1781549100959158,normal,5326,97,9,0,Format0 ,0.992,1,100.000,0.992
1781549101101828,normal,5466,47634,4,1,Format2 ,0.509,2,70.833,0.381
1781549101189640,normal,5552,107,0,1,Format1 ,0.519,1,75.694,0.500
1781549101226375,normal,5588,96,1,0,Format0 ,0.997,1,100.000,0.997
1781549101854979,normal,6206,107,4,1,Format1 ,0.519,1,77.083,0.502
1781549101875255,normal,6226,107,4,1,Format1 ,0.513,1,75.694,0.497
1781549104022126,normal,8268,96,1,0,Format0 ,0.991,1,100.000,0.991
1781549104422153,normal,8660,97,3,0,Format0 ,0.992,1,100.000,0.992
1781549104427715,normal,8666,97,9,0,Format0 ,1.007,1,100.000,1.007
1781549104430778,normal,8669,17389,0,1,Format2 ,0.513,2,70.833,0.388
1781549104442963,normal,8681,97,4,1,Format1 ,0.513,1,73.611,0.493
1781549104448084,normal,8686,97,9,0,Format0 ,0.996,1,100.000,0.996
1781549104451132,normal,8689,97,0,1,Format1 ,0.516,1,77.083,0.498
1781549104453157,normal,8691,952,4,1,Format2 ,0.521,2,72.222,0.475
1781549104463319,normal,8701,25099,4,1,Format2 ,0.507,2,76.389,0.467
1781549104465335,normal,8703,97,3,0,Format0 ,0.986,1,100.000,0.986
1781549104468381,normal,8706,97,9,0,Format0 ,0.993,1,100.000,0.993
1781549104471432,normal,8709,97,0,1,Format1 ,0.508,1,77.778,0.495
1781549104473464,normal,8711,97,4,1,Format1 ,0.510,1,72.917,0.495
1781549104488757,normal,8726,97,9,0,Format0 ,0.995,1,100.000,0.995
1781549104491797,normal,8729,97,0,1,Format1 ,0.518,1,69.444,0.498
1781549104493823,normal,8731,27539,4,1,Format2 ,0.509,2,75.000,0.482
1781549104498113,normal,8735,97,3,0,Format0 ,0.993,1,100.000,0.993
1781549104503366,normal,8740,97,3,0,Format0 ,0.996,1,100.000,0.996
1781549104509183,normal,8746,97,9,0,Format0 ,0.999,1,100.000,0.999
1781549104512234,normal,8749,13082,0,1,Format2 ,0.512,2,70.833,0.414
1781549104529612,normal,8766,97,9,0,Format0 ,0.996,1,100.000,0.996
1781549104532638,normal,8769,27539,0,1,Format2 ,0.511,2,73.611,0.480
1781549104570278,normal,8806,97,9,0,Format0 ,0.995,1,100.000,0.995
1781549105893497,normal,10108,96,1,0,Format0 ,0.995,1,100.000,0.995
1781549105944536,normal,10158,96,1,0,Format0 ,1.008,1,100.000,1.008
1781549438993184,normal,6129,55689,30,1,Format1C,1.685,1,62.500,1.118
1781549439143727,normal,6207,25372,8,2,Format1C,1.544,1,59.722,0.822
1781549439158363,normal,6212,8442,0,3,Format1C,2.210,1,58.681,0.602
1781549439193821,normal,6233,31045,18,1,Format0 ,1.780,2,81.250,1.497
1781549439272449,normal,6269,30528,18,1,Format1C,2.473,1,66.667,1.707
1781549439380300,normal,6324,55640,0,2,Format1A,0.357,1,63.194,0.291
1781549439395807,normal,6329,3861,34,1,Format1C,1.957,1,65.972,1.723
1781549439684729,normal,6468,16583,0,3,Format1C,1.588,1,60.069,0.555
1781549439692725,normal,6471,40017,30,1,Format1C,1.034,1,70.139,0.608
1781549440394418,normal,6817,33885,0,1,Format1C,2.007,1,70.833,1.186
1781549440572580,normal,6912,27983,6,1,Format0 ,1.579,2,77.083,1.269
1781549442715531,normal,9901,103,2,1,Format1A,0.509,1,73.611,0.496
1781549442717539,normal,9903,97,3,0,Format0 ,1.006,1,100.000,1.006
1781549442720574,normal,9906,97,9,0,Format0 ,0.991,1,100.000,0.991
1781549442723631,normal,9909,25099,0,1,Format2 ,0.512,2,75.000,0.468
1781549442741048,normal,9926,97,9,0,Format0 ,1.007,1,100.000,1.007
1781549442744031,normal,9929,49883,4,1,Format2 ,0.513,2,74.306,0.474
1781549442746077,normal,9931,97,4,1,Format1 ,0.514,1,73.611,0.495
1781549442748104,normal,9933,97,3,0,Format0 ,1.002,1,100.000,1.002
1781549442756236,normal,9941,97,4,1,Format1 ,0.514,1,73.611,0.496
1781549442761287,normal,9946,97,9,0,Format0 ,1.008,1,100.000,1.008
1781549442763317,normal,9948,97,7,0,Format0 ,0.962,1,100.000,0.962
1781549442767397,normal,9952,11360,8,1,Format2 ,0.500,2,71.528,0.408
1781549442772439,normal,9957,97,9,0,Format0 ,0.991,1,100.000,0.991
1781549442781595,normal,9966,97,9,0,Format0 ,1.003,1,100.000,1.003
1781549442791733,normal,9976,97,9,0,Format0 ,1.004,1,100.000,1.004
1781549442796780,normal,9981,97,4,1,Format1 ,0.510,1,75.694,0.500
1781549442801826,normal,9986,97,9,0,Format0 ,0.992,1,100.000,0.992
1781549442812012,normal,9996,97,9,0,Format0 ,0.993,1,100.000,0.993
1781549442825266,normal,10009,97,0,1,Format1 ,0.511,1,75.694,0.495
1781549442827322,normal,10011,97,4,1,Format1 ,0.518,1,72.917,0.501
1781549442833393,normal,10017,97,9,0,Format0 ,0.998,1,100.000,0.998
1781549442842492,normal,10026,97,9,0,Format0 ,0.993,1,100.000,0.993
1781549442847668,normal,10031,17389,4,1,Format2 ,0.514,2,72.222,0.393
1781549442853825,normal,10037,2983,0,1,Format2 ,0.523,2,70.139,0.476
1781549442853825,normal,10037,103,4,1,Format1 ,0.508,1,77.083,0.498
1781549442865046,normal,10048,97,6,1,Format1 ,0.514,1,75.694,0.499
1781549442868190,normal,10051,97,4,1,Format1 ,0.572,1,77.778,0.485
1781549442871217,normal,10054,97,0,1,Format1 ,0.508,1,75.000,0.494
1781549442873244,normal,10056,97,9,0,Format0 ,0.989,1,100.000,0.989
1781549442881419,normal,10064,97,9,0,Format0 ,0.997,1,100.000,0.997
1781549442883453,normal,10066,97,9,0,Format0 ,0.986,1,100.000,0.986
1781549442884442,normal,10067,97,9,0,Format0 ,1.004,1,100.000,1.004
1781549442888494,normal,10071,43517,4,2,Format2 ,0.515,2,71.875,0.348
1781549442898644,normal,10081,97,4,1,Format1 ,0.515,1,76.389,0.496
1781549443557149,normal,486,2,0,3,Format1A,0.515,1,76.042,0.498
1781549443570478,normal,499,6007,2,1,Format0 ,1.000,2,81.944,0.649
1781549443596023,normal,524,104,0,3,Format1A,1.001,1,100.000,1.001
1781549443616296,normal,544,104,0,3,Format1 ,0.999,1,100.000,0.999
1781549445546098,normal,2372,104,9,0,Format0 ,0.949,1,98.611,0.949
1781549453038203,normal,9686,18248,8,1,Format2 ,0.527,2,66.667,0.379
1781549453160279,normal,9805,12129,2,1,Format0 ,0.982,2,83.333,0.656
1781549453447254,normal,10086,97,9,0,Format0 ,0.990,1,100.000,0.990
1781549453450422,normal,10089,97,4,1,Format1 ,0.508,1,71.528,0.490
1781549453450422,normal,10089,43123,2,0,Format0 ,0.988,2,97.222,0.929
1781549453452436,normal,10091,97,4,1,Format1 ,0.512,1,77.083,0.498
1781549453462102,normal,10100,97,3,0,Format0 ,0.995,1,100.000,0.995
1781549453466750,normal,10105,28594,2,0,Format0 ,0.995,2,97.222,0.938
1781549453470628,normal,10109,2400,0,1,Format2 ,0.525,2,72.917,0.477
1781549453472730,normal,10111,97,4,1,Format1 ,0.514,1,76.389,0.492
1781549453482989,normal,10121,25099,4,1,Format2 ,0.528,2,75.694,0.479
1781549453488006,normal,10126,97,9,0,Format0 ,1.004,1,100.000,1.004
1781549453491090,normal,10129,97,0,1,Format1 ,0.526,1,77.083,0.502
1781549453503275,normal,10141,13935,4,1,Format2 ,0.535,2,71.528,0.388
1781549453508379,normal,10146,97,9,0,Format0 ,1.007,1,100.000,1.007
1781549453511412,normal,10149,97,0,1,Format1 ,0.512,1,75.000,0.496
1781549453513441,normal,10151,25099,4,1,Format2 ,0.513,2,71.528,0.467
1781549453515474,normal,10153,97,3,0,Format0 ,0.957,1,100.000,0.957
1781549453520572,normal,10158,60258,6,1,Format2 ,0.510,2,74.306,0.468
1781549453523081,normal,10160,97,3,0,Format0 ,0.998,1,100.000,0.998
1781549453528843,normal,10166,97,9,0,Format0 ,0.995,1,100.000,0.995
1781549453531875,normal,10169,48239,0,1,Format2 ,0.517,2,71.528,0.416
1781549453535994,normal,10173,97,3,0,Format0 ,0.994,1,100.000,0.994
1781549453544131,normal,10181,10311,4,1,Format2 ,0.516,2,72.917,0.460
1781549453549255,normal,10186,97,9,0,Format0 ,0.995,1,100.000,0.995
1781549453552217,normal,10189,13935,0,1,Format2 ,0.508,2,72.222,0.387
1781549453554243,normal,10191,27539,4,1,Format2 ,0.518,2,70.833,0.486
1781549453563669,normal,10200,97,3,0,Format0 ,0.994,1,100.000,0.994
1781549453569477,normal,10206,97,9,0,Format0 ,0.985,1,100.000,0.985
1781549453589886,normal,10226,97,9,0,Format0 ,0.992,1,100.000,0.992
1781549454026975,normal,414,96,3,0,Format0 ,0.987,1,100.000,0.987
1781549454031047,normal,418,58759,2,1,Format2 ,0.513,2,71.528,0.420
1781549454039192,normal,426,96,8,1,Format1 ,0.573,1,79.167,0.475
1781549454041214,normal,428,96,1,0,Format0 ,0.970,1,100.000,0.970
1781549454051375,normal,438,96,1,0,Format0 ,0.996,1,100.000,0.996
1781549454089222,normal,475,96,2,0,Format0 ,0.992,1,100.000,0.992
1781549454095201,normal,481,96,6,0,Format0 ,0.993,1,100.000,0.994
1781549454097183,normal,483,96,1,0,Format0 ,1.005,1,100.000,1.005
1781549454099389,normal,485,23386,2,0,Format0 ,0.995,2,97.222,0.942
1781549454102263,normal,488,96,2,1,Format1 ,0.526,1,73.611,0.497
1781549454104691,normal,490,96,7,0,Format0 ,0.990,1,100.000,0.990
1781549454107398,normal,493,96,1,0,Format0 ,0.993,1,100.000,0.993
1781549454112480,normal,498,96,2,1,Format1 ,0.511,1,72.917,0.491
1781549454182886,normal,501,96,6,1,Format1 ,0.518,1,70.833,0.497
1781549454187083,normal,506,59429,8,1,Format2 ,0.513,2,70.833,0.423
1781549454189193,normal,508,96,1,0,Format0 ,0.992,1,100.000,0.992
1781549454208049,normal,526,96,9,0,Format0 ,1.003,1,100.000,1.003
1781549454210052,normal,528,30888,0,3,Format1 ,0.330,1,60.243,0.135
1781549454220439,normal,538,96,2,0,Format0 ,0.928,1,91.667,0.871
1781549454226636,normal,544,96,2,1,Format1 ,0.479,1,79.167,0.467
1781549454228674,normal,546,23881,8,1,Format2 ,0.507,2,69.444,0.387
1781549454233981,normal,551,96,6,0,Format0 ,0.991,1,100.000,0.991
1781549454235941,normal,553,96,1,0,Format0 ,0.998,1,100.000,0.998
1781549454244312,normal,561,96,6,0,Format0 ,0.999,1,100.000,0.999
1781549454246328,normal,563,96,1,0,Format0 ,0.987,1,100.000,0.987
1781549454249362,normal,566,96,9,0,Format0 ,0.960,1,100.000,0.960
1781549454254483,normal,571,96,6,1,Format1 ,0.513,1,74.306,0.498
1781549454274978,normal,591,56915,6,1,Format2 ,0.517,2,77.778,0.473
1781549454289426,normal,605,12129,2,1,Format0 ,0.982,2,83.333,0.654
1781549454309940,normal,625,50785,2,0,Format0 ,0.984,2,97.222,0.932
1781549454309940,normal,625,20580,3,0,Format0 ,0.979,1,81.944,0.642
1781549454333171,normal,648,96,2,1,Format1 ,0.523,1,73.611,0.488
1781549454335531,normal,650,27891,6,1,Format2 ,0.520,2,72.222,0.477
1781549454337226,normal,652,96,7,0,Format0 ,0.998,1,100.000,0.998
1781549454343351,normal,658,96,1,0,Format0 ,0.997,1,100.000,0.997
1781549454345816,normal,660,96,6,1,Format1 ,0.509,1,72.917,0.493
1781549454351613,normal,666,96,9,0,Format0 ,0.997,1,100.000,0.997
1781549454377155,normal,691,96,6,0,Format0 ,0.955,1,100.000,0.956
1781549454545440,normal,856,96,8,1,Format1 ,0.509,1,78.472,0.496
1781549454547456,normal,858,96,1,0,Format0 ,0.987,1,100.000,0.987
1781549454548472,normal,859,96,6,1,Format1 ,0.520,1,74.306,0.506
1781549454596841,normal,906,96,8,1,Format1 ,0.509,1,77.083,0.489
1781549454598863,normal,908,96,1,0,Format0 ,0.996,1,100.000,0.996
1781549454601910,normal,911,11984,6,1,Format2 ,0.495,2,69.444,0.427
1781549454649655,normal,958,96,1,0,Format0 ,1.000,1,100.000,1.000
1781549454663076,normal,971,96,6,1,Format1 ,0.517,1,78.472,0.504
1781549454767949,normal,1074,96,2,0,Format0 ,0.964,1,95.833,0.933
1781549454800257,normal,1105,12459,4,1,Format2 ,0.528,2,70.833,0.476
1781549454800257,normal,1105,50785,2,0,Format0 ,0.982,2,97.222,0.925
1781549454803105,normal,1108,96,1,0,Format0 ,0.994,1,100.000,0.994
1781549454806146,normal,1111,96,6,1,Format1 ,0.510,1,71.528,0.487
1781549454820804,normal,1125,23386,2,0,Format0 ,0.987,2,97.222,0.933
1781549454996213,normal,1294,96,2,0,Format0 ,0.947,1,91.667,0.908
1781549455089026,normal,1385,28594,2,0,Format0 ,0.989,2,97.222,0.931
1781549455154121,normal,1449,43123,2,0,Format0 ,0.971,2,97.222,0.919
1781549455313723,normal,1605,23386,2,0,Format0 ,0.992,2,97.222,0.936
1781549455334373,normal,1625,28594,2,0,Format0 ,0.989,2,97.222,0.933
1781549455355104,normal,1645,12129,2,1,Format0 ,0.988,2,83.333,0.657
1781549455395847,normal,1685,55259,2,1,Format0 ,0.940,2,79.167,0.556
1781549455599327,normal,1884,96,2,1,Format1 ,0.464,1,71.528,0.444
1781549455718795,normal,2001,31961,6,1,Format2 ,0.521,2,69.444,0.437
1781549455751484,normal,2033,96,1,0,Format0 ,1.023,1,100.000,1.023
1781549455764898,normal,2046,96,9,0,Format0 ,0.993,1,100.000,0.993
1781549455766916,normal,2048,96,1,0,Format0 ,0.990,1,100.000,0.990
1781549455785325,normal,2066,96,8,1,Format1 ,0.583,1,74.306,0.474
1781549455787347,normal,2068,96,1,0,Format0 ,0.977,1,100.000,0.977
1781549455790524,normal,2071,96,6,1,Format1 ,0.518,1,77.778,0.506
1781549455806030,normal,2086,96,8,1,Format1 ,0.507,1,70.833,0.482
1781549455820708,normal,2100,96,7,0,Format0 ,0.986,1,100.000,0.986
1781549455826467,normal,2106,18412,8,1,Format2 ,0.513,2,72.222,0.458
1781549455833765,normal,2113,96,1,0,Format0 ,0.991,1,100.000,0.991
1781549455846939,normal,2126,96,8,1,Format1 ,0.519,1,73.611,0.503
1781549455864205,normal,2143,96,1,0,Format0 ,0.972,1,100.000,0.972
1781549455871902,normal,2150,96,7,0,Format0 ,1.003,1,100.000,1.003
1781549455913097,normal,2191,96,6,0,Format0 ,0.998,1,100.000,0.998
1781549455915070,normal,2193,96,1,0,Format0 ,0.979,1,100.000,0.979
1781549455923184,normal,2201,96,6,1,Format1 ,0.524,1,77.083,0.503
1781549455941474,normal,2219,96,6,0,Format0 ,0.988,1,100.000,0.988
1781549455958962,normal,2236,43597,8,1,Format2 ,0.505,2,75.694,0.460
1781549455969243,normal,2246,13279,8,1,Format2 ,0.462,2,70.833,0.412
1781549455972418,normal,2249,43123,2,0,Format0 ,0.995,2,97.222,0.939
1781549455972418,normal,2249,15308,3,0,Format0 ,0.994,2,91.667,0.831
1781549455974382,normal,2251,56915,6,1,Format2 ,0.515,2,77.778,0.470
1781549455984144,normal,2260,96,6,1,Format1 ,0.509,1,81.250,0.498
1781549455987649,normal,2264,749,2,1,Format2 ,0.506,2,76.389,0.410
1781549455988816,normal,2265,28594,2,0,Format0 ,0.959,2,97.222,0.911
1781549455991734,normal,2268,44773,2,1,Format2 ,0.506,2,72.917,0.411
1781549455994403,normal,2270,96,6,0,Format0 ,0.932,1,100.000,0.932
1781549455996867,normal,2273,96,1,0,Format0 ,0.919,1,100.000,0.919
1781549455999080,normal,2275,3668,0,3,Format2 ,0.314,2,59.028,0.175
1781549456001950,normal,2278,96,1,0,Format0 ,0.853,1,93.056,0.791
1781549456006866,normal,2282,96,7,0,Format0 ,1.051,1,91.667,0.951
1781549456013305,normal,2289,96,6,1,Format1 ,0.499,1,68.750,0.427
1781549456015333,normal,2291,96,6,0,Format0 ,1.005,1,100.000,1.005
1781549456019863,normal,2295,96,2,1,Format1 ,0.507,1,70.833,0.492
1781549456025516,normal,2301,96,6,1,Format1 ,0.588,1,72.222,0.500
1781549456086807,normal,2361,96,6,0,Format0 ,0.988,1,100.000,0.988
1781549456091936,normal,2366,96,9,0,Format0 ,0.995,1,100.000,0.995
1781549456104129,normal,2378,96,1,0,Format0 ,0.992,1,100.000,0.992
1781549456204171,normal,2476,96,8,1,Format1 ,0.603,1,72.917,0.496
1781549456206241,normal,2478,96,1,0,Format0 ,1.002,1,100.000,1.002
1781549456247165,normal,2518,96,1,0,Format0 ,0.960,1,100.000,0.960
1781549456254413,normal,2525,12129,2,1,Format0 ,0.938,2,83.333,0.625
1781549456256285,normal,2527,96,0,1,Format1 ,0.506,1,75.694,0.484
1781549456275699,normal,2546,96,8,0,Format0 ,0.999,1,95.833,0.963
1781549456285050,normal,2555,96,2,1,Format1 ,0.531,1,74.306,0.463
1781549456286895,normal,2557,96,0,1,Format1 ,0.526,1,75.694,0.503
1781549456296025,normal,2566,96,8,1,Format1 ,0.516,1,74.306,0.499
1781549456298051,normal,2568,96,2,1,Format1 ,0.522,1,73.611,0.499
1781549456300369,normal,2570,96,6,1,Format1 ,0.517,1,78.472,0.502
1781549456327721,normal,2597,96,0,1,Format1 ,0.557,1,75.000,0.452
1781549456350375,normal,2619,96,6,1,Format1 ,0.507,1,68.750,0.487
1781549456380391,normal,2648,36457,2,1,Format2 ,0.519,2,77.083,0.473
1781549456396685,normal,2664,96,3,0,Format0 ,1.006,1,95.833,0.993
1781549456413327,normal,2680,96,7,0,Format0 ,1.051,1,100.000,1.051
1781549456419106,normal,2686,96,8,1,Format1 ,0.508,1,72.917,0.489
1781549456475328,normal,2741,96,6,1,Format1 ,0.621,1,76.389,0.535
1781549456482525,normal,2748,96,1,0,Format0 ,0.990,1,100.000,0.990
1781549456485586,normal,2751,18779,6,1,Format2 ,0.501,2,72.222,0.453
1781549456492758,normal,2758,96,1,0,Format0 ,0.985,1,100.000,0.985
1781549456495997,normal,2761,96,6,0,Format0 ,0.980,1,100.000,0.981
1781549456498017,normal,2763,96,1,0,Format0 ,0.993,1,100.000,0.993
1781549456500271,normal,2765,12129,2,1,Format0 ,0.959,2,83.333,0.645
1781549456506168,normal,2771,96,6,0,Format0 ,1.001,1,100.000,1.001
1781549456509219,normal,2774,9958,2,1,Format2 ,0.518,2,72.917,0.474
1781549456513339,normal,2778,96,1,0,Format0 ,0.972,1,100.000,0.972
1781549456517389,normal,2782,96,7,0,Format0 ,0.951,1,98.611,0.948
1781549456521440,normal,2786,96,8,1,Format1 ,0.516,1,78.472,0.501
1781549456524511,normal,2789,96,6,1,Format1 ,0.510,1,73.611,0.494
1781549456526535,normal,2791,26935,6,1,Format2 ,0.492,2,74.306,0.452
1781549456531700,normal,2796,96,8,0,Format0 ,0.776,1,91.667,0.740
1781549456545678,normal,2809,96,6,0,Format0 ,1.006,1,100.000,1.006
1781549456552052,normal,2815,96,2,1,Format1 ,0.514,1,79.167,0.500
1781549456553928,normal,2817,29875,0,1,Format2 ,0.518,2,77.778,0.478
1781549456568159,normal,2831,96,6,1,Format1 ,0.518,1,72.917,0.503
1781549456606108,normal,2868,96,1,0,Format0 ,0.989,1,100.000,0.989
1781549456616320,normal,2878,96,1,0,Format0 ,0.991,1,100.000,0.991
1781549456685574,normal,2946,4593,8,1,Format2 ,0.523,2,74.306,0.469
1781549456697762,normal,2958,96,1,0,Format0 ,1.000,1,100.000,1.000
1781549456705977,normal,2966,96,8,1,Format1 ,0.516,1,77.083,0.495
1781549456716257,normal,2976,96,9,0,Format0 ,1.053,1,94.444,1.031
1781549456738614,normal,2998,96,1,0,Format0 ,0.932,1,100.000,0.932
1781549456741711,normal,3001,96,6,1,Format1 ,0.473,1,75.000,0.451
1781549456745941,normal,3005,18455,2,0,Format0 ,0.908,2,94.444,0.876
1781549456757931,normal,3017,96,0,1,Format1 ,0.622,1,72.917,0.534
1781549456764018,normal,3023,26040,0,2,Format1C,0.390,1,59.028,0.182
1781549456774597,normal,3033,96,1,0,Format0 ,1.004,1,100.000,1.004
1781549456778564,normal,3037,96,0,1,Format1 ,0.509,1,70.833,0.490
1781549456849197,normal,3106,96,8,0,Format0 ,0.943,1,94.444,0.875
1781549456868897,normal,3125,23386,2,0,Format0 ,0.920,2,97.222,0.865
1781549457033348,normal,3285,23386,2,0,Format0 ,0.978,2,97.222,0.922
1781549457645149,normal,3884,96,2,1,Format1 ,0.529,1,74.306,0.496
1781549459854994,normal,5986,96,8,1,Format1 ,0.512,1,72.917,0.491
1781549459915117,normal,6045,12129,2,1,Format0 ,0.988,2,83.333,0.657
1781549459917956,normal,6048,96,1,0,Format0 ,0.967,1,100.000,0.967
1781549459959482,normal,6089,43123,2,0,Format0 ,0.997,2,97.222,0.943
1781549459978731,normal,6108,96,1,0,Format0 ,0.988,1,100.000,0.988
1781549459996977,normal,6126,50939,8,1,Format2 ,0.515,2,76.389,0.474
1781549460103366,normal,6231,9056,6,1,Format2 ,0.511,2,70.833,0.413
1781549461952026,normal,8045,12129,2,1,Format0 ,0.991,2,83.333,0.661
1781549461973510,normal,8066,11390,8,1,Format2 ,0.521,2,79.167,0.481
1781549461993961,normal,8086,40575,8,1,Format2 ,0.521,2,74.306,0.461
1781549462016477,normal,8108,25744,0,2,Format1A,0.480,1,64.931,0.286
1781549462024738,normal,8116,96,9,0,Format0 ,1.027,1,100.000,1.027
1781549462034961,normal,8126,5093,8,1,Format2 ,0.512,2,75.694,0.467
1781549462070767,normal,8161,5093,6,1,Format2 ,0.511,2,71.528,0.465
1781549462080356,normal,8170,96,7,0,Format0 ,0.998,1,100.000,0.998
1781549462122051,normal,8211,96,6,1,Format1 ,0.513,1,74.306,0.493
1781549462139431,normal,8228,96,1,0,Format0 ,1.008,1,100.000,1.008
1781549462812999,normal,8886,2,0,3,Format1A,0.521,1,75.347,0.501
1781549462934413,normal,9006,105,9,0,Format0 ,0.967,1,100.000,0.967
1781549463156668,normal,9226,96,8,1,Format1 ,0.512,1,73.611,0.490
1781549463622148,normal,9686,97,9,0,Format0 ,0.982,1,100.000,0.982
1781549463625206,normal,9689,5322,0,1,Format2 ,0.516,2,72.917,0.430
1781549463628292,normal,9692,97,8,1,Format1 ,0.508,1,72.917,0.491
1781549463642435,normal,9706,97,9,0,Format0 ,0.986,1,100.000,0.986
1781549463645487,normal,9709,97,0,1,Format1 ,0.514,1,73.611,0.493
1781549463647522,normal,9711,97,4,1,Format1 ,0.509,1,77.778,0.491
1781549463658638,normal,9722,97,8,1,Format1 ,0.495,1,76.389,0.479
1781549463662680,normal,9726,97,9,0,Format0 ,0.979,1,100.000,0.979
1781549463665732,normal,9729,97,0,1,Format1 ,0.534,1,79.167,0.512
1781549463682984,normal,9746,97,9,0,Format0 ,0.968,1,98.611,0.968
1781549463686018,normal,9749,97,0,2,Format1 ,0.304,1,66.319,0.258
1781549463688039,normal,9751,97,4,1,Format1 ,0.522,1,73.611,0.493
1781549463691086,normal,9754,97,9,0,Format0 ,1.003,1,100.000,1.003
1781549463698184,normal,9761,97,4,1,Format1 ,0.516,1,72.222,0.501
1781549463703258,normal,9766,97,9,0,Format0 ,0.992,1,100.000,0.992
1781549463706354,normal,9769,97,4,1,Format1 ,0.509,1,79.167,0.496
1781549463706354,normal,9769,43123,2,0,Format0 ,0.994,2,97.222,0.943
1781549463718532,normal,9781,9864,4,1,Format2 ,0.517,2,76.389,0.472
1781549463720583,normal,9783,97,3,0,Format0 ,0.988,1,100.000,0.988
1781549463723659,normal,9786,97,9,0,Format0 ,0.991,1,100.000,0.991
1781549463726674,normal,9789,97,0,1,Format1 ,0.519,1,79.861,0.509
1781549463728686,normal,9791,97,4,1,Format1 ,0.529,1,69.444,0.506
1781549463738844,normal,9801,97,4,1,Format1 ,0.511,1,76.389,0.495
1781549463740851,normal,9803,97,3,0,Format0 ,0.986,1,100.000,0.986
1781549463743892,normal,9806,97,9,0,Format0 ,1.002,1,100.000,1.002
1781549463746937,normal,9809,97,0,1,Format1 ,0.516,1,71.528,0.498
1781549463748975,normal,9811,97,4,1,Format1 ,0.522,1,72.917,0.499
1781549463764172,normal,9826,97,9,0,Format0 ,0.988,1,100.000,0.988
1781549463806696,normal,9868,97,7,0,Format0 ,0.985,1,100.000,0.985
1781549466201630,normal,1966,97,9,0,Format0 ,1.009,1,100.000,1.009
1781549466241889,normal,2005,55259,2,1,Format0 ,0.970,2,79.167,0.589
1781549466283211,normal,2046,97,9,0,Format0 ,0.990,1,100.000,0.990
1781549468191072,normal,3925,55259,2,1,Format0 ,0.992,2,79.167,0.593
1781549470231132,normal,5928,96,1,0,Format0 ,1.002,1,100.000,1.002
1781549473680842,normal,9311,97,4,1,Format1 ,0.515,1,75.694,0.503
1781549473690996,normal,9321,97,4,1,Format1 ,0.505,1,72.917,0.488
1781549473696120,normal,9326,97,9,0,Format0 ,0.998,1,100.000,0.998
1781549473699161,normal,9329,97,0,1,Format1 ,0.524,1,76.389,0.508
1781549473706331,normal,9336,97,9,0,Format0 ,0.916,1,98.611,0.907
1781549473716523,normal,9346,97,9,0,Format0 ,0.990,1,100.000,0.990
1781549473719578,normal,9349,18302,0,1,Format2 ,0.519,2,74.306,0.475
1781549473721693,normal,9351,7613,4,1,Format2 ,0.512,2,81.944,0.474
1781549473736841,normal,9366,97,9,0,Format0 ,0.983,1,100.000,0.983
1781549473739884,normal,9369,47004,0,1,Format2 ,0.513,2,74.306,0.416
1781549473741968,normal,9371,45788,4,1,Format2 ,0.514,2,77.778,0.471
1781549473750147,normal,9379,18631,0,1,Format2 ,0.527,2,72.222,0.429
1781549473752178,normal,9381,15030,4,1,Format2 ,0.509,2,68.750,0.364
1781549473757245,normal,9386,97,9,0,Format0 ,0.995,1,100.000,0.995
1781549473760266,normal,9389,97,0,1,Format1 ,0.513,1,79.861,0.498
1781549473762288,normal,9391,97,4,1,Format1 ,0.509,1,75.000,0.490
1781549473777625,normal,9406,97,9,0,Format0 ,0.978,1,100.000,0.978
1781549473792959,normal,9421,97,4,1,Format1 ,0.515,1,74.306,0.495
1781549473798091,normal,9426,97,9,0,Format0 ,0.994,1,100.000,0.994
1781549473801169,normal,9429,97,0,1,Format1 ,0.507,1,75.694,0.490
1781549473803318,normal,9431,97,4,1,Format1 ,0.514,1,75.000,0.496
1781549473811423,normal,9439,97,0,1,Format1 ,0.608,1,76.389,0.510
1781549473814464,normal,9442,97,8,1,Format1 ,0.577,1,74.306,0.468
1781549473818553,normal,9446,97,9,0,Format0 ,0.994,1,100.000,0.994
1781549473822939,normal,9450,97,3,0,Format0 ,0.990,1,100.000,0.990
1781549473833188,normal,9460,97,3,0,Format0 ,0.952,1,100.000,0.952
1781549473836880,normal,9464,97,9,0,Format0 ,0.993,1,100.000,0.993
1781549473838958,normal,9466,97,9,0,Format0 ,0.989,1,100.000,0.989
1781549473842014,normal,9469,15856,0,1,Format2 ,0.511,2,75.000,0.470
1781549473844084,normal,9471,45087,4,1,Format2 ,0.505,2,72.222,0.461
1781549473859371,normal,9486,97,9,0,Format0 ,0.996,1,100.000,0.996
1781549475238987,normal,588,96,1,0,Format0 ,0.988,1,100.000,0.988
1781549477728288,normal,3006,96,8,1,Format1 ,0.511,1,75.694,0.489
1781549479788604,normal,5006,96,8,1,Format1 ,0.526,1,77.778,0.504
1781549483864118,normal,9004,97,9,0,Format0 ,0.994,1,100.000,0.994
1781549483866118,normal,9006,97,9,0,Format0 ,0.986,1,100.000,0.986
1781549483868142,normal,9008,97,7,0,Format0 ,0.993,1,100.000,0.993
1781549483870496,normal,9010,97,3,0,Format0 ,0.990,1,100.000,0.990
1781549483886481,normal,9026,97,9,0,Format0 ,0.987,1,100.000,0.987
1781549483906776,normal,9046,97,9,0,Format0 ,1.004,1,100.000,1.004
1781549483909816,normal,9049,45087,0,1,Format2 ,0.514,2,70.833,0.470
1781549483911934,normal,9051,97,4,1,Format1 ,0.510,1,77.778,0.499
1781549483922070,normal,9061,97,4,1,Format1 ,0.516,1,75.000,0.500
1781549483927168,normal,9066,97,9,0,Format0 ,0.989,1,100.000,0.989
1781549483932282,normal,9071,7613,4,1,Format2 ,0.510,2,79.861,0.469
1781549483947597,normal,9086,97,9,0,Format0 ,0.984,1,100.000,0.984
1781549483950661,normal,9089,97,0,1,Format1 ,0.521,1,66.667,0.482
1781549483962924,normal,9101,3657,4,1,Format2 ,0.503,2,75.000,0.458
1781549483967999,normal,9106,97,9,0,Format0 ,0.999,1,100.000,0.999
1781549483971046,normal,9109,97,0,1,Format1 ,0.518,1,73.611,0.497
1781549483973070,normal,9111,97,4,1,Format1 ,0.513,1,73.611,0.485
1781549483984282,normal,9122,97,8,1,Format1 ,0.517,1,75.000,0.498
1781549483988362,normal,9126,97,9,0,Format0 ,0.994,1,100.000,0.994
1781549483991405,normal,9129,7884,4,1,Format2 ,0.523,2,65.278,0.472
1781549483991405,normal,9129,43123,2,0,Format0 ,0.996,2,97.222,0.945
1781549483993454,normal,9131,97,4,1,Format1 ,0.557,1,75.000,0.448
1781549484008775,normal,9146,97,9,0,Format0 ,0.999,1,100.000,0.999
1781549484049626,normal,9186,97,9,0,Format0 ,0.992,1,100.000,0.992
1781549486897111,normal,1738,96,2,1,Format1 ,0.514,1,73.611,0.494
1781549486905219,normal,1746,96,9,0,Format0 ,1.001,1,100.000,1.001
1781549486929867,normal,1770,96,7,0,Format0 ,0.996,1,100.000,0.996
1781549486940047,normal,1780,96,7,0,Format0 ,0.988,1,100.000,0.988
1781549486941779,normal,1782,37608,8,1,Format2 ,0.508,2,69.444,0.461
1781549486944992,normal,1785,28594,2,0,Format0 ,0.998,2,97.222,0.942
1781549486950885,normal,1791,96,6,0,Format0 ,0.997,1,100.000,0.997
1781549486993549,normal,1833,96,1,0,Format0 ,0.984,1,100.000,0.984
1781549486995760,normal,1835,96,2,0,Format0 ,0.996,1,100.000,0.996
1781549487002724,normal,1842,96,8,1,Format1 ,0.525,1,75.694,0.506
1781549487004798,normal,1844,96,3,0,Format0 ,0.995,1,100.000,0.995
1781549487006798,normal,1846,96,9,0,Format0 ,0.994,1,100.000,0.994
1781549487022027,normal,1861,96,6,0,Format0 ,0.933,1,100.000,0.934
1781549487088375,normal,1926,96,8,1,Format1 ,0.510,1,72.917,0.494
1781549487108638,normal,1946,58592,8,1,Format2 ,0.533,2,67.361,0.431
1781549487236170,normal,2071,47785,6,1,Format2 ,0.518,2,72.917,0.432
1781549487246351,normal,2081,325,6,1,Format2 ,0.514,2,71.528,0.404
1781549487248386,normal,2083,96,1,0,Format0 ,0.980,1,100.000,0.980
1781549487251433,normal,2086,96,8,1,Format1 ,0.513,1,76.389,0.486
1781549487276899,normal,2111,33348,6,1,Format2 ,0.511,2,69.444,0.461
1781549487284037,normal,2118,96,1,0,Format0 ,0.990,1,100.000,0.990
1781549487312479,normal,2146,96,8,1,Format1 ,0.503,1,74.306,0.483
1781549487314562,normal,2148,96,1,0,Format0 ,0.990,1,100.000,0.990
1781549487317612,normal,2151,96,6,1,Format1 ,0.513,1,76.389,0.496
1781549487355249,normal,2188,96,1,0,Format0 ,1.002,1,100.000,1.002
1781549487388895,normal,2221,60215,6,1,Format2 ,0.514,2,75.694,0.462
1781549487393964,normal,2226,55898,8,1,Format2 ,0.520,2,73.611,0.464
1781549487696140,normal,2523,96,1,0,Format0 ,0.968,1,100.000,0.968
1781549487704239,normal,2531,96,6,0,Format0 ,0.994,1,100.000,0.994
1781549487709286,normal,2536,19341,8,1,Format2 ,0.510,2,72.917,0.467
1781549488401820,normal,3218,96,1,0,Format0 ,0.984,1,100.000,0.984
1781549488409982,normal,3226,43662,8,1,Format2 ,0.500,2,68.056,0.418
1781549488430316,normal,3246,96,8,1,Format1 ,0.522,1,77.778,0.504
1781549488433389,normal,3249,96,6,0,Format0 ,0.990,1,100.000,0.990
1781549488532280,normal,3346,96,8,1,Format1 ,0.505,1,79.861,0.495
1781549488534286,normal,3348,96,1,0,Format0 ,0.990,1,100.000,0.990
1781549488568016,normal,3381,96,6,1,Format1 ,0.515,1,75.000,0.496
1781549488623194,normal,3435,27891,2,1,Format2 ,0.513,2,75.000,0.470
1781549488626066,normal,3438,96,1,0,Format0 ,0.997,1,100.000,0.997
1781549488634345,normal,3446,325,8,1,Format2 ,0.517,2,69.444,0.408
1781549488636324,normal,3448,96,1,0,Format0 ,0.991,1,100.000,0.991
1781549488641438,normal,3453,96,1,0,Format0 ,1.003,1,100.000,1.004
1781549488649634,normal,3461,96,6,1,Format1 ,0.507,1,72.917,0.487
1781549488690448,normal,3501,44956,6,1,Format2 ,0.503,1,73.611,0.462
1781549488695509,normal,3506,51209,8,1,Format2 ,0.502,2,70.139,0.458
1781549488726249,normal,3536,96,8,1,Format1 ,0.514,1,75.000,0.494
1781549488756854,normal,3566,62626,8,1,Format2 ,0.511,2,69.444,0.411
1781549488793360,normal,3602,96,7,0,Format0 ,0.962,1,97.222,0.931
1781549488830210,normal,3638,96,1,0,Format0 ,0.988,1,100.000,0.988
1781549488843364,normal,3651,96,6,1,Format1 ,0.518,1,74.306,0.499
1781549488883549,normal,3690,96,7,0,Format0 ,0.987,1,100.000,0.987
1781549489884553,normal,4608,96,1,0,Format0 ,1.005,1,100.000,1.005
1781549489902997,normal,4626,96,8,0,Format0 ,0.912,1,100.000,0.913
1781549489964012,normal,4686,38230,8,1,Format2 ,0.517,2,73.611,0.432
1781549490033578,normal,4754,96,2,1,Format1 ,0.530,1,77.778,0.504
1781549490045781,normal,4766,96,8,1,Format1 ,0.511,1,76.389,0.495
1781549490071320,normal,4791,96,6,1,Format1 ,0.512,1,75.000,0.497
1781549490395286,normal,5109,96,6,1,Format1 ,0.510,1,79.167,0.500
1781549490433093,normal,5146,2,0,3,Format1A,0.637,1,75.521,0.489
1781549490443305,normal,5156,106,0,1,Format1 ,0.513,1,75.694,0.499
1781549490470102,normal,5182,107,9,0,Format0 ,0.992,1,100.000,0.992
1781549490494657,normal,5206,106,0,1,Format1A,0.511,1,73.611,0.489
1781549490515122,normal,5226,97,9,0,Format0 ,0.985,1,100.000,0.985
1781549490540756,normal,5251,63415,4,1,Format2 ,0.515,2,64.583,0.398
1781549490617513,normal,5326,97,9,0,Format0 ,0.992,1,100.000,0.992
1781549490759910,normal,5466,47634,4,1,Format2 ,0.509,2,70.833,0.381
1781549490884371,normal,5588,96,1,0,Format0 ,0.997,1,100.000,0.997
1781549491515845,normal,6206,107,4,1,Format1 ,0.519,1,77.083,0.502
1781549491536241,normal,6226,107,4,1,Format1 ,0.513,1,75.694,0.497
1781549493622892,normal,8268,96,1,0,Format0 ,0.991,1,100.000,0.991
1781549493760945,normal,8403,96,1,0,Format0 ,0.995,1,100.000,0.995
1781549494024019,normal,8661,5322,4,1,Format2 ,0.506,2,75.000,0.432
1781549494029078,normal,8666,97,9,0,Format0 ,1.007,1,100.000,1.007
1781549494032136,normal,8669,17389,0,1,Format2 ,0.513,2,70.833,0.388
1781549494044333,normal,8681,97,4,1,Format1 ,0.513,1,73.611,0.493
1781549494049372,normal,8686,97,9,0,Format0 ,0.996,1,100.000,0.996
1781549494052438,normal,8689,97,0,1,Format1 ,0.516,1,77.083,0.498
1781549494054437,normal,8691,952,4,1,Format2 ,0.521,2,72.222,0.475
1781549494064551,normal,8701,25099,4,1,Format2 ,0.507,2,76.389,0.467
1781549494069630,normal,8706,97,9,0,Format0 ,0.993,1,100.000,0.993
1781549494072692,normal,8709,97,0,1,Format1 ,0.508,1,77.778,0.495
1781549494074727,normal,8711,97,4,1,Format1 ,0.510,1,72.917,0.495
1781549494084836,normal,8721,54547,4,2,Format1C,0.375,1,63.542,0.182
1781549494089898,normal,8726,97,9,0,Format0 ,0.995,1,100.000,0.995
1781549494092929,normal,8729,97,0,1,Format1 ,0.518,1,69.444,0.498
1781549494094951,normal,8731,27539,4,1,Format2 ,0.509,2,75.000,0.482
1781549494110217,normal,8746,97,9,0,Format0 ,0.999,1,100.000,0.999
1781549494113246,normal,8749,13082,0,1,Format2 ,0.512,2,70.833,0.414
1781549494115272,normal,8751,5474,4,1,Format2 ,0.509,2,79.167,0.457
1781549494127035,normal,8754,97,9,0,Format0 ,0.994,1,100.000,0.994
1781549494138567,normal,8766,97,9,0,Format0 ,0.996,1,100.000,0.996
1781549494141611,normal,8769,27539,0,1,Format2 ,0.511,2,73.611,0.480
1781549494179138,normal,8806,97,9,0,Format0 ,0.995,1,100.000,0.995
1781549495320064,normal,9929,43123,2,0,Format0 ,1.007,2,97.222,0.952
1781549495320064,normal,9929,15308,3,0,Format0 ,0.997,2,91.667,0.834
1781549495505044,normal,10108,96,1,0,Format0 ,0.995,1,100.000,0.995
1781549495555971,normal,10158,96,1,0,Format0 ,1.008,1,100.000,1.008
1781549910166765,normal,6207,25372,8,2,Format1C,1.544,1,59.722,0.822
1781549910180276,normal,6212,8442,0,3,Format1C,2.210,1,58.681,0.602
1781549910205833,normal,6229,54625,30,1,Format1C,1.590,1,65.278,1.070
1781549911215113,normal,6730,5384,3,0,Format0 ,1.481,1,77.778,1.227
1781549911246951,normal,6749,9699,36,1,Format1C,2.093,1,64.583,1.603
1781549911377056,normal,6821,8802,18,1,Format1C,1.412,1,68.750,0.790
1781549913671764,normal,9897,97,9,0,Format0 ,1.002,1,100.000,1.002
1781549913675826,normal,9901,103,2,1,Format1A,0.509,1,73.611,0.496
1781549913677827,normal,9903,97,3,0,Format0 ,1.006,1,100.000,1.006
1781549913680877,normal,9906,97,9,0,Format0 ,0.991,1,100.000,0.991
1781549913683923,normal,9909,25099,0,1,Format2 ,0.512,2,75.000,0.468
1781549913701302,normal,9926,97,9,0,Format0 ,1.007,1,100.000,1.007
1781549913704344,normal,9929,49883,4,1,Format2 ,0.513,2,74.306,0.474
1781549913706376,normal,9931,97,4,1,Format1 ,0.514,1,73.611,0.495
1781549913716578,normal,9941,97,4,1,Format1 ,0.514,1,73.611,0.496
1781549913721691,normal,9946,97,9,0,Format0 ,1.008,1,100.000,1.008
1781549913723731,normal,9948,97,7,0,Format0 ,0.962,1,100.000,0.962
1781549913727813,normal,9952,11360,8,1,Format2 ,0.500,2,71.528,0.408
1781549913732906,normal,9957,97,9,0,Format0 ,0.991,1,100.000,0.991
1781549913742129,normal,9966,97,9,0,Format0 ,1.003,1,100.000,1.003
1781549913757367,normal,9981,97,4,1,Format1 ,0.510,1,75.694,0.500
1781549913762447,normal,9986,97,9,0,Format0 ,0.992,1,100.000,0.992
1781549913771816,normal,9995,97,3,0,Format0 ,1.000,1,100.000,1.000
1781549913777716,normal,10001,97,4,1,Format1 ,0.508,1,74.306,0.495
1781549913785843,normal,10009,97,0,1,Format1 ,0.511,1,75.694,0.495
1781549913787901,normal,10011,97,4,1,Format1 ,0.518,1,72.917,0.501
1781549913803189,normal,10026,97,9,0,Format0 ,0.993,1,100.000,0.993
1781549913808227,normal,10031,17389,4,1,Format2 ,0.514,2,72.222,0.393
1781549913815321,normal,10038,25697,6,1,Format2 ,0.513,2,70.833,0.389
1781549913818371,normal,10041,27539,4,1,Format2 ,0.514,2,72.222,0.482
1781549913828544,normal,10051,97,4,1,Format1 ,0.572,1,77.778,0.485
1781549913831610,normal,10054,97,0,1,Format1 ,0.508,1,75.000,0.494
1781549913833643,normal,10056,97,9,0,Format0 ,0.989,1,100.000,0.989
1781549913841775,normal,10064,97,9,0,Format0 ,0.997,1,100.000,0.997
1781549913843815,normal,10066,97,9,0,Format0 ,0.986,1,100.000,0.986
1781549913848902,normal,10071,43517,4,2,Format2 ,0.515,2,71.875,0.348
1781549914514975,normal,486,2,0,3,Format1A,0.515,1,76.042,0.498
1781549914528161,normal,499,6007,2,1,Format0 ,1.000,2,81.944,0.649
1781549914553556,normal,524,104,0,3,Format1A,1.001,1,100.000,1.001
1781549914573922,normal,544,104,0,3,Format1 ,0.999,1,100.000,0.999
1781549916441054,normal,2372,104,9,0,Format0 ,0.949,1,98.611,0.949
1781549916474733,normal,2405,23386,2,0,Format0 ,0.995,2,97.222,0.941
1781549923946809,normal,9686,18248,8,1,Format2 ,0.527,2,66.667,0.379
1781549924067997,normal,9805,12129,2,1,Format0 ,0.982,2,83.333,0.656
1781549924353909,normal,10086,97,9,0,Format0 ,0.990,1,100.000,0.990
1781549924356965,normal,10089,97,4,1,Format1 ,0.508,1,71.528,0.490
1781549924356965,normal,10089,43123,2,0,Format0 ,0.988,2,97.222,0.929
1781549924358990,normal,10091,97,4,1,Format1 ,0.512,1,77.083,0.498
1781549924368567,normal,10100,97,3,0,Format0 ,0.995,1,100.000,0.995
1781549924374258,normal,10106,97,9,0,Format0 ,1.009,1,100.000,1.009
1781549924377321,normal,10109,2400,0,1,Format2 ,0.525,2,72.917,0.477
1781549924379394,normal,10111,97,4,1,Format1 ,0.514,1,76.389,0.492
1781549924394621,normal,10126,97,9,0,Format0 ,1.004,1,100.000,1.004
1781549924397674,normal,10129,97,0,1,Format1 ,0.526,1,77.083,0.502
1781549924409847,normal,10141,13935,4,1,Format2 ,0.535,2,71.528,0.388
1781549924414940,normal,10146,97,9,0,Format0 ,1.007,1,100.000,1.007
1781549924417992,normal,10149,97,0,1,Format1 ,0.512,1,75.000,0.496
1781549924420034,normal,10151,25099,4,1,Format2 ,0.513,2,71.528,0.467
1781549924435305,normal,10166,97,9,0,Format0 ,0.995,1,100.000,0.995
1781549924450582,normal,10181,10311,4,1,Format2 ,0.516,2,72.917,0.460
1781549924455684,normal,10186,97,9,0,Format0 ,0.995,1,100.000,0.995
1781549924458722,normal,10189,13935,0,1,Format2 ,0.508,2,72.222,0.387
1781549924460749,normal,10191,27539,4,1,Format2 ,0.518,2,70.833,0.486
1781549924470945,normal,10201,97,4,1,Format1 ,0.510,1,73.611,0.494
1781549924476016,normal,10206,97,9,0,Format0 ,0.985,1,100.000,0.985
1781549924496435,normal,10226,97,9,0,Format0 ,0.992,1,100.000,0.992
1781549924932070,normal,414,96,3,0,Format0 ,0.987,1,100.000,0.987
1781549924936144,normal,418,58759,2,1,Format2 ,0.513,2,71.528,0.420
1781549924944326,normal,426,96,8,1,Format1 ,0.573,1,79.167,0.475
1781549924946441,normal,428,96,1,0,Format0 ,0.970,1,100.000,0.970
1781549924956612,normal,438,96,1,0,Format0 ,0.996,1,100.000,0.996
1781549924994395,normal,475,96,2,0,Format0 ,0.992,1,100.000,0.992
1781549924999557,normal,480,96,7,0,Format0 ,0.988,1,100.000,0.988
1781549925001316,normal,482,96,8,1,Format1 ,0.523,1,79.861,0.505
1781549925003323,normal,484,96,3,0,Format0 ,1.009,1,100.000,1.009
1781549925005372,normal,486,96,9,0,Format0 ,1.001,1,100.000,1.001
1781549925008437,normal,489,43123,2,0,Format0 ,0.995,2,97.222,0.941
1781549925012476,normal,493,96,1,0,Format0 ,0.993,1,100.000,0.993
1781549925017553,normal,498,96,2,1,Format1 ,0.511,1,72.917,0.491
1781549925020636,normal,501,96,6,1,Format1 ,0.518,1,70.833,0.497
1781549925025759,normal,506,59429,8,1,Format2 ,0.513,2,70.833,0.423
1781549925027779,normal,508,96,1,0,Format0 ,0.992,1,100.000,0.992
1781549925046177,normal,526,96,9,0,Format0 ,1.003,1,100.000,1.003
1781549925049210,normal,529,96,6,0,Format0 ,0.915,1,100.000,0.915
1781549925060758,normal,540,96,6,0,Format0 ,1.013,1,100.000,1.013
1781549925064479,normal,544,96,2,1,Format1 ,0.479,1,79.167,0.467
1781549925066502,normal,546,23881,8,1,Format2 ,0.507,2,69.444,0.387
1781549925071591,normal,551,96,6,0,Format0 ,0.991,1,100.000,0.991
1781549925073625,normal,553,96,1,0,Format0 ,0.998,1,100.000,0.998
1781549925081821,normal,561,96,6,0,Format0 ,0.999,1,100.000,0.999
1781549925083838,normal,563,96,1,0,Format0 ,0.987,1,100.000,0.987
1781549925086879,normal,566,96,9,0,Format0 ,0.960,1,100.000,0.960
1781549925091967,normal,571,96,6,1,Format1 ,0.513,1,74.306,0.498
1781549925112299,normal,591,56915,6,1,Format2 ,0.517,2,77.778,0.473
1781549925147118,normal,625,50785,2,0,Format0 ,0.984,2,97.222,0.932
1781549925147118,normal,625,20580,3,0,Format0 ,0.979,1,81.944,0.642
1781549925170333,normal,648,96,2,1,Format1 ,0.523,1,73.611,0.488
1781549925172732,normal,650,27891,6,1,Format2 ,0.520,2,72.222,0.477
1781549925174401,normal,652,96,7,0,Format0 ,0.998,1,100.000,0.998
1781549925180517,normal,658,96,1,0,Format0 ,0.997,1,100.000,0.997
1781549925182949,normal,660,96,6,1,Format1 ,0.509,1,72.917,0.493
1781549925188654,normal,666,96,9,0,Format0 ,0.997,1,100.000,0.997
1781549925214099,normal,691,96,6,0,Format0 ,0.955,1,100.000,0.956
1781549925381882,normal,856,96,8,1,Format1 ,0.509,1,78.472,0.496
1781549925383898,normal,858,96,1,0,Format0 ,0.987,1,100.000,0.987
1781549925432793,normal,906,96,8,1,Format1 ,0.509,1,77.083,0.489
1781549925435823,normal,909,40575,6,1,Format2 ,0.520,2,76.389,0.465
1781549925437844,normal,911,11984,6,1,Format2 ,0.495,2,69.444,0.427
1781549925485755,normal,958,96,1,0,Format0 ,1.000,1,100.000,1.000
1781549925498959,normal,971,96,6,1,Format1 ,0.517,1,78.472,0.504
1781549925604582,normal,1074,96,2,0,Format0 ,0.964,1,95.833,0.933
1781549925619242,normal,1089,96,6,1,Format1 ,0.499,1,72.222,0.482
1781549925636659,normal,1106,96,8,1,Format1 ,0.499,1,70.833,0.477
1781549925638677,normal,1108,96,1,0,Format0 ,0.994,1,100.000,0.994
1781549925641761,normal,1111,96,6,1,Format1 ,0.510,1,71.528,0.487
1781549925987228,normal,1385,28594,2,0,Format0 ,0.989,2,97.222,0.931
1781549926211143,normal,1605,23386,2,0,Format0 ,0.992,2,97.222,0.936
1781549926231620,normal,1625,28594,2,0,Format0 ,0.989,2,97.222,0.933
1781549926292509,normal,1685,55259,2,1,Format0 ,0.940,2,79.167,0.556
1781549926496389,normal,1884,96,2,1,Format1 ,0.464,1,71.528,0.444
1781549926607636,normal,1993,16355,0,2,Format1 ,0.387,1,62.847,0.242
1781549926615772,normal,2001,31961,6,1,Format2 ,0.521,2,69.444,0.437
1781549926661554,normal,2046,96,9,0,Format0 ,0.993,1,100.000,0.993
1781549926681921,normal,2066,96,8,1,Format1 ,0.583,1,74.306,0.474
1781549926683925,normal,2068,96,1,0,Format0 ,0.977,1,100.000,0.977
1781549926686969,normal,2071,96,6,1,Format1 ,0.518,1,77.778,0.506
1781549926689015,normal,2073,96,1,0,Format0 ,1.006,1,100.000,1.006
1781549926702399,normal,2086,96,8,1,Format1 ,0.507,1,70.833,0.482
1781549926717074,normal,2100,96,7,0,Format0 ,0.986,1,100.000,0.986
1781549926722807,normal,2106,18412,8,1,Format2 ,0.513,2,72.222,0.458
1781549926729895,normal,2113,96,1,0,Format0 ,0.991,1,100.000,0.991
1781549926735005,normal,2118,96,1,0,Format0 ,0.999,1,100.000,0.999
1781549926742270,normal,2125,12129,2,1,Format0 ,0.987,2,83.333,0.661
1781549926760632,normal,2143,96,1,0,Format0 ,0.972,1,100.000,0.972
1781549926768215,normal,2150,96,7,0,Format0 ,1.003,1,100.000,1.003
1781549926809553,normal,2191,96,6,0,Format0 ,0.998,1,100.000,0.998
1781549926811603,normal,2193,96,1,0,Format0 ,0.979,1,100.000,0.979
1781549926855374,normal,2236,43597,8,1,Format2 ,0.505,2,75.694,0.460
1781549926861492,normal,2242,96,7,0,Format0 ,0.994,1,100.000,0.994
1781549926865561,normal,2246,13279,8,1,Format2 ,0.462,2,70.833,0.412
1781549926870635,normal,2251,56915,6,1,Format2 ,0.515,2,77.778,0.470
1781549926880120,normal,2260,96,6,1,Format1 ,0.509,1,81.250,0.498
1781549926883874,normal,2264,749,2,1,Format2 ,0.506,2,76.389,0.410
1781549926885061,normal,2265,28594,2,0,Format0 ,0.959,2,97.222,0.911
1781549926888960,normal,2269,96,6,0,Format0 ,0.989,1,100.000,0.991
1781549926893045,normal,2273,96,1,0,Format0 ,0.919,1,100.000,0.919
1781549926898201,normal,2278,96,1,0,Format0 ,0.853,1,93.056,0.791
1781549926902914,normal,2282,96,7,0,Format0 ,1.051,1,91.667,0.951
1781549926921625,normal,2301,96,6,1,Format1 ,0.588,1,72.222,0.500
1781549926982750,normal,2361,96,6,0,Format0 ,0.988,1,100.000,0.988
1781549926987838,normal,2366,96,9,0,Format0 ,0.995,1,100.000,0.995
1781549927099541,normal,2476,96,8,1,Format1 ,0.603,1,72.917,0.496
1781549927101568,normal,2478,96,1,0,Format0 ,1.002,1,100.000,1.002
1781549927142211,normal,2518,96,1,0,Format0 ,0.960,1,100.000,0.960
1781549927149533,normal,2525,12129,2,1,Format0 ,0.938,2,83.333,0.625
1781549927151384,normal,2527,96,0,1,Format1 ,0.506,1,75.694,0.484
1781549927170702,normal,2546,96,8,0,Format0 ,0.999,1,95.833,0.963
1781549927179990,normal,2555,96,2,1,Format1 ,0.531,1,74.306,0.463
1781549927181856,normal,2557,96,0,1,Format1 ,0.526,1,75.694,0.503
1781549927191005,normal,2566,96,8,1,Format1 ,0.516,1,74.306,0.499
1781549927193029,normal,2568,96,2,1,Format1 ,0.522,1,73.611,0.499
1781549927222554,normal,2597,96,0,1,Format1 ,0.557,1,75.000,0.452
1781549927274521,normal,2648,36457,2,1,Format2 ,0.519,2,77.083,0.473
1781549927290816,normal,2664,96,3,0,Format0 ,1.006,1,95.833,0.993
1781549927297269,normal,2670,96,6,1,Format1 ,0.515,1,75.694,0.434
1781549927307309,normal,2680,96,7,0,Format0 ,1.051,1,100.000,1.051
1781549927309087,normal,2682,96,7,0,Format0 ,0.997,1,100.000,0.997
1781549927313147,normal,2686,96,8,1,Format1 ,0.508,1,72.917,0.489
1781549927369023,normal,2741,96,6,1,Format1 ,0.621,1,76.389,0.535
1781549927379169,normal,2751,18779,6,1,Format2 ,0.501,2,72.222,0.453
1781549927392344,normal,2764,96,3,0,Format0 ,0.998,1,100.000,0.998
1781549927394374,normal,2766,96,8,1,Format1 ,0.507,1,75.000,0.490
1781549927399480,normal,2771,96,6,0,Format0 ,1.001,1,100.000,1.001
1781549927402532,normal,2774,9958,2,1,Format2 ,0.518,2,72.917,0.474
1781549927406597,normal,2778,96,1,0,Format0 ,0.972,1,100.000,0.972
1781549927410658,normal,2782,96,7,0,Format0 ,0.951,1,98.611,0.948
1781549927412680,normal,2784,96,3,0,Format0 ,0.975,1,100.000,0.976
1781549927414742,normal,2786,96,8,1,Format1 ,0.516,1,78.472,0.501
1781549927417800,normal,2789,96,6,1,Format1 ,0.510,1,73.611,0.494
1781549927419826,normal,2791,26935,6,1,Format2 ,0.492,2,74.306,0.452
1781549927424906,normal,2796,96,8,0,Format0 ,0.776,1,91.667,0.740
1781549927438152,normal,2809,96,6,0,Format0 ,1.006,1,100.000,1.006
1781549927444469,normal,2815,96,2,1,Format1 ,0.514,1,79.167,0.500
1781549927446316,normal,2817,29875,0,1,Format2 ,0.518,2,77.778,0.478
1781549927460586,normal,2831,96,6,1,Format1 ,0.518,1,72.917,0.503
1781549927577506,normal,2946,4593,8,1,Format2 ,0.523,2,74.306,0.469
1781549927589696,normal,2958,96,1,0,Format0 ,1.000,1,100.000,1.000
1781549927597901,normal,2966,96,8,1,Format1 ,0.516,1,77.083,0.495
1781549927608081,normal,2976,96,9,0,Format0 ,1.053,1,94.444,1.031
1781549927633525,normal,3001,96,6,1,Format1 ,0.473,1,75.000,0.451
1781549927638554,normal,3006,96,8,1,Format1 ,0.550,1,80.556,0.484
1781549927649758,normal,3017,96,0,1,Format1 ,0.622,1,72.917,0.534
1781549927655854,normal,3023,26040,0,2,Format1C,0.390,1,59.028,0.182
1781549927666069,normal,3033,96,1,0,Format0 ,1.004,1,100.000,1.004
1781549927678431,normal,3045,55259,2,1,Format0 ,0.939,2,79.167,0.550
1781549927740254,normal,3106,96,8,0,Format0 ,0.943,1,94.444,0.875
1781549927759693,normal,3125,23386,2,0,Format0 ,0.920,2,97.222,0.865
1781549927922762,normal,3285,23386,2,0,Format0 ,0.978,2,97.222,0.922
1781549928658874,normal,4009,43123,2,0,Format0 ,0.958,2,97.222,0.909
1781549930669909,normal,5986,96,8,1,Format1 ,0.512,1,72.917,0.491
1781549930774542,normal,6089,43123,2,0,Format0 ,0.997,2,97.222,0.943
1781549930793837,normal,6108,96,1,0,Format0 ,0.988,1,100.000,0.988
1781549930812138,normal,6126,50939,8,1,Format2 ,0.515,2,76.389,0.474
1781549930884309,normal,6131,96,6,1,Format1 ,0.512,1,75.694,0.498
1781549930985237,normal,6231,9056,6,1,Format2 ,0.511,2,70.833,0.413
1781549932830217,normal,8045,12129,2,1,Format0 ,0.991,2,83.333,0.661
1781549932851435,normal,8066,11390,8,1,Format2 ,0.521,2,79.167,0.481
1781549932871775,normal,8086,40575,8,1,Format2 ,0.521,2,74.306,0.461
1781549932894129,normal,8108,25744,0,2,Format1A,0.480,1,64.931,0.286
1781549932902285,normal,8116,96,9,0,Format0 ,1.027,1,100.000,1.027
1781549932912425,normal,8126,5093,8,1,Format2 ,0.512,2,75.694,0.467
1781549932998938,normal,8211,96,6,1,Format1 ,0.513,1,74.306,0.493
1781549933016198,normal,8228,96,1,0,Format0 ,1.008,1,100.000,1.008
1781549933685715,normal,8886,2,0,3,Format1A,0.521,1,75.347,0.501
1781549933807634,normal,9006,105,9,0,Format0 ,0.967,1,100.000,0.967
1781549934031053,normal,9226,96,8,1,Format1 ,0.512,1,73.611,0.490
1781549934494127,normal,9681,97,4,1,Format1 ,0.527,1,78.472,0.510
1781549934496127,normal,9683,97,3,0,Format0 ,0.992,1,100.000,0.992
1781549934499185,normal,9686,97,9,0,Format0 ,0.982,1,100.000,0.982
1781549934502223,normal,9689,5322,0,1,Format2 ,0.516,2,72.917,0.430
1781549934519536,normal,9706,97,9,0,Format0 ,0.986,1,100.000,0.986
1781549934522606,normal,9709,97,0,1,Format1 ,0.514,1,73.611,0.493
1781549934524629,normal,9711,97,4,1,Format1 ,0.509,1,77.778,0.491
1781549934539901,normal,9726,97,9,0,Format0 ,0.979,1,100.000,0.979
1781549934542946,normal,9729,97,0,1,Format1 ,0.534,1,79.167,0.512
1781549934560267,normal,9746,97,9,0,Format0 ,0.968,1,98.611,0.968
1781549934563292,normal,9749,97,0,2,Format1 ,0.304,1,66.319,0.258
1781549934565345,normal,9751,97,4,1,Format1 ,0.522,1,73.611,0.493
1781549934580579,normal,9766,97,9,0,Format0 ,0.992,1,100.000,0.992
1781549934583693,normal,9769,97,4,1,Format1 ,0.509,1,79.167,0.496
1781549934583693,normal,9769,43123,2,0,Format0 ,0.994,2,97.222,0.943
1781549934585740,normal,9771,97,4,1,Format1 ,0.507,1,78.472,0.495
1781549934595904,normal,9781,9864,4,1,Format2 ,0.517,2,76.389,0.472
1781549934601038,normal,9786,97,9,0,Format0 ,0.991,1,100.000,0.991
1781549934604166,normal,9789,97,0,1,Format1 ,0.519,1,79.861,0.509
1781549934606180,normal,9791,97,4,1,Format1 ,0.529,1,69.444,0.506
1781549934621447,normal,9806,97,9,0,Format0 ,1.002,1,100.000,1.002
1781549934624493,normal,9809,97,0,1,Format1 ,0.516,1,71.528,0.498
1781549934626516,normal,9811,97,4,1,Format1 ,0.522,1,72.917,0.499
1781549934641812,normal,9826,97,9,0,Format0 ,0.988,1,100.000,0.988
1781549936020833,normal,875,56883,2,1,Format2 ,0.512,2,74.306,0.432
1781549936054277,normal,908,96,1,0,Format0 ,1.003,1,100.000,1.003
1781549937133836,normal,1966,97,9,0,Format0 ,1.009,1,100.000,1.009
1781549937215410,normal,2046,97,9,0,Format0 ,0.990,1,100.000,0.990
1781549937912409,normal,2729,43123,2,0,Format0 ,0.997,2,97.222,0.943
1781549937912409,normal,2729,15308,3,0,Format0 ,0.994,2,91.667,0.822
1781549941241177,normal,5928,96,1,0,Format0 ,1.002,1,100.000,1.002
1781549941253717,normal,5940,63212,6,1,Format2 ,0.514,2,73.611,0.451
1781549944695146,normal,9324,97,9,0,Format0 ,0.994,1,100.000,0.994
1781549944697193,normal,9326,97,9,0,Format0 ,0.998,1,100.000,0.998
1781549944700250,normal,9329,97,0,1,Format1 ,0.524,1,76.389,0.508
1781549944707392,normal,9336,97,9,0,Format0 ,0.916,1,98.611,0.907
1781549944717568,normal,9346,97,9,0,Format0 ,0.990,1,100.000,0.990
1781549944720591,normal,9349,18302,0,1,Format2 ,0.519,2,74.306,0.475
1781549944722625,normal,9351,7613,4,1,Format2 ,0.512,2,81.944,0.474
1781549944737924,normal,9366,97,9,0,Format0 ,0.983,1,100.000,0.983
1781549944740941,normal,9369,47004,0,1,Format2 ,0.513,2,74.306,0.416
1781549944742981,normal,9371,45788,4,1,Format2 ,0.514,2,77.778,0.471
1781549944748090,normal,9376,97,9,0,Format0 ,0.995,1,100.000,0.995
1781549944750119,normal,9378,56790,6,1,Format2 ,0.505,2,73.611,0.418
1781549944753170,normal,9381,15030,4,1,Format2 ,0.509,2,68.750,0.364
1781549944758250,normal,9386,97,9,0,Format0 ,0.995,1,100.000,0.995
1781549944761326,normal,9389,97,0,1,Format1 ,0.513,1,79.861,0.498
1781549944763359,normal,9391,97,4,1,Format1 ,0.509,1,75.000,0.490
1781549944769455,normal,9397,97,9,0,Format0 ,0.996,1,100.000,0.996
1781549944778619,normal,9406,97,9,0,Format0 ,0.978,1,100.000,0.978
1781549944793946,normal,9421,97,4,1,Format1 ,0.515,1,74.306,0.495
1781549944799069,normal,9426,97,9,0,Format0 ,0.994,1,100.000,0.994
1781549944802225,normal,9429,97,0,1,Format1 ,0.507,1,75.694,0.490
1781549944804284,normal,9431,97,4,1,Format1 ,0.514,1,75.000,0.496
1781549944813838,normal,9440,97,3,0,Format0 ,0.701,1,100.000,0.701
1781549944815596,normal,9442,97,8,1,Format1 ,0.577,1,74.306,0.468
1781549944819683,normal,9446,97,9,0,Format0 ,0.994,1,100.000,0.994
1781549944822723,normal,9449,43556,4,1,Format2 ,0.522,2,73.611,0.475
1781549944822723,normal,9449,43123,2,0,Format0 ,0.994,2,97.222,0.939
1781549944824749,normal,9451,6654,4,1,Format2 ,0.515,2,72.917,0.468
1781549944834300,normal,9460,97,3,0,Format0 ,0.952,1,100.000,0.952
1781549944837979,normal,9464,97,9,0,Format0 ,0.993,1,100.000,0.993
1781549944839999,normal,9466,97,9,0,Format0 ,0.989,1,100.000,0.989
1781549944843069,normal,9469,15856,0,1,Format2 ,0.511,2,75.000,0.470
1781549944845076,normal,9471,45087,4,1,Format2 ,0.505,2,72.222,0.461
1781549944850169,normal,9476,97,9,0,Format0 ,1.002,1,100.000,1.002
1781549944860370,normal,9486,97,9,0,Format0 ,0.996,1,100.000,0.996
1781549945825684,normal,185,28594,2,0,Format0 ,0.989,2,97.222,0.934
1781549946198466,normal,552,96,7,0,Format0 ,0.993,1,100.000,0.993
1781549946235118,normal,588,96,1,0,Format0 ,0.988,1,100.000,0.988
1781549948700127,normal,3006,96,8,1,Format1 ,0.511,1,75.694,0.489
1781549950742197,normal,5006,96,8,1,Format1 ,0.526,1,77.778,0.504
1781549954818987,normal,8996,97,9,0,Format0 ,0.990,1,100.000,0.990
1781549954824094,normal,9001,97,4,1,Format1 ,0.515,1,73.611,0.495
1781549954829162,normal,9006,97,9,0,Format0 ,0.986,1,100.000,0.986
1781549954832210,normal,9009,97,0,1,Format1 ,0.523,1,75.000,0.506
1781549954834225,normal,9011,97,4,2,Format1 ,0.304,1,63.542,0.252
1781549954849527,normal,9026,97,9,0,Format0 ,0.987,1,100.000,0.987
1781549954854636,normal,9031,952,4,1,Format2 ,0.522,2,73.611,0.474
1781549954859775,normal,9036,97,9,0,Format0 ,1.000,1,100.000,1.000
1781549954864863,normal,9041,25099,4,1,Format2 ,0.505,2,78.472,0.466
1781549954869964,normal,9046,97,9,0,Format0 ,1.004,1,100.000,1.004
1781549954873060,normal,9049,45087,0,1,Format2 ,0.514,2,70.833,0.470
1781549954875055,normal,9051,97,4,1,Format1 ,0.510,1,77.778,0.499
1781549954885229,normal,9061,97,4,1,Format1 ,0.516,1,75.000,0.500
1781549954890343,normal,9066,97,9,0,Format0 ,0.989,1,100.000,0.989
1781549954895469,normal,9071,7613,4,1,Format2 ,0.510,2,79.861,0.469
1781549954907724,normal,9083,97,3,0,Format0 ,0.991,1,100.000,0.991
1781549954910819,normal,9086,97,9,0,Format0 ,0.984,1,100.000,0.984
1781549954913881,normal,9089,97,0,1,Format1 ,0.521,1,66.667,0.482
1781549954926109,normal,9101,3657,4,1,Format2 ,0.503,2,75.000,0.458
1781549954931256,normal,9106,97,9,0,Format0 ,0.999,1,100.000,0.999
1781549954934307,normal,9109,97,0,1,Format1 ,0.518,1,73.611,0.497
1781549954936341,normal,9111,97,4,1,Format1 ,0.513,1,73.611,0.485
1781549954941470,normal,9116,97,9,0,Format0 ,0.982,1,100.000,0.982
1781549954951674,normal,9126,97,9,0,Format0 ,0.994,1,100.000,0.994
1781549954954783,normal,9129,7884,4,1,Format2 ,0.523,2,65.278,0.472
1781549954954783,normal,9129,43123,2,0,Format0 ,0.996,2,97.222,0.945
1781549954956836,normal,9131,97,4,1,Format1 ,0.557,1,75.000,0.448
1781549954961946,normal,9136,97,9,0,Format0 ,0.977,1,100.000,0.977
1781549954972159,normal,9146,97,9,0,Format0 ,0.999,1,100.000,0.999
1781549955013044,normal,9186,97,9,0,Format0 ,0.992,1,100.000,0.992
1781549956295599,normal,205,12129,2,1,Format0 ,0.994,2,83.333,0.663
1781549957916161,normal,1738,96,2,1,Format1 ,0.514,1,73.611,0.494
1781549957924377,normal,1746,96,9,0,Format0 ,1.001,1,100.000,1.001
1781549957949051,normal,1770,96,7,0,Format0 ,0.996,1,100.000,0.996
1781549957959244,normal,1780,96,7,0,Format0 ,0.988,1,100.000,0.988
1781549957964123,normal,1785,28594,2,0,Format0 ,0.998,2,97.222,0.942
1781549957970040,normal,1791,96,6,0,Format0 ,0.997,1,100.000,0.997
1781549958012716,normal,1833,96,1,0,Format0 ,0.984,1,100.000,0.984
1781549958021801,normal,1842,96,8,1,Format1 ,0.525,1,75.694,0.506
1781549958023832,normal,1844,96,3,0,Format0 ,0.995,1,100.000,0.995
1781549958025867,normal,1846,96,9,0,Format0 ,0.994,1,100.000,0.994
1781549958041058,normal,1861,96,6,0,Format0 ,0.933,1,100.000,0.934
1781549958106996,normal,1926,96,8,1,Format1 ,0.510,1,72.917,0.494
1781549958127277,normal,1946,58592,8,1,Format2 ,0.533,2,67.361,0.431
1781549958253927,normal,2071,47785,6,1,Format2 ,0.518,2,72.917,0.432
1781549958261041,normal,2078,96,1,0,Format0 ,0.986,1,100.000,0.986
1781549958264085,normal,2081,325,6,1,Format2 ,0.514,2,71.528,0.404
1781549958268309,normal,2085,23386,2,0,Format0 ,0.993,2,97.222,0.938
1781549958294458,normal,2111,33348,6,1,Format2 ,0.511,2,69.444,0.461
1781549958301594,normal,2118,96,1,0,Format0 ,0.990,1,100.000,0.990
1781549958329989,normal,2146,96,8,1,Format1 ,0.503,1,74.306,0.483
1781549958332029,normal,2148,96,1,0,Format0 ,0.990,1,100.000,0.990
1781549958335054,normal,2151,96,6,1,Format1 ,0.513,1,76.389,0.496
1781549958372551,normal,2188,96,1,0,Format0 ,1.002,1,100.000,1.002
1781549958405975,normal,2221,60215,6,1,Format2 ,0.514,2,75.694,0.462
1781549958411040,normal,2226,55898,8,1,Format2 ,0.520,2,73.611,0.464
1781549958721480,normal,2532,96,7,0,Format0 ,0.996,1,100.000,0.996
1781549959417221,normal,3218,96,1,0,Format0 ,0.984,1,100.000,0.984
1781549959425375,normal,3226,43662,8,1,Format2 ,0.500,2,68.056,0.418
1781549959445759,normal,3246,96,8,1,Format1 ,0.522,1,77.778,0.504
1781549959447780,normal,3248,96,2,1,Format1 ,0.518,1,70.833,0.497
1781549959488486,normal,3288,96,2,1,Format1 ,0.508,1,73.611,0.489
1781549959508795,normal,3308,96,1,0,Format0 ,0.993,1,100.000,0.993
1781549959547430,normal,3346,96,8,1,Format1 ,0.505,1,79.861,0.495
1781549959549459,normal,3348,96,1,0,Format0 ,0.990,1,100.000,0.990
1781549959583055,normal,3381,96,6,1,Format1 ,0.515,1,75.000,0.496
1781549959638138,normal,3435,27891,2,1,Format2 ,0.513,2,75.000,0.470
1781549959641026,normal,3438,96,1,0,Format0 ,0.997,1,100.000,0.997
1781549959643366,normal,3440,96,6,1,Format1 ,0.514,1,72.222,0.494
1781549959649170,normal,3446,325,8,1,Format2 ,0.517,2,69.444,0.408
1781549959651186,normal,3448,96,1,0,Format0 ,0.991,1,100.000,0.991
1781549959657298,normal,3454,96,2,1,Format1 ,0.524,1,77.083,0.507
1781549959661359,normal,3458,96,1,0,Format0 ,1.008,1,100.000,1.008
1781549959664406,normal,3461,96,6,1,Format1 ,0.507,1,72.917,0.487
1781549959705133,normal,3501,44956,6,1,Format2 ,0.503,1,73.611,0.462
1781549959710268,normal,3506,51209,8,1,Format2 ,0.502,2,70.139,0.458
1781549959740717,normal,3536,96,8,1,Format1 ,0.514,1,75.000,0.494
1781549959771179,normal,3566,62626,8,1,Format2 ,0.511,2,69.444,0.411
1781549959793497,normal,3588,96,1,0,Format0 ,1.010,1,100.000,1.010
1781549959844330,normal,3638,96,1,0,Format0 ,0.988,1,100.000,0.988
1781549959857567,normal,3651,96,6,1,Format1 ,0.518,1,74.306,0.499
1781549959910437,normal,3703,96,1,0,Format0 ,0.898,1,100.000,0.898
1781549960829953,normal,4608,96,1,0,Format0 ,1.005,1,100.000,1.005
1781549960848303,normal,4626,96,8,0,Format0 ,0.912,1,100.000,0.913
1781549960907381,normal,4684,96,2,1,Format1 ,0.527,1,79.861,0.505
1781549960909400,normal,4686,38230,8,1,Format2 ,0.517,2,73.611,0.432
1781549960990854,normal,4766,96,8,1,Format1 ,0.511,1,76.389,0.495
1781549961339825,normal,5109,96,6,1,Format1 ,0.510,1,79.167,0.500
1781549961377490,normal,5146,2,0,3,Format1A,0.637,1,75.521,0.489
1781549961438577,normal,5206,106,0,1,Format1A,0.511,1,73.611,0.489
1781549961458934,normal,5226,97,9,0,Format0 ,0.985,1,100.000,0.985
1781549961484380,normal,5251,63415,4,1,Format2 ,0.515,2,64.583,0.398
1781549961626028,normal,5326,97,9,0,Format0 ,0.992,1,100.000,0.992
1781549961710370,normal,5409,107,9,0,Format0 ,0.993,1,100.000,0.993
1781549961768378,normal,5466,47634,4,1,Format2 ,0.509,2,70.833,0.381
1781549961855601,normal,5552,107,0,1,Format1 ,0.519,1,75.694,0.500
1781549961892060,normal,5588,96,1,0,Format0 ,0.997,1,100.000,0.997
1781549962519433,normal,6206,107,4,1,Format1 ,0.519,1,77.083,0.502
1781549962539743,normal,6226,107,4,1,Format1 ,0.513,1,75.694,0.497
1781549964614287,normal,8268,96,1,0,Format0 ,0.991,1,100.000,0.991
1781549965013464,normal,8660,97,3,0,Format0 ,0.992,1,100.000,0.992
1781549965019136,normal,8666,97,9,0,Format0 ,1.007,1,100.000,1.007
1781549965022199,normal,8669,17389,0,1,Format2 ,0.513,2,70.833,0.388
1781549965032337,normal,8679,97,0,1,Format1 ,0.506,1,70.833,0.486
1781549965034341,normal,8681,97,4,1,Format1 ,0.513,1,73.611,0.493
1781549965039454,normal,8686,97,9,0,Format0 ,0.996,1,100.000,0.996
1781549965042485,normal,8689,97,0,1,Format1 ,0.516,1,77.083,0.498
1781549965044550,normal,8691,952,4,1,Format2 ,0.521,2,72.222,0.475
1781549965054680,normal,8701,25099,4,1,Format2 ,0.507,2,76.389,0.467
1781549965059781,normal,8706,97,9,0,Format0 ,0.993,1,100.000,0.993
1781549965062834,normal,8709,97,0,1,Format1 ,0.508,1,77.778,0.495
1781549965064862,normal,8711,97,4,1,Format1 ,0.510,1,72.917,0.495
1781549965069945,normal,8716,97,9,0,Format0 ,0.983,1,100.000,0.983
1781549965074315,normal,8720,97,3,0,Format0 ,0.976,1,100.000,0.976
1781549965080132,normal,8726,97,9,0,Format0 ,0.995,1,100.000,0.995
1781549965083149,normal,8729,97,0,1,Format1 ,0.518,1,69.444,0.498
1781549965085157,normal,8731,27539,4,1,Format2 ,0.509,2,75.000,0.482
1781549965097383,normal,8743,97,3,0,Format0 ,0.986,1,100.000,0.986
1781549965100456,normal,8746,97,9,0,Format0 ,0.999,1,100.000,0.999
1781549965103510,normal,8749,13082,0,1,Format2 ,0.512,2,70.833,0.414
1781549965105565,normal,8751,5474,4,1,Format2 ,0.509,2,79.167,0.457
1781549965107613,normal,8753,97,3,0,Format0 ,0.990,1,100.000,0.990
1781549965110652,normal,8756,97,9,0,Format0 ,0.987,1,100.000,0.987
1781549965115727,normal,8761,25099,4,1,Format2 ,0.509,2,77.083,0.471
1781549965120807,normal,8766,97,9,0,Format0 ,0.996,1,100.000,0.996
1781549965123854,normal,8769,27539,0,1,Format2 ,0.511,2,73.611,0.480
1781549965161482,normal,8806,97,9,0,Format0 ,0.995,1,100.000,0.995
1781549966483466,normal,10108,96,1,0,Format0 ,0.995,1,100.000,0.995
1781549966534868,normal,10158,96,1,0,Format0 ,1.008,1,100.000,1.008
1781550026125071,normal,6207,25372,8,2,Format1C,1.544,1,59.722,0.822
1781550026141749,normal,6212,8442,0,3,Format1C,2.210,1,58.681,0.602
1781550026391202,normal,6324,55640,0,2,Format1A,0.357,1,63.194,0.291
1781550026406033,normal,6329,3861,34,1,Format1C,1.957,1,65.972,1.723
1781550026888822,normal,6509,26745,34,1,Format1C,2.016,1,61.806,1.404
1781550027683433,normal,6862,1614,2,1,Format0 ,1.558,1,75.694,1.237
1781550027751377,normal,6894,38929,28,2,Format1C,0.502,1,59.375,0.250
1781550029955006,normal,9901,103,2,1,Format1A,0.509,1,73.611,0.496
1781550029956912,normal,9903,97,3,0,Format0 ,1.006,1,100.000,1.006
1781550029959984,normal,9906,97,9,0,Format0 ,0.991,1,100.000,0.991
1781550029963055,normal,9909,25099,0,1,Format2 ,0.512,2,75.000,0.468
1781550029980550,normal,9926,97,9,0,Format0 ,1.007,1,100.000,1.007
1781550029983597,normal,9929,49883,4,1,Format2 ,0.513,2,74.306,0.474
1781550029985682,normal,9931,97,4,1,Format1 ,0.514,1,73.611,0.495
1781550029995942,normal,9941,97,4,1,Format1 ,0.514,1,73.611,0.496
1781550030000993,normal,9946,97,9,0,Format0 ,1.008,1,100.000,1.008
1781550030002018,normal,9947,43556,0,1,Format2 ,0.513,2,72.222,0.464
1781550030002018,normal,9947,103,4,1,Format1 ,0.514,1,80.556,0.500
1781550030004055,normal,9949,97,0,2,Format1 ,0.388,1,64.583,0.261
1781550030007117,normal,9952,11360,8,1,Format2 ,0.500,2,71.528,0.408
1781550030012228,normal,9957,97,9,0,Format0 ,0.991,1,100.000,0.991
1781550030021493,normal,9966,97,9,0,Format0 ,1.003,1,100.000,1.003
1781550030031721,normal,9976,97,9,0,Format0 ,1.004,1,100.000,1.004
1781550030036830,normal,9981,97,4,1,Format1 ,0.510,1,75.694,0.500
1781550030038897,normal,9983,97,3,0,Format0 ,0.990,1,100.000,0.990
1781550030041961,normal,9986,97,9,0,Format0 ,0.992,1,100.000,0.992
1781550030050105,normal,9994,97,9,0,Format0 ,0.995,1,100.000,0.995
1781550030057241,normal,10001,97,4,1,Format1 ,0.508,1,74.306,0.495
1781550030065439,normal,10009,97,0,1,Format1 ,0.511,1,75.694,0.495
1781550030067525,normal,10011,97,4,1,Format1 ,0.518,1,72.917,0.501
1781550030072673,normal,10016,97,9,0,Format0 ,1.004,1,100.000,1.004
1781550030082978,normal,10026,97,9,0,Format0 ,0.993,1,100.000,0.993
1781550030088262,normal,10031,17389,4,1,Format2 ,0.514,2,72.222,0.393
1781550030095418,normal,10038,25697,6,1,Format2 ,0.513,2,70.833,0.389
1781550030098483,normal,10041,27539,4,1,Format2 ,0.514,2,72.222,0.482
1781550030101529,normal,10044,97,9,0,Format0 ,0.997,1,100.000,0.997
1781550030108765,normal,10051,97,4,1,Format1 ,0.572,1,77.778,0.485
1781550030111816,normal,10054,97,0,1,Format1 ,0.508,1,75.000,0.494
1781550030113874,normal,10056,97,9,0,Format0 ,0.989,1,100.000,0.989
1781550030122045,normal,10064,97,9,0,Format0 ,0.997,1,100.000,0.997
1781550030124119,normal,10066,97,9,0,Format0 ,0.986,1,100.000,0.986
1781550030129265,normal,10071,43517,4,2,Format2 ,0.515,2,71.875,0.348
1781550030139611,normal,10081,97,4,1,Format1 ,0.515,1,76.389,0.496
1781550030803705,normal,486,2,0,3,Format1A,0.515,1,76.042,0.498
1781550030816956,normal,499,6007,2,1,Format0 ,1.000,2,81.944,0.649
1781550030842686,normal,524,104,0,3,Format1A,1.001,1,100.000,1.001
1781550030863314,normal,544,104,0,3,Format1 ,0.999,1,100.000,0.999
1781550031140367,normal,812,104,9,0,Format0 ,0.998,1,100.000,0.998
1781550031674498,normal,1319,96,6,1,Format1 ,0.508,1,75.000,0.493
1781550040220946,normal,9610,96,7,0,Format0 ,0.992,1,100.000,0.992
1781550040288460,normal,9676,96,9,0,Format0 ,0.991,1,100.000,0.991
1781550040298754,normal,9686,18248,8,1,Format2 ,0.527,2,66.667,0.379
1781550040421008,normal,9805,12129,2,1,Format0 ,0.982,2,83.333,0.656
1781550040697524,normal,10074,97,9,0,Format0 ,1.002,1,100.000,1.002
1781550040709797,normal,10086,97,9,0,Format0 ,0.990,1,100.000,0.990
1781550040712985,normal,10089,97,4,1,Format1 ,0.508,1,71.528,0.490
1781550040712985,normal,10089,43123,2,0,Format0 ,0.988,2,97.222,0.929
1781550040714986,normal,10091,97,4,1,Format1 ,0.512,1,77.083,0.498
1781550040717024,normal,10093,97,3,0,Format0 ,0.990,1,100.000,0.990
1781550040724618,normal,10100,97,3,0,Format0 ,0.995,1,100.000,0.995
1781550040730370,normal,10106,97,9,0,Format0 ,1.009,1,100.000,1.009
1781550040732407,normal,10108,97,7,0,Format0 ,1.001,1,100.000,1.001
1781550040735470,normal,10111,97,4,1,Format1 ,0.514,1,76.389,0.492
1781550040745726,normal,10121,25099,4,1,Format2 ,0.528,2,75.694,0.479
1781550040750885,normal,10126,97,9,0,Format0 ,1.004,1,100.000,1.004
1781550040753926,normal,10129,97,0,1,Format1 ,0.526,1,77.083,0.502
1781550040766240,normal,10141,13935,4,1,Format2 ,0.535,2,71.528,0.388
1781550040771443,normal,10146,97,9,0,Format0 ,1.007,1,100.000,1.007
1781550040774465,normal,10149,97,0,1,Format1 ,0.512,1,75.000,0.496
1781550040776603,normal,10151,25099,4,1,Format2 ,0.513,2,71.528,0.467
1781550040792083,normal,10166,97,9,0,Format0 ,0.995,1,100.000,0.995
1781550040795120,normal,10169,48239,0,1,Format2 ,0.517,2,71.528,0.416
1781550040807383,normal,10181,10311,4,1,Format2 ,0.516,2,72.917,0.460
1781550040812484,normal,10186,97,9,0,Format0 ,0.995,1,100.000,0.995
1781550040815527,normal,10189,13935,0,1,Format2 ,0.508,2,72.222,0.387
1781550040827864,normal,10201,97,4,1,Format1 ,0.510,1,73.611,0.494
1781550040833087,normal,10206,97,9,0,Format0 ,0.985,1,100.000,0.985
1781550040853652,normal,10226,97,9,0,Format0 ,0.992,1,100.000,0.992
1781550041293824,normal,414,96,3,0,Format0 ,0.987,1,100.000,0.987
1781550041297876,normal,418,58759,2,1,Format2 ,0.513,2,71.528,0.420
1781550041306080,normal,426,96,8,1,Format1 ,0.573,1,79.167,0.475
1781550041308119,normal,428,96,1,0,Format0 ,0.970,1,100.000,0.970
1781550041318519,normal,438,96,1,0,Format0 ,0.996,1,100.000,0.996
1781550041356700,normal,475,96,2,0,Format0 ,0.992,1,100.000,0.992
1781550041362615,normal,481,96,6,0,Format0 ,0.993,1,100.000,0.994
1781550041364659,normal,483,96,1,0,Format0 ,1.005,1,100.000,1.005
1781550041366876,normal,485,23386,2,0,Format0 ,0.995,2,97.222,0.942
1781550041369796,normal,488,96,2,1,Format1 ,0.526,1,73.611,0.497
1781550041372202,normal,490,96,7,0,Format0 ,0.990,1,100.000,0.990
1781550041373906,normal,492,96,8,1,Format1 ,0.513,1,70.833,0.488
1781550041380162,normal,498,96,2,1,Format1 ,0.511,1,72.917,0.491
1781550041382669,normal,500,55904,6,1,Format2 ,0.506,2,70.139,0.437
1781550041388507,normal,506,59429,8,1,Format2 ,0.513,2,70.833,0.423
1781550041390597,normal,508,96,1,0,Format0 ,0.992,1,100.000,0.992
1781550041409335,normal,526,96,9,0,Format0 ,1.003,1,100.000,1.003
1781550041411383,normal,528,30888,0,3,Format1 ,0.330,1,60.243,0.135
1781550041421659,normal,538,96,2,0,Format0 ,0.928,1,91.667,0.871
1781550041427822,normal,544,96,2,1,Format1 ,0.479,1,79.167,0.467
1781550041429870,normal,546,23881,8,1,Format2 ,0.507,2,69.444,0.387
1781550041435037,normal,551,96,6,0,Format0 ,0.991,1,100.000,0.991
1781550041437072,normal,553,96,1,0,Format0 ,0.998,1,100.000,0.998
1781550041445242,normal,561,96,6,0,Format0 ,0.999,1,100.000,0.999
1781550041447315,normal,563,96,1,0,Format0 ,0.987,1,100.000,0.987
1781550041450387,normal,566,96,9,0,Format0 ,0.960,1,100.000,0.960
1781550041455542,normal,571,96,6,1,Format1 ,0.513,1,74.306,0.498
1781550041476090,normal,591,56915,6,1,Format2 ,0.517,2,77.778,0.473
1781550041498013,normal,612,96,7,0,Format0 ,1.005,1,100.000,1.005
1781550041498985,normal,613,96,1,0,Format0 ,0.989,1,100.000,0.989
1781550041511426,normal,625,50785,2,0,Format0 ,0.984,2,97.222,0.932
1781550041511426,normal,625,20580,3,0,Format0 ,0.979,1,81.944,0.642
1781550041535072,normal,648,96,2,1,Format1 ,0.523,1,73.611,0.488
1781550041537428,normal,650,27891,6,1,Format2 ,0.520,2,72.222,0.477
1781550041539215,normal,652,96,7,0,Format0 ,0.998,1,100.000,0.998
1781550041545459,normal,658,96,1,0,Format0 ,0.997,1,100.000,0.997
1781550041548056,normal,660,96,6,1,Format1 ,0.509,1,72.917,0.493
1781550041550720,normal,663,96,1,0,Format0 ,0.995,1,100.000,0.995
1781550041553831,normal,666,96,9,0,Format0 ,0.997,1,100.000,0.997
1781550041579720,normal,691,96,6,0,Format0 ,0.955,1,100.000,0.956
1781550041742818,normal,785,16325,4,1,Format2 ,0.517,2,75.000,0.473
1781550041742818,normal,785,50785,2,0,Format0 ,0.984,2,97.222,0.930
1781550041783157,normal,824,96,2,1,Format1 ,0.519,1,74.306,0.500
1781550041816207,normal,856,96,8,1,Format1 ,0.509,1,78.472,0.496
1781550041818222,normal,858,96,1,0,Format0 ,0.987,1,100.000,0.987
1781550041819331,normal,859,96,6,1,Format1 ,0.520,1,74.306,0.506
1781550041867758,normal,906,96,8,1,Format1 ,0.509,1,77.083,0.489
1781550041869788,normal,908,96,1,0,Format0 ,0.996,1,100.000,0.996
1781550041872842,normal,911,11984,6,1,Format2 ,0.495,2,69.444,0.427
1781550041921616,normal,958,96,1,0,Format0 ,1.000,1,100.000,1.000
1781550041935075,normal,971,96,6,1,Format1 ,0.517,1,78.472,0.504
1781550042041968,normal,1074,96,2,0,Format0 ,0.964,1,95.833,0.933
1781550042073626,normal,1105,12459,4,1,Format2 ,0.528,2,70.833,0.476
1781550042073626,normal,1105,50785,2,0,Format0 ,0.982,2,97.222,0.925
1781550042076742,normal,1108,96,1,0,Format0 ,0.994,1,100.000,0.994
1781550042079802,normal,1111,96,6,1,Format1 ,0.510,1,71.528,0.487
1781550042098334,normal,1129,43123,2,0,Format0 ,0.996,2,97.222,0.944
1781550042098334,normal,1129,15308,3,0,Format0 ,0.995,2,91.667,0.829
1781550042268702,normal,1294,96,2,0,Format0 ,0.947,1,91.667,0.908
1781550042589345,normal,1605,23386,2,0,Format0 ,0.992,2,97.222,0.936
1781550042610006,normal,1625,28594,2,0,Format0 ,0.989,2,97.222,0.933
1781550042630647,normal,1645,12129,2,1,Format0 ,0.988,2,83.333,0.657
1781550042671843,normal,1685,55259,2,1,Format0 ,0.940,2,79.167,0.556
1781550042877964,normal,1884,96,2,1,Format1 ,0.464,1,71.528,0.444
1781550042989881,normal,1993,16355,0,2,Format1 ,0.387,1,62.847,0.242
1781550042998070,normal,2001,31961,6,1,Format2 ,0.521,2,69.444,0.437
1781550043006260,normal,2009,96,6,1,Format1 ,0.512,1,75.694,0.494
1781550043030976,normal,2033,96,1,0,Format0 ,1.023,1,100.000,1.023
1781550043044348,normal,2046,96,9,0,Format0 ,0.993,1,100.000,0.993
1781550043046443,normal,2048,96,1,0,Format0 ,0.990,1,100.000,0.990
1781550043064935,normal,2066,96,8,1,Format1 ,0.583,1,74.306,0.474
1781550043067003,normal,2068,96,1,0,Format0 ,0.977,1,100.000,0.977
1781550043070091,normal,2071,96,6,1,Format1 ,0.518,1,77.778,0.506
1781550043085453,normal,2086,96,8,1,Format1 ,0.507,1,70.833,0.482
1781550043100274,normal,2100,96,7,0,Format0 ,0.986,1,100.000,0.986
1781550043106078,normal,2106,18412,8,1,Format2 ,0.513,2,72.222,0.458
1781550043113317,normal,2113,96,1,0,Format0 ,0.991,1,100.000,0.991
1781550043118540,normal,2118,96,1,0,Format0 ,0.999,1,100.000,0.999
1781550043126873,normal,2126,96,8,1,Format1 ,0.519,1,73.611,0.503
1781550043144449,normal,2143,96,1,0,Format0 ,0.972,1,100.000,0.972
1781550043185743,normal,2183,96,1,0,Format0 ,0.993,1,100.000,0.993
1781550043193956,normal,2191,96,6,0,Format0 ,0.998,1,100.000,0.998
1781550043196009,normal,2193,96,1,0,Format0 ,0.979,1,100.000,0.979
1781550043204183,normal,2201,96,6,1,Format1 ,0.524,1,77.083,0.503
1781550043240497,normal,2236,43597,8,1,Format2 ,0.505,2,75.694,0.460
1781550043250716,normal,2246,13279,8,1,Format2 ,0.462,2,70.833,0.412
1781550043255824,normal,2251,56915,6,1,Format2 ,0.515,2,77.778,0.470
1781550043265470,normal,2260,96,6,1,Format1 ,0.509,1,81.250,0.498
1781550043269162,normal,2264,749,2,1,Format2 ,0.506,2,76.389,0.410
1781550043270385,normal,2265,28594,2,0,Format0 ,0.959,2,97.222,0.911
1781550043273291,normal,2268,44773,2,1,Format2 ,0.506,2,72.917,0.411
1781550043275801,normal,2270,96,6,0,Format0 ,0.932,1,100.000,0.932
1781550043278438,normal,2273,96,1,0,Format0 ,0.919,1,100.000,0.919
1781550043283558,normal,2278,96,1,0,Format0 ,0.853,1,93.056,0.791
1781550043288335,normal,2282,96,7,0,Format0 ,1.051,1,91.667,0.951
1781550043295349,normal,2289,96,6,1,Format1 ,0.499,1,68.750,0.427
1781550043297529,normal,2291,96,6,0,Format0 ,1.005,1,100.000,1.005
1781550043307789,normal,2301,96,6,1,Format1 ,0.588,1,72.222,0.500
1781550043369313,normal,2361,96,6,0,Format0 ,0.988,1,100.000,0.988
1781550043374469,normal,2366,96,9,0,Format0 ,0.995,1,100.000,0.995
1781550043386932,normal,2378,96,1,0,Format0 ,0.992,1,100.000,0.992
1781550043487314,normal,2476,96,8,1,Format1 ,0.603,1,72.917,0.496
1781550043530651,normal,2518,96,1,0,Format0 ,0.960,1,100.000,0.960
1781550043538807,normal,2526,96,8,0,Format0 ,0.953,1,100.000,0.955
1781550043559446,normal,2546,96,8,0,Format0 ,0.999,1,95.833,0.963
1781550043569042,normal,2555,96,2,1,Format1 ,0.531,1,74.306,0.463
1781550043570830,normal,2557,96,0,1,Format1 ,0.526,1,75.694,0.503
1781550043580021,normal,2566,96,8,1,Format1 ,0.516,1,74.306,0.499
1781550043582063,normal,2568,96,2,1,Format1 ,0.522,1,73.611,0.499
1781550043612035,normal,2597,96,0,1,Format1 ,0.557,1,75.000,0.452
1781550043635952,normal,2619,96,6,1,Format1 ,0.507,1,68.750,0.487
1781550043666303,normal,2648,36457,2,1,Format2 ,0.519,2,77.083,0.473
1781550043682710,normal,2664,96,3,0,Format0 ,1.006,1,95.833,0.993
1781550043699515,normal,2680,96,7,0,Format0 ,1.051,1,100.000,1.051
1781550043705409,normal,2686,96,8,1,Format1 ,0.508,1,72.917,0.489
1781550043707413,normal,2688,96,1,0,Format0 ,0.990,1,100.000,0.990
1781550043758482,normal,2738,96,1,0,Format0 ,1.000,1,100.000,1.000
1781550043761570,normal,2741,96,6,1,Format1 ,0.621,1,76.389,0.535
1781550043768788,normal,2748,96,1,0,Format0 ,0.990,1,100.000,0.990
1781550043771855,normal,2751,18779,6,1,Format2 ,0.501,2,72.222,0.453
1781550043779002,normal,2758,96,1,0,Format0 ,0.985,1,100.000,0.985
1781550043782070,normal,2761,96,6,0,Format0 ,0.980,1,100.000,0.981
1781550043784122,normal,2763,96,1,0,Format0 ,0.993,1,100.000,0.993
1781550043786371,normal,2765,12129,2,1,Format0 ,0.959,2,83.333,0.645
1781550043792492,normal,2771,96,6,0,Format0 ,1.001,1,100.000,1.001
1781550043795516,normal,2774,9958,2,1,Format2 ,0.518,2,72.917,0.474
1781550043799639,normal,2778,96,1,0,Format0 ,0.972,1,100.000,0.972
1781550043803680,normal,2782,96,7,0,Format0 ,0.951,1,98.611,0.948
1781550043805737,normal,2784,96,3,0,Format0 ,0.975,1,100.000,0.976
1781550043807776,normal,2786,96,8,1,Format1 ,0.516,1,78.472,0.501
1781550043810883,normal,2789,96,6,1,Format1 ,0.510,1,73.611,0.494
1781550043812952,normal,2791,26935,6,1,Format2 ,0.492,2,74.306,0.452
1781550043818062,normal,2796,96,8,0,Format0 ,0.776,1,91.667,0.740
1781550043823944,normal,2801,96,6,0,Format0 ,0.966,1,100.000,0.966
1781550043832151,normal,2809,96,6,0,Format0 ,1.006,1,100.000,1.006
1781550043838458,normal,2815,96,2,1,Format1 ,0.514,1,79.167,0.500
1781550043839361,normal,2816,96,8,1,Format1 ,0.499,1,74.306,0.485
1781550043840364,normal,2817,29875,0,1,Format2 ,0.518,2,77.778,0.478
1781550043854832,normal,2831,96,6,1,Format1 ,0.518,1,72.917,0.503
1781550043892690,normal,2868,96,1,0,Format0 ,0.989,1,100.000,0.989
1781550043902956,normal,2878,96,1,0,Format0 ,0.991,1,100.000,0.991
1781550043984639,normal,2958,96,1,0,Format0 ,1.000,1,100.000,1.000
1781550043992784,normal,2966,96,8,1,Format1 ,0.516,1,77.083,0.495
1781550044002966,normal,2976,96,9,0,Format0 ,1.053,1,94.444,1.031
1781550044025617,normal,2998,96,1,0,Format0 ,0.932,1,100.000,0.932
1781550044028636,normal,3001,96,6,1,Format1 ,0.473,1,75.000,0.451
1781550044033725,normal,3006,96,8,1,Format1 ,0.550,1,80.556,0.484
1781550044044971,normal,3017,96,0,1,Format1 ,0.622,1,72.917,0.534
1781550044059646,normal,3031,96,6,0,Format0 ,0.918,1,100.000,0.918
1781550044061499,normal,3033,96,1,0,Format0 ,1.004,1,100.000,1.004
1781550044136321,normal,3106,96,8,0,Format0 ,0.943,1,94.444,0.875
1781550044163293,normal,3132,96,7,0,Format0 ,0.979,1,100.000,0.979
1781550044321398,normal,3285,23386,2,0,Format0 ,0.978,2,97.222,0.922
1781550045066726,normal,4010,96,7,0,Format0 ,1.018,1,97.222,1.012
1781550047166016,normal,5986,96,8,1,Format1 ,0.512,1,72.917,0.491
1781550047272385,normal,6089,43123,2,0,Format0 ,0.997,2,97.222,0.943
1781550047292190,normal,6108,96,1,0,Format0 ,0.988,1,100.000,0.988
1781550047310658,normal,6126,50939,8,1,Format2 ,0.515,2,76.389,0.474
1781550047419410,normal,6231,9056,6,1,Format2 ,0.511,2,70.833,0.413
1781550049296357,normal,8045,12129,2,1,Format0 ,0.991,2,83.333,0.661
1781550049317657,normal,8066,11390,8,1,Format2 ,0.521,2,79.167,0.481
1781550049338140,normal,8086,40575,8,1,Format2 ,0.521,2,74.306,0.461
1781550049360692,normal,8108,25744,0,2,Format1A,0.480,1,64.931,0.286
1781550049368965,normal,8116,96,9,0,Format0 ,1.027,1,100.000,1.027
1781550049375087,normal,8122,96,7,0,Format0 ,0.997,1,100.000,0.998
1781550049379229,normal,8126,5093,8,1,Format2 ,0.512,2,75.694,0.467
1781550049466550,normal,8211,96,6,1,Format1 ,0.513,1,74.306,0.493
1781550049483985,normal,8228,96,1,0,Format0 ,1.008,1,100.000,1.008
1781550050159853,normal,8886,2,0,3,Format1A,0.521,1,75.347,0.501
1781550050282984,normal,9006,105,9,0,Format0 ,0.967,1,100.000,0.967
1781550050509122,normal,9226,96,8,1,Format1 ,0.512,1,73.611,0.490
1781550050971395,normal,9676,97,9,0,Format0 ,0.995,1,100.000,0.995
1781550050974405,normal,9679,97,0,1,Format1 ,0.513,1,77.778,0.496
1781550050976405,normal,9681,97,4,1,Format1 ,0.527,1,78.472,0.510
1781550050981606,normal,9686,97,9,0,Format0 ,0.982,1,100.000,0.982
1781550050984769,normal,9689,5322,0,1,Format2 ,0.516,2,72.917,0.430
1781550051002233,normal,9706,97,9,0,Format0 ,0.986,1,100.000,0.986
1781550051005363,normal,9709,97,0,1,Format1 ,0.514,1,73.611,0.493
1781550051007374,normal,9711,97,4,1,Format1 ,0.509,1,77.778,0.491
1781550051009463,normal,9713,97,3,0,Format0 ,0.993,1,100.000,0.993
1781550051017669,normal,9721,38213,4,1,Format2 ,0.518,2,71.528,0.401
1781550051022771,normal,9726,97,9,0,Format0 ,0.979,1,100.000,0.979
1781550051025871,normal,9729,97,0,1,Format1 ,0.534,1,79.167,0.512
1781550051033102,normal,9736,97,9,0,Format0 ,0.998,1,100.000,0.998
1781550051043393,normal,9746,97,9,0,Format0 ,0.968,1,98.611,0.968
1781550051046453,normal,9749,97,0,2,Format1 ,0.304,1,66.319,0.258
1781550051048485,normal,9751,97,4,1,Format1 ,0.522,1,73.611,0.493
1781550051058813,normal,9761,97,4,1,Format1 ,0.516,1,72.222,0.501
1781550051064127,normal,9766,97,9,0,Format0 ,0.992,1,100.000,0.992
1781550051067237,normal,9769,97,4,1,Format1 ,0.509,1,79.167,0.496
1781550051067237,normal,9769,43123,2,0,Format0 ,0.994,2,97.222,0.943
1781550051069370,normal,9771,97,4,1,Format1 ,0.507,1,78.472,0.495
1781550051079861,normal,9781,9864,4,1,Format2 ,0.517,2,76.389,0.472
1781550051085026,normal,9786,97,9,0,Format0 ,0.991,1,100.000,0.991
1781550051088119,normal,9789,97,0,1,Format1 ,0.519,1,79.861,0.509
1781550051090174,normal,9791,97,4,1,Format1 ,0.529,1,69.444,0.506
1781550051100562,normal,9801,97,4,1,Format1 ,0.511,1,76.389,0.495
1781550051103644,normal,9804,97,9,0,Format0 ,0.991,1,100.000,0.991
1781550051105670,normal,9806,97,9,0,Format0 ,1.002,1,100.000,1.002
1781550051108801,normal,9809,97,0,1,Format1 ,0.516,1,71.528,0.498
1781550051110819,normal,9811,97,4,1,Format1 ,0.522,1,72.917,0.499
1781550051126635,normal,9826,97,9,0,Format0 ,0.988,1,100.000,0.988
1781550052496092,normal,908,96,1,0,Format0 ,1.003,1,100.000,1.003
1781550053587133,normal,1966,97,9,0,Format0 ,1.009,1,100.000,1.009
1781550053627625,normal,2005,55259,2,1,Format0 ,0.970,2,79.167,0.589
1781550053669784,normal,2046,97,9,0,Format0 ,0.990,1,100.000,0.990
1781550057678232,normal,5928,96,1,0,Format0 ,1.002,1,100.000,1.002
1781550061166208,normal,9321,97,4,1,Format1 ,0.505,1,72.917,0.488
1781550061171385,normal,9326,97,9,0,Format0 ,0.998,1,100.000,0.998
1781550061174469,normal,9329,97,0,1,Format1 ,0.524,1,76.389,0.508
1781550061181792,normal,9336,97,9,0,Format0 ,0.916,1,98.611,0.907
1781550061192168,normal,9346,97,9,0,Format0 ,0.990,1,100.000,0.990
1781550061195270,normal,9349,18302,0,1,Format2 ,0.519,2,74.306,0.475
1781550061197456,normal,9351,7613,4,1,Format2 ,0.512,2,81.944,0.474
1781550061212944,normal,9366,97,9,0,Format0 ,0.983,1,100.000,0.983
1781550061215981,normal,9369,47004,0,1,Format2 ,0.513,2,74.306,0.416
1781550061218158,normal,9371,45788,4,1,Format2 ,0.514,2,77.778,0.471
1781550061228535,normal,9381,15030,4,1,Format2 ,0.509,2,68.750,0.364
1781550061233822,normal,9386,97,9,0,Format0 ,0.995,1,100.000,0.995
1781550061236902,normal,9389,97,0,1,Format1 ,0.513,1,79.861,0.498
1781550061239105,normal,9391,97,4,1,Format1 ,0.509,1,75.000,0.490
1781550061244227,normal,9396,97,9,0,Format0 ,0.992,1,100.000,0.992
1781550061254677,normal,9406,97,9,0,Format0 ,0.978,1,100.000,0.978
1781550061270327,normal,9421,97,4,1,Format1 ,0.515,1,74.306,0.495
1781550061275451,normal,9426,97,9,0,Format0 ,0.994,1,100.000,0.994
1781550061278603,normal,9429,97,0,1,Format1 ,0.507,1,75.694,0.490
1781550061280793,normal,9431,97,4,1,Format1 ,0.514,1,75.000,0.496
1781550061290390,normal,9440,97,3,0,Format0 ,0.701,1,100.000,0.701
1781550061292193,normal,9442,97,8,1,Format1 ,0.577,1,74.306,0.468
1781550061296401,normal,9446,97,9,0,Format0 ,0.994,1,100.000,0.994
1781550061299605,normal,9449,43556,4,1,Format2 ,0.522,2,73.611,0.475
1781550061299605,normal,9449,43123,2,0,Format0 ,0.994,2,97.222,0.939
1781550061301821,normal,9451,6654,4,1,Format2 ,0.515,2,72.917,0.468
1781550061311603,normal,9460,97,3,0,Format0 ,0.952,1,100.000,0.952
1781550061315276,normal,9464,97,9,0,Format0 ,0.993,1,100.000,0.993
1781550061317322,normal,9466,97,9,0,Format0 ,0.989,1,100.000,0.989
1781550061320410,normal,9469,15856,0,1,Format2 ,0.511,2,75.000,0.470
1781550061322465,normal,9471,45087,4,1,Format2 ,0.505,2,72.222,0.461
1781550061338058,normal,9486,97,9,0,Format0 ,0.996,1,100.000,0.996
1781550062760414,normal,551,96,6,1,Format1 ,0.508,1,77.778,0.496
1781550062799954,normal,588,96,1,0,Format0 ,0.988,1,100.000,0.988
1781550065303128,normal,3006,96,8,1,Format1 ,0.511,1,75.694,0.489
1781550067366913,normal,5006,96,8,1,Format1 ,0.526,1,77.778,0.504
1781550071560778,normal,9001,97,4,1,Format1 ,0.515,1,73.611,0.495
1781550071565906,normal,9006,97,9,0,Format0 ,0.986,1,100.000,0.986
1781550071568968,normal,9009,97,0,1,Format1 ,0.523,1,75.000,0.506
1781550071571110,normal,9011,97,4,2,Format1 ,0.304,1,63.542,0.252
1781550071583477,normal,9023,97,3,0,Format0 ,0.998,1,100.000,0.998
1781550071586572,normal,9026,97,9,0,Format0 ,0.987,1,100.000,0.987
1781550071602215,normal,9041,25099,4,1,Format2 ,0.505,2,78.472,0.466
1781550071607249,normal,9046,97,9,0,Format0 ,1.004,1,100.000,1.004
1781550071610389,normal,9049,45087,0,1,Format2 ,0.514,2,70.833,0.470
1781550071612525,normal,9051,97,4,1,Format1 ,0.510,1,77.778,0.499
1781550071623695,normal,9061,97,4,1,Format1 ,0.516,1,75.000,0.500
1781550071628815,normal,9066,97,9,0,Format0 ,0.989,1,100.000,0.989
1781550071633924,normal,9071,7613,4,1,Format2 ,0.510,2,79.861,0.469
1781550071639052,normal,9076,97,9,0,Format0 ,1.001,1,100.000,1.001
1781550071649274,normal,9086,97,9,0,Format0 ,0.984,1,100.000,0.984
1781550071652358,normal,9089,97,0,1,Format1 ,0.521,1,66.667,0.482
1781550071657497,normal,9094,97,9,0,Format0 ,0.993,1,100.000,0.993
1781550071664770,normal,9101,3657,4,1,Format2 ,0.503,2,75.000,0.458
1781550071669854,normal,9106,97,9,0,Format0 ,0.999,1,100.000,0.999
1781550071672988,normal,9109,97,0,1,Format1 ,0.518,1,73.611,0.497
1781550071675001,normal,9111,97,4,1,Format1 ,0.513,1,73.611,0.485
1781550071690347,normal,9126,97,9,0,Format0 ,0.994,1,100.000,0.994
1781550071693405,normal,9129,7884,4,1,Format2 ,0.523,2,65.278,0.472
1781550071693405,normal,9129,43123,2,0,Format0 ,0.996,2,97.222,0.945
1781550071700613,normal,9136,97,9,0,Format0 ,0.977,1,100.000,0.977
1781550071710790,normal,9146,97,9,0,Format0 ,0.999,1,100.000,0.999
1781550071752016,normal,9186,97,9,0,Format0 ,0.992,1,100.000,0.992
1781550072142374,normal,9565,12129,2,1,Format0 ,0.995,2,83.333,0.664
1781550074697336,normal,1738,96,2,1,Format1 ,0.514,1,73.611,0.494
1781550074705561,normal,1746,96,9,0,Format0 ,1.001,1,100.000,1.001
1781550074730703,normal,1770,96,7,0,Format0 ,0.996,1,100.000,0.996
1781550074741019,normal,1780,96,7,0,Format0 ,0.988,1,100.000,0.988
1781550074742686,normal,1782,37608,8,1,Format2 ,0.508,2,69.444,0.461
1781550074744770,normal,1784,96,3,0,Format0 ,1.012,1,100.000,1.012
1781550074747004,normal,1786,96,9,0,Format0 ,0.988,1,100.000,0.988
1781550074748974,normal,1788,96,2,1,Format1 ,0.511,1,77.778,0.495
1781550074752067,normal,1791,96,6,0,Format0 ,0.997,1,100.000,0.997
1781550074759403,normal,1798,96,1,0,Format0 ,0.997,1,100.000,0.997
1781550074795725,normal,1833,96,1,0,Format0 ,0.984,1,100.000,0.984
1781550074798007,normal,1835,96,2,0,Format0 ,0.996,1,100.000,0.996
1781550074805000,normal,1842,96,8,1,Format1 ,0.525,1,75.694,0.506
1781550074807057,normal,1844,96,3,0,Format0 ,0.995,1,100.000,0.995
1781550074809192,normal,1846,96,9,0,Format0 ,0.994,1,100.000,0.994
1781550074824669,normal,1861,96,6,0,Format0 ,0.933,1,100.000,0.934
1781550074891776,normal,1926,96,8,1,Format1 ,0.510,1,72.917,0.494
1781550074912356,normal,1946,58592,8,1,Format2 ,0.533,2,67.361,0.431
1781550075040673,normal,2071,47785,6,1,Format2 ,0.518,2,72.917,0.432
1781550075047857,normal,2078,96,1,0,Format0 ,0.986,1,100.000,0.986
1781550075056109,normal,2086,96,8,1,Format1 ,0.513,1,76.389,0.486
1781550075081887,normal,2111,33348,6,1,Format2 ,0.511,2,69.444,0.461
1781550075117998,normal,2146,96,8,1,Format1 ,0.503,1,74.306,0.483
1781550075119965,normal,2148,96,1,0,Format0 ,0.990,1,100.000,0.990
1781550075123088,normal,2151,96,6,1,Format1 ,0.513,1,76.389,0.496
1781550075160915,normal,2188,96,1,0,Format0 ,1.002,1,100.000,1.002
1781550075194673,normal,2221,60215,6,1,Format2 ,0.514,2,75.694,0.462
1781550075199796,normal,2226,55898,8,1,Format2 ,0.520,2,73.611,0.464
1781550075514772,normal,2531,96,6,0,Format0 ,0.994,1,100.000,0.994
1781550075519899,normal,2536,19341,8,1,Format2 ,0.510,2,72.917,0.467
1781550076221774,normal,3218,96,1,0,Format0 ,0.984,1,100.000,0.984
1781550076230128,normal,3226,43662,8,1,Format2 ,0.500,2,68.056,0.418
1781550076253913,normal,3249,96,6,0,Format0 ,0.990,1,100.000,0.990
1781550076293901,normal,3288,96,2,1,Format1 ,0.508,1,73.611,0.489
1781550076314579,normal,3308,96,1,0,Format0 ,0.993,1,100.000,0.993
1781550076353616,normal,3346,96,8,1,Format1 ,0.505,1,79.861,0.495
1781550076355709,normal,3348,96,1,0,Format0 ,0.990,1,100.000,0.990
1781550076390051,normal,3381,96,6,1,Format1 ,0.515,1,75.000,0.496
1781550076446217,normal,3435,27891,2,1,Format2 ,0.513,2,75.000,0.470
1781550076447093,normal,3436,96,8,1,Format1 ,0.512,1,75.694,0.495
1781550076449151,normal,3438,96,1,0,Format0 ,0.997,1,100.000,0.997
1781550076452256,normal,3441,96,6,1,Format1 ,0.524,1,70.139,0.501
1781550076454365,normal,3443,96,1,0,Format0 ,0.988,1,100.000,0.988
1781550076457462,normal,3446,325,8,1,Format2 ,0.517,2,69.444,0.408
1781550076459521,normal,3448,96,1,0,Format0 ,0.991,1,100.000,0.991
1781550076470993,normal,3459,96,6,1,Format1 ,0.508,1,77.083,0.490
1781550076473044,normal,3461,96,6,1,Format1 ,0.507,1,72.917,0.487
1781550076514868,normal,3501,44956,6,1,Format2 ,0.503,1,73.611,0.462
1781550076520089,normal,3506,51209,8,1,Format2 ,0.502,2,70.139,0.458
1781550076551347,normal,3536,96,8,1,Format1 ,0.514,1,75.000,0.494
1781550076556164,normal,3540,13290,6,1,Format2 ,0.518,2,68.750,0.466
1781550076582424,normal,3566,62626,8,1,Format2 ,0.511,2,69.444,0.411
1781550076605320,normal,3588,96,1,0,Format0 ,1.010,1,100.000,1.010
1781550076619722,normal,3602,96,7,0,Format0 ,0.962,1,97.222,0.931
1781550076651065,normal,3632,96,7,0,Format0 ,0.984,1,100.000,0.984
1781550076657211,normal,3638,96,1,0,Format0 ,0.988,1,100.000,0.988
1781550076670668,normal,3651,96,6,1,Format1 ,0.518,1,74.306,0.499
1781550077662694,normal,4608,96,1,0,Format0 ,1.005,1,100.000,1.005
1781550077681422,normal,4626,96,8,0,Format0 ,0.912,1,100.000,0.913
1781550077752422,normal,4686,38230,8,1,Format2 ,0.517,2,73.611,0.432
1781550077835517,normal,4766,96,8,1,Format1 ,0.511,1,76.389,0.495
1781550078192797,normal,5109,96,6,1,Format1 ,0.510,1,79.167,0.500
1781550078231115,normal,5146,2,0,3,Format1A,0.637,1,75.521,0.489
1781550078241596,normal,5156,106,0,1,Format1 ,0.513,1,75.694,0.499
1781550078293955,normal,5206,106,0,1,Format1A,0.511,1,73.611,0.489
1781550078295993,normal,5208,96,1,0,Format0 ,1.008,1,100.000,1.008
1781550078314729,normal,5226,97,9,0,Format0 ,0.985,1,100.000,0.985
1781550078325065,normal,5236,106,0,1,Format1 ,0.513,1,77.778,0.496
1781550078340672,normal,5251,63415,4,1,Format2 ,0.515,2,64.583,0.398
1781550078418832,normal,5326,97,9,0,Format0 ,0.992,1,100.000,0.992
1781550078563954,normal,5466,47634,4,1,Format2 ,0.509,2,70.833,0.381
1781550078689619,normal,5588,96,1,0,Format0 ,0.997,1,100.000,0.997
1781550079324910,normal,6206,107,4,1,Format1 ,0.519,1,77.083,0.502
1781550079345396,normal,6226,107,4,1,Format1 ,0.513,1,75.694,0.497
1781550081448755,normal,8268,96,1,0,Format0 ,0.991,1,100.000,0.991
1781550081854113,normal,8660,97,3,0,Format0 ,0.992,1,100.000,0.992
1781550081859651,normal,8666,97,9,0,Format0 ,1.007,1,100.000,1.007
1781550081862812,normal,8669,17389,0,1,Format2 ,0.513,2,70.833,0.388
1781550081875179,normal,8681,97,4,1,Format1 ,0.513,1,73.611,0.493
1781550081878320,normal,8684,97,9,0,Format0 ,1.005,1,100.000,1.005
1781550081880446,normal,8686,97,9,0,Format0 ,0.996,1,100.000,0.996
1781550081883516,normal,8689,97,0,1,Format1 ,0.516,1,77.083,0.498
1781550081885558,normal,8691,952,4,1,Format2 ,0.521,2,72.222,0.475
1781550081890780,normal,8696,97,9,0,Format0 ,0.993,1,100.000,0.993
1781550081895981,normal,8701,25099,4,1,Format2 ,0.507,2,76.389,0.467
1781550081901172,normal,8706,97,9,0,Format0 ,0.993,1,100.000,0.993
1781550081903170,normal,8708,97,7,0,Format0 ,0.995,1,100.000,0.995
1781550081905611,normal,8710,97,3,0,Format0 ,0.995,1,100.000,0.995
1781550081907276,normal,8712,41417,8,1,Format2 ,0.514,2,79.167,0.462
1781550081912449,normal,8717,97,9,0,Format0 ,1.002,1,100.000,1.002
1781550081916599,normal,8721,54547,4,2,Format1C,0.375,1,63.542,0.182
1781550081921728,normal,8726,97,9,0,Format0 ,0.995,1,100.000,0.995
1781550081924901,normal,8729,97,0,1,Format1 ,0.518,1,69.444,0.498
1781550081926992,normal,8731,27539,4,1,Format2 ,0.509,2,75.000,0.482
1781550081932233,normal,8736,97,9,0,Format0 ,0.992,1,100.000,0.992
1781550081942755,normal,8746,97,9,0,Format0 ,0.999,1,100.000,0.999
1781550081945833,normal,8749,13082,0,1,Format2 ,0.512,2,70.833,0.414
1781550081947885,normal,8751,5474,4,1,Format2 ,0.509,2,79.167,0.457
1781550081963506,normal,8766,97,9,0,Format0 ,0.996,1,100.000,0.996
1781550081966676,normal,8769,27539,0,1,Format2 ,0.511,2,73.611,0.480
1781550082004912,normal,8806,97,9,0,Format0 ,0.995,1,100.000,0.995
1781550083354616,normal,10108,96,1,0,Format0 ,0.995,1,100.000,0.995
1781550083406420,normal,10158,96,1,0,Format0 ,1.008,1,100.000,1.008
1781550186285682,normal,6068,7362,6,1,Format2 ,2.172,2,81.250,1.779
1781550186659633,normal,6229,54625,30,1,Format1C,1.590,1,65.278,1.070
1781550186798464,normal,6286,30354,8,1,Format1C,2.314,1,71.528,1.526
1781550186832304,normal,6300,61335,0,3,Format1 ,1.643,1,59.375,0.594
1781550186884482,normal,6324,55640,0,2,Format1A,0.357,1,63.194,0.291
1781550186899211,normal,6329,3861,34,1,Format1C,1.957,1,65.972,1.723
1781550187011905,normal,6377,40955,4,1,Format1C,0.989,1,70.139,0.695
1781550187011905,normal,6377,12180,13,0,Format0 ,1.507,1,93.056,1.484
1781550187329787,normal,6487,14111,30,1,Format1C,1.505,1,63.889,1.130
1781550187894484,normal,6730,5384,3,0,Format0 ,1.481,1,77.778,1.227
1781550187932890,normal,6749,9699,36,1,Format1C,2.093,1,64.583,1.603
1781550188278932,normal,6912,27983,6,1,Format0 ,1.579,2,77.083,1.269
1781550190444389,normal,9896,97,9,0,Format0 ,0.985,1,100.000,0.985
1781550190449457,normal,9901,103,2,1,Format1A,0.509,1,73.611,0.496
1781550190451483,normal,9903,97,3,0,Format0 ,1.006,1,100.000,1.006
1781550190454646,normal,9906,97,9,0,Format0 ,0.991,1,100.000,0.991
1781550190457705,normal,9909,25099,0,1,Format2 ,0.512,2,75.000,0.468
1781550190475175,normal,9926,97,9,0,Format0 ,1.007,1,100.000,1.007
1781550190478229,normal,9929,49883,4,1,Format2 ,0.513,2,74.306,0.474
1781550190480285,normal,9931,97,4,1,Format1 ,0.514,1,73.611,0.495
1781550190485423,normal,9936,97,9,0,Format0 ,0.992,1,100.000,0.992
1781550190489847,normal,9940,97,3,0,Format0 ,0.995,1,100.000,0.995
1781550190493602,normal,9944,97,9,0,Format0 ,1.005,1,100.000,1.006
1781550190495606,normal,9946,97,9,0,Format0 ,1.008,1,100.000,1.008
1781550190497657,normal,9948,97,7,0,Format0 ,0.962,1,100.000,0.962
1781550190501771,normal,9952,11360,8,1,Format2 ,0.500,2,71.528,0.408
1781550190506931,normal,9957,97,9,0,Format0 ,0.991,1,100.000,0.991
1781550190516227,normal,9966,97,9,0,Format0 ,1.003,1,100.000,1.003
1781550190524457,normal,9974,97,9,0,Format0 ,0.998,1,100.000,0.998
1781550190531621,normal,9981,97,4,1,Format1 ,0.510,1,75.694,0.500
1781550190536820,normal,9986,97,9,0,Format0 ,0.992,1,100.000,0.992
1781550190560437,normal,10009,97,0,1,Format1 ,0.511,1,75.694,0.495
1781550190562520,normal,10011,97,4,1,Format1 ,0.518,1,72.917,0.501
1781550190577993,normal,10026,97,9,0,Format0 ,0.993,1,100.000,0.993
1781550190583133,normal,10031,17389,4,1,Format2 ,0.514,2,72.222,0.393
1781550190590368,normal,10038,25697,6,1,Format2 ,0.513,2,70.833,0.389
1781550190593431,normal,10041,27539,4,1,Format2 ,0.514,2,72.222,0.482
1781550190603758,normal,10051,97,4,1,Format1 ,0.572,1,77.778,0.485
1781550190606831,normal,10054,97,0,1,Format1 ,0.508,1,75.000,0.494
1781550190608855,normal,10056,97,9,0,Format0 ,0.989,1,100.000,0.989
1781550190617080,normal,10064,97,9,0,Format0 ,0.997,1,100.000,0.997
1781550190619251,normal,10066,97,9,0,Format0 ,0.986,1,100.000,0.986
1781550190624347,normal,10071,43517,4,2,Format2 ,0.515,2,71.875,0.348
1781550190634724,normal,10081,97,4,1,Format1 ,0.515,1,76.389,0.496
1781550191298386,normal,486,2,0,3,Format1A,0.515,1,76.042,0.498
1781550191311669,normal,499,6007,2,1,Format0 ,1.000,2,81.944,0.649
1781550191337584,normal,524,104,0,3,Format1A,1.001,1,100.000,1.001
1781550191358236,normal,544,104,0,3,Format1 ,0.999,1,100.000,0.999
1781550191633876,normal,812,104,9,0,Format0 ,0.998,1,100.000,0.998
1781550193309157,normal,2372,104,9,0,Format0 ,0.949,1,98.611,0.949
1781550200847602,normal,9676,96,9,0,Format0 ,0.991,1,100.000,0.991
1781550200857894,normal,9686,18248,8,1,Format2 ,0.527,2,66.667,0.379
1781550200969158,normal,9794,96,2,1,Format1 ,0.510,1,72.917,0.492
1781550200980715,normal,9805,12129,2,1,Format0 ,0.982,2,83.333,0.656
1781550201270881,normal,10086,97,9,0,Format0 ,0.990,1,100.000,0.990
1781550201273849,normal,10089,97,4,1,Format1 ,0.508,1,71.528,0.490
1781550201273849,normal,10089,43123,2,0,Format0 ,0.988,2,97.222,0.929
1781550201275908,normal,10091,97,4,1,Format1 ,0.512,1,77.083,0.498
1781550201285737,normal,10100,97,3,0,Format0 ,0.995,1,100.000,0.995
1781550201291443,normal,10106,97,9,0,Format0 ,1.009,1,100.000,1.009
1781550201294613,normal,10109,2400,0,1,Format2 ,0.525,2,72.917,0.477
1781550201296725,normal,10111,97,4,1,Format1 ,0.514,1,76.389,0.492
1781550201301925,normal,10116,97,9,0,Format0 ,0.998,1,100.000,0.998
1781550201307095,normal,10121,25099,4,1,Format2 ,0.528,2,75.694,0.479
1781550201312241,normal,10126,97,9,0,Format0 ,1.004,1,100.000,1.004
1781550201315365,normal,10129,97,0,1,Format1 ,0.526,1,77.083,0.502
1781550201327800,normal,10141,13935,4,1,Format2 ,0.535,2,71.528,0.388
1781550201332951,normal,10146,97,9,0,Format0 ,1.007,1,100.000,1.007
1781550201336075,normal,10149,97,0,1,Format1 ,0.512,1,75.000,0.496
1781550201338147,normal,10151,25099,4,1,Format2 ,0.513,2,71.528,0.467
1781550201344350,normal,10157,97,9,0,Format0 ,1.001,1,100.000,1.001
1781550201353633,normal,10166,97,9,0,Format0 ,0.995,1,100.000,0.995
1781550201356886,normal,10169,48239,0,1,Format2 ,0.517,2,71.528,0.416
1781550201359871,normal,10172,97,8,1,Format1 ,0.507,1,69.444,0.490
1781550201361945,normal,10174,97,9,0,Format0 ,0.997,1,100.000,0.997
1781550201364169,normal,10176,97,9,0,Format0 ,1.005,1,100.000,1.005
1781550201368721,normal,10180,97,3,0,Format0 ,0.990,1,100.000,0.990
1781550201374484,normal,10186,97,9,0,Format0 ,0.995,1,100.000,0.995
1781550201377546,normal,10189,13935,0,1,Format2 ,0.508,2,72.222,0.387
1781550201379620,normal,10191,27539,4,1,Format2 ,0.518,2,70.833,0.486
1781550201390084,normal,10201,97,4,1,Format1 ,0.510,1,73.611,0.494
1781550201395175,normal,10206,97,9,0,Format0 ,0.985,1,100.000,0.985
1781550201415803,normal,10226,97,9,0,Format0 ,0.992,1,100.000,0.992
1781550201857326,normal,414,96,3,0,Format0 ,0.987,1,100.000,0.987
1781550201861475,normal,418,58759,2,1,Format2 ,0.513,2,71.528,0.420
1781550201869670,normal,426,96,8,1,Format1 ,0.573,1,79.167,0.475
1781550201871671,normal,428,96,1,0,Format0 ,0.970,1,100.000,0.970
1781550201882028,normal,438,96,1,0,Format0 ,0.996,1,100.000,0.996
1781550201920180,normal,475,96,2,0,Format0 ,0.992,1,100.000,0.992
1781550201926111,normal,481,96,6,0,Format0 ,0.993,1,100.000,0.994
1781550201928150,normal,483,96,1,0,Format0 ,1.005,1,100.000,1.005
1781550201930355,normal,485,23386,2,0,Format0 ,0.995,2,97.222,0.942
1781550201933268,normal,488,96,2,1,Format1 ,0.526,1,73.611,0.497
1781550201935714,normal,490,96,7,0,Format0 ,0.990,1,100.000,0.990
1781550201937419,normal,492,96,8,1,Format1 ,0.513,1,70.833,0.488
1781550201943596,normal,498,96,2,1,Format1 ,0.511,1,72.917,0.491
1781550201946773,normal,501,96,6,1,Format1 ,0.518,1,70.833,0.497
1781550201951948,normal,506,59429,8,1,Format2 ,0.513,2,70.833,0.423
1781550201953987,normal,508,96,1,0,Format0 ,0.992,1,100.000,0.992
1781550201972676,normal,526,96,9,0,Format0 ,1.003,1,100.000,1.003
1781550201974727,normal,528,30888,0,3,Format1 ,0.330,1,60.243,0.135
1781550201985132,normal,538,96,2,0,Format0 ,0.928,1,91.667,0.871
1781550201990286,normal,543,96,1,0,Format0 ,1.004,1,100.000,1.004
1781550201993373,normal,546,23881,8,1,Format2 ,0.507,2,69.444,0.387
1781550201998642,normal,551,96,6,0,Format0 ,0.991,1,100.000,0.991
1781550202000666,normal,553,96,1,0,Format0 ,0.998,1,100.000,0.998
1781550202009011,normal,561,96,6,0,Format0 ,0.999,1,100.000,0.999
1781550202011034,normal,563,96,1,0,Format0 ,0.987,1,100.000,0.987
1781550202014197,normal,566,96,9,0,Format0 ,0.960,1,100.000,0.960
1781550202019349,normal,571,96,6,1,Format1 ,0.513,1,74.306,0.498
1781550202039852,normal,591,56915,6,1,Format2 ,0.517,2,77.778,0.473
1781550202062309,normal,612,96,7,0,Format0 ,1.005,1,100.000,1.005
1781550202075298,normal,625,50785,2,0,Format0 ,0.984,2,97.222,0.932
1781550202075298,normal,625,20580,3,0,Format0 ,0.979,1,81.944,0.642
1781550202098863,normal,648,96,2,1,Format1 ,0.523,1,73.611,0.488
1781550202101291,normal,650,27891,6,1,Format2 ,0.520,2,72.222,0.477
1781550202103072,normal,652,96,7,0,Format0 ,0.998,1,100.000,0.998
1781550202109222,normal,658,96,1,0,Format0 ,0.997,1,100.000,0.997
1781550202111680,normal,660,96,6,1,Format1 ,0.509,1,72.917,0.493
1781550202117389,normal,666,96,9,0,Format0 ,0.997,1,100.000,0.997
1781550202143180,normal,691,96,6,0,Format0 ,0.955,1,100.000,0.956
1781550202244291,normal,725,23386,2,0,Format0 ,0.985,2,97.222,0.931
1781550202379529,normal,856,96,8,1,Format1 ,0.509,1,78.472,0.496
1781550202381676,normal,858,96,1,0,Format0 ,0.987,1,100.000,0.987
1781550202382752,normal,859,96,6,1,Format1 ,0.520,1,74.306,0.506
1781550202431057,normal,906,96,8,1,Format1 ,0.509,1,77.083,0.489
1781550202433089,normal,908,96,1,0,Format0 ,0.996,1,100.000,0.996
1781550202436234,normal,911,11984,6,1,Format2 ,0.495,2,69.444,0.427
1781550202484562,normal,958,96,1,0,Format0 ,1.000,1,100.000,1.000
1781550202497974,normal,971,96,6,1,Format1 ,0.517,1,78.472,0.504
1781550202604876,normal,1074,96,2,0,Format0 ,0.964,1,95.833,0.933
1781550202638472,normal,1106,96,8,1,Format1 ,0.499,1,70.833,0.477
1781550202640507,normal,1108,96,1,0,Format0 ,0.994,1,100.000,0.994
1781550202643626,normal,1111,96,6,1,Format1 ,0.510,1,71.528,0.487
1781550202645706,normal,1113,96,1,0,Format0 ,0.935,1,100.000,0.936
1781550202833463,normal,1294,96,2,0,Format0 ,0.947,1,91.667,0.908
1781550202875954,normal,1336,96,8,1,Format1 ,0.507,1,70.139,0.488
1781550203155178,normal,1605,23386,2,0,Format0 ,0.992,2,97.222,0.936
1781550203196835,normal,1645,12129,2,1,Format0 ,0.988,2,83.333,0.657
1781550203238111,normal,1685,55259,2,1,Format0 ,0.940,2,79.167,0.556
1781550203443477,normal,1884,96,2,1,Format1 ,0.464,1,71.528,0.444
1781550203555964,normal,1993,16355,0,2,Format1 ,0.387,1,62.847,0.242
1781550203564251,normal,2001,31961,6,1,Format2 ,0.521,2,69.444,0.437
1781550203568608,normal,2005,55259,2,1,Format0 ,0.996,2,79.167,0.590
1781550203597294,normal,2033,96,1,0,Format0 ,1.023,1,100.000,1.023
1781550203610648,normal,2046,96,9,0,Format0 ,0.993,1,100.000,0.993
1781550203612683,normal,2048,96,1,0,Format0 ,0.990,1,100.000,0.990
1781550203631197,normal,2066,96,8,1,Format1 ,0.583,1,74.306,0.474
1781550203633285,normal,2068,96,1,0,Format0 ,0.977,1,100.000,0.977
1781550203636428,normal,2071,96,6,1,Format1 ,0.518,1,77.778,0.506
1781550203651875,normal,2086,96,8,1,Format1 ,0.507,1,70.833,0.482
1781550203657969,normal,2092,96,7,0,Format0 ,0.971,1,100.000,0.971
1781550203666623,normal,2100,96,7,0,Format0 ,0.986,1,100.000,0.986
1781550203672527,normal,2106,18412,8,1,Format2 ,0.513,2,72.222,0.458
1781550203679676,normal,2113,96,1,0,Format0 ,0.991,1,100.000,0.991
1781550203684823,normal,2118,96,1,0,Format0 ,0.999,1,100.000,0.999
1781550203693055,normal,2126,96,8,1,Format1 ,0.519,1,73.611,0.503
1781550203710522,normal,2143,96,1,0,Format0 ,0.972,1,100.000,0.972
1781550203759913,normal,2191,96,6,0,Format0 ,0.998,1,100.000,0.998
1781550203762007,normal,2193,96,1,0,Format0 ,0.979,1,100.000,0.979
1781550203770412,normal,2201,96,6,1,Format1 ,0.524,1,77.083,0.503
1781550203789071,normal,2219,96,6,0,Format0 ,0.988,1,100.000,0.988
1781550203806516,normal,2236,43597,8,1,Format2 ,0.505,2,75.694,0.460
1781550203816812,normal,2246,13279,8,1,Format2 ,0.462,2,70.833,0.412
1781550203821883,normal,2251,56915,6,1,Format2 ,0.515,2,77.778,0.470
1781550203835159,normal,2264,749,2,1,Format2 ,0.506,2,76.389,0.410
1781550203836353,normal,2265,28594,2,0,Format0 ,0.959,2,97.222,0.911
1781550203839248,normal,2268,44773,2,1,Format2 ,0.506,2,72.917,0.411
1781550203841709,normal,2270,96,6,0,Format0 ,0.932,1,100.000,0.932
1781550203844337,normal,2273,96,1,0,Format0 ,0.919,1,100.000,0.919
1781550203846662,normal,2275,3668,0,3,Format2 ,0.314,2,59.028,0.175
1781550203849543,normal,2278,96,1,0,Format0 ,0.853,1,93.056,0.791
1781550203854373,normal,2282,96,7,0,Format0 ,1.051,1,91.667,0.951
1781550203860876,normal,2289,96,6,1,Format1 ,0.499,1,68.750,0.427
1781550203864044,normal,2292,60988,8,1,Format2 ,0.509,2,71.528,0.401
1781550203873238,normal,2301,96,6,1,Format1 ,0.588,1,72.222,0.500
1781550203935012,normal,2361,96,6,0,Format0 ,0.988,1,100.000,0.988
1781550203940274,normal,2366,96,9,0,Format0 ,0.995,1,100.000,0.995
1781550203952606,normal,2378,96,1,0,Format0 ,0.992,1,100.000,0.992
1781550204045398,normal,2468,96,2,1,Format1 ,0.517,1,72.222,0.493
1781550204053648,normal,2476,96,8,1,Format1 ,0.603,1,72.917,0.496
1781550204055750,normal,2478,96,1,0,Format0 ,1.002,1,100.000,1.002
1781550204096741,normal,2518,96,1,0,Format0 ,0.960,1,100.000,0.960
1781550204104129,normal,2525,12129,2,1,Format0 ,0.938,2,83.333,0.625
1781550204106027,normal,2527,96,0,1,Format1 ,0.506,1,75.694,0.484
1781550204108072,normal,2529,96,6,1,Format1 ,0.519,1,77.083,0.505
1781550204125612,normal,2546,96,8,0,Format0 ,0.999,1,95.833,0.963
1781550204135154,normal,2555,96,2,1,Format1 ,0.531,1,74.306,0.463
1781550204136994,normal,2557,96,0,1,Format1 ,0.526,1,75.694,0.503
1781550204146264,normal,2566,96,8,1,Format1 ,0.516,1,74.306,0.499
1781550204148343,normal,2568,96,2,1,Format1 ,0.522,1,73.611,0.499
1781550204150703,normal,2570,96,6,1,Format1 ,0.517,1,78.472,0.502
1781550204178267,normal,2597,96,0,1,Format1 ,0.557,1,75.000,0.452
1781550204232840,normal,2648,36457,2,1,Format2 ,0.519,2,77.083,0.473
1781550204249283,normal,2664,96,3,0,Format0 ,1.006,1,95.833,0.993
1781550204265989,normal,2680,96,7,0,Format0 ,1.051,1,100.000,1.051
1781550204267765,normal,2682,96,7,0,Format0 ,0.997,1,100.000,0.997
1781550204271873,normal,2686,96,8,1,Format1 ,0.508,1,72.917,0.489
1781550204325465,normal,2738,96,1,0,Format0 ,1.000,1,100.000,1.000
1781550204328530,normal,2741,96,6,1,Format1 ,0.621,1,76.389,0.535
1781550204335838,normal,2748,96,1,0,Format0 ,0.990,1,100.000,0.990
1781550204338873,normal,2751,18779,6,1,Format2 ,0.501,2,72.222,0.453
1781550204346008,normal,2758,96,1,0,Format0 ,0.985,1,100.000,0.985
1781550204349063,normal,2761,96,6,0,Format0 ,0.980,1,100.000,0.981
1781550204351101,normal,2763,96,1,0,Format0 ,0.993,1,100.000,0.993
1781550204353367,normal,2765,12129,2,1,Format0 ,0.959,2,83.333,0.645
1781550204359328,normal,2771,96,6,0,Format0 ,1.001,1,100.000,1.001
1781550204362435,normal,2774,9958,2,1,Format2 ,0.518,2,72.917,0.474
1781550204366635,normal,2778,96,1,0,Format0 ,0.972,1,100.000,0.972
1781550204370709,normal,2782,96,7,0,Format0 ,0.951,1,98.611,0.948
1781550204372777,normal,2784,96,3,0,Format0 ,0.975,1,100.000,0.976
1781550204374820,normal,2786,96,8,1,Format1 ,0.516,1,78.472,0.501
1781550204377930,normal,2789,96,6,1,Format1 ,0.510,1,73.611,0.494
1781550204379967,normal,2791,26935,6,1,Format2 ,0.492,2,74.306,0.452
1781550204385230,normal,2796,96,8,0,Format0 ,0.776,1,91.667,0.740
1781550204390889,normal,2801,96,6,0,Format0 ,0.966,1,100.000,0.966
1781550204398810,normal,2809,96,6,0,Format0 ,1.006,1,100.000,1.006
1781550204405118,normal,2815,96,2,1,Format1 ,0.514,1,79.167,0.500
1781550204407061,normal,2817,29875,0,1,Format2 ,0.518,2,77.778,0.478
1781550204421450,normal,2831,96,6,1,Format1 ,0.518,1,72.917,0.503
1781550204447216,normal,2856,96,8,1,Format1 ,0.521,1,77.083,0.499
1781550204459608,normal,2868,96,1,0,Format0 ,0.989,1,100.000,0.989
1781550204540081,normal,2946,4593,8,1,Format2 ,0.523,2,74.306,0.469
1781550204552406,normal,2958,96,1,0,Format0 ,1.000,1,100.000,1.000
1781550204560652,normal,2966,96,8,1,Format1 ,0.516,1,77.083,0.495
1781550204570932,normal,2976,96,9,0,Format0 ,1.053,1,94.444,1.031
1781550204593571,normal,2998,96,1,0,Format0 ,0.932,1,100.000,0.932
1781550204596686,normal,3001,96,6,1,Format1 ,0.473,1,75.000,0.451
1781550204597686,normal,3002,96,7,0,Format0 ,0.940,1,100.000,0.940
1781550204600966,normal,3005,18455,2,0,Format0 ,0.908,2,94.444,0.876
1781550204613144,normal,3017,96,0,1,Format1 ,0.622,1,72.917,0.534
1781550204629846,normal,3033,96,1,0,Format0 ,1.004,1,100.000,1.004
1781550204647821,normal,3050,96,7,0,Format0 ,0.992,1,100.000,0.992
1781550204705018,normal,3106,96,8,0,Format0 ,0.943,1,94.444,0.875
1781550204724723,normal,3125,23386,2,0,Format0 ,0.920,2,97.222,0.865
1781550204890480,normal,3285,23386,2,0,Format0 ,0.978,2,97.222,0.922
1781550205615441,normal,3989,96,6,1,Format1 ,0.512,1,76.389,0.499
1781550205647804,normal,4020,96,6,0,Format0 ,0.967,1,97.222,0.942
1781550207672818,normal,5986,96,8,1,Format1 ,0.512,1,72.917,0.491
1781550207779552,normal,6089,43123,2,0,Format0 ,0.997,2,97.222,0.943
1781550207799194,normal,6108,96,1,0,Format0 ,0.988,1,100.000,0.988
1781550207817553,normal,6126,50939,8,1,Format2 ,0.515,2,76.389,0.474
1781550207925457,normal,6231,9056,6,1,Format2 ,0.511,2,70.833,0.413
1781550209797610,normal,8045,12129,2,1,Format0 ,0.991,2,83.333,0.661
1781550209818907,normal,8066,11390,8,1,Format2 ,0.521,2,79.167,0.481
1781550209839417,normal,8086,40575,8,1,Format2 ,0.521,2,74.306,0.461
1781550209862042,normal,8108,25744,0,2,Format1A,0.480,1,64.931,0.286
1781550209870233,normal,8116,96,9,0,Format0 ,1.027,1,100.000,1.027
1781550209880524,normal,8126,5093,8,1,Format2 ,0.512,2,75.694,0.467
1781550209916468,normal,8161,5093,6,1,Format2 ,0.511,2,71.528,0.465
1781550209967945,normal,8211,96,6,1,Format1 ,0.513,1,74.306,0.493
1781550209985435,normal,8228,96,1,0,Format0 ,1.008,1,100.000,1.008
1781550210663651,normal,8886,2,0,3,Format1A,0.521,1,75.347,0.501
1781550210787143,normal,9006,105,9,0,Format0 ,0.967,1,100.000,0.967
1781550211014508,normal,9226,96,8,1,Format1 ,0.512,1,73.611,0.490
1781550211481105,normal,9676,97,9,0,Format0 ,0.995,1,100.000,0.995
1781550211486275,normal,9681,97,4,1,Format1 ,0.527,1,78.472,0.510
1781550211491586,normal,9686,97,9,0,Format0 ,0.982,1,100.000,0.982
1781550211494789,normal,9689,5322,0,1,Format2 ,0.516,2,72.917,0.430
1781550211513045,normal,9706,97,9,0,Format0 ,0.986,1,100.000,0.986
1781550211516263,normal,9709,97,0,1,Format1 ,0.514,1,73.611,0.493
1781550211518423,normal,9711,97,4,1,Format1 ,0.509,1,77.778,0.491
1781550211528961,normal,9721,38213,4,1,Format2 ,0.518,2,71.528,0.401
1781550211534091,normal,9726,97,9,0,Format0 ,0.979,1,100.000,0.979
1781550211537233,normal,9729,97,0,1,Format1 ,0.534,1,79.167,0.512
1781550211543715,normal,9735,97,3,0,Format0 ,0.988,1,100.000,0.988
1781550211554927,normal,9746,97,9,0,Format0 ,0.968,1,98.611,0.968
1781550211558076,normal,9749,97,0,2,Format1 ,0.304,1,66.319,0.258
1781550211560131,normal,9751,97,4,1,Format1 ,0.522,1,73.611,0.493
1781550211575692,normal,9766,97,9,0,Format0 ,0.992,1,100.000,0.992
1781550211578926,normal,9769,97,4,1,Format1 ,0.509,1,79.167,0.496
1781550211578926,normal,9769,43123,2,0,Format0 ,0.994,2,97.222,0.943
1781550211581019,normal,9771,97,4,1,Format1 ,0.507,1,78.472,0.495
1781550211591445,normal,9781,9864,4,1,Format2 ,0.517,2,76.389,0.472
1781550211596699,normal,9786,97,9,0,Format0 ,0.991,1,100.000,0.991
1781550211599817,normal,9789,97,0,1,Format1 ,0.519,1,79.861,0.509
1781550211601878,normal,9791,97,4,1,Format1 ,0.529,1,69.444,0.506
1781550211607050,normal,9796,97,9,0,Format0 ,0.993,1,100.000,0.993
1781550211612298,normal,9801,97,4,1,Format1 ,0.511,1,76.389,0.495
1781550211617466,normal,9806,97,9,0,Format0 ,1.002,1,100.000,1.002
1781550211620592,normal,9809,97,0,1,Format1 ,0.516,1,71.528,0.498
1781550211622695,normal,9811,97,4,1,Format1 ,0.522,1,72.917,0.499
1781550211638258,normal,9826,97,9,0,Format0 ,0.988,1,100.000,0.988
1781550213080922,normal,908,96,1,0,Format0 ,1.003,1,100.000,1.003
1781550214178757,normal,1966,97,9,0,Format0 ,1.009,1,100.000,1.009
1781550214219416,normal,2005,55259,2,1,Format0 ,0.970,2,79.167,0.589
1781550214231637,normal,2017,97,9,0,Format0 ,0.990,1,100.000,0.990
1781550214261680,normal,2046,97,9,0,Format0 ,0.990,1,100.000,0.990
1781550218326324,normal,5928,96,1,0,Format0 ,1.002,1,100.000,1.002
1781550221817838,normal,9321,97,4,1,Format1 ,0.505,1,72.917,0.488
1781550221819827,normal,9323,97,3,0,Format0 ,0.992,1,100.000,0.992
1781550221822982,normal,9326,97,9,0,Format0 ,0.998,1,100.000,0.998
1781550221826167,normal,9329,97,0,1,Format1 ,0.524,1,76.389,0.508
1781550221833255,normal,9336,97,9,0,Format0 ,0.916,1,98.611,0.907
1781550221843609,normal,9346,97,9,0,Format0 ,0.990,1,100.000,0.990
1781550221846641,normal,9349,18302,0,1,Format2 ,0.519,2,74.306,0.475
1781550221848682,normal,9351,7613,4,1,Format2 ,0.512,2,81.944,0.474
1781550221855887,normal,9358,13935,6,1,Format2 ,0.516,2,72.222,0.393
1781550221864178,normal,9366,97,9,0,Format0 ,0.983,1,100.000,0.983
1781550221867244,normal,9369,47004,0,1,Format2 ,0.513,2,74.306,0.416
1781550221869277,normal,9371,45788,4,1,Format2 ,0.514,2,77.778,0.471
1781550221879587,normal,9381,15030,4,1,Format2 ,0.509,2,68.750,0.364
1781550221884774,normal,9386,97,9,0,Format0 ,0.995,1,100.000,0.995
1781550221887779,normal,9389,97,0,1,Format1 ,0.513,1,79.861,0.498
1781550221889827,normal,9391,97,4,1,Format1 ,0.509,1,75.000,0.490
1781550221905225,normal,9406,97,9,0,Format0 ,0.978,1,100.000,0.978
1781550221907252,normal,9408,97,7,0,Format0 ,0.999,1,100.000,0.999
1781550221920674,normal,9421,97,4,1,Format1 ,0.515,1,74.306,0.495
1781550221925867,normal,9426,97,9,0,Format0 ,0.994,1,100.000,0.994
1781550221928924,normal,9429,97,0,1,Format1 ,0.507,1,75.694,0.490
1781550221930999,normal,9431,97,4,1,Format1 ,0.514,1,75.000,0.496
1781550221936167,normal,9436,97,9,0,Format0 ,0.985,1,100.000,0.985
1781550221939261,normal,9439,97,0,1,Format1 ,0.608,1,76.389,0.510
1781550221943396,normal,9443,97,3,0,Format0 ,0.988,1,100.000,0.988
1781550221946526,normal,9446,97,9,0,Format0 ,0.994,1,100.000,0.994
1781550221949656,normal,9449,43556,4,1,Format2 ,0.522,2,73.611,0.475
1781550221949656,normal,9449,43123,2,0,Format0 ,0.994,2,97.222,0.939
1781550221951691,normal,9451,6654,4,1,Format2 ,0.515,2,72.917,0.468
1781550221954764,normal,9454,97,9,0,Format0 ,0.997,1,100.000,0.997
1781550221956840,normal,9456,97,9,0,Format0 ,1.007,1,100.000,1.007
1781550221958860,normal,9458,97,6,1,Format1 ,0.513,1,74.306,0.499
1781550221961277,normal,9460,97,3,0,Format0 ,0.952,1,100.000,0.952
1781550221964974,normal,9464,97,9,0,Format0 ,0.993,1,100.000,0.993
1781550221967018,normal,9466,97,9,0,Format0 ,0.989,1,100.000,0.989
1781550221970101,normal,9469,15856,0,1,Format2 ,0.511,2,75.000,0.470
1781550221972196,normal,9471,45087,4,1,Format2 ,0.505,2,72.222,0.461
1781550221987669,normal,9486,97,9,0,Format0 ,0.996,1,100.000,0.996
1781550223381352,normal,588,96,1,0,Format0 ,0.988,1,100.000,0.988
1781550225875327,normal,3006,96,8,1,Format1 ,0.511,1,75.694,0.489
1781550228017666,normal,5006,96,8,1,Format1 ,0.526,1,77.778,0.504
1781550232163281,normal,9001,97,4,1,Format1 ,0.515,1,73.611,0.495
1781550232168379,normal,9006,97,9,0,Format0 ,0.986,1,100.000,0.986
1781550232171450,normal,9009,97,0,1,Format1 ,0.523,1,75.000,0.506
1781550232173521,normal,9011,97,4,2,Format1 ,0.304,1,63.542,0.252
1781550232188924,normal,9026,97,9,0,Format0 ,0.987,1,100.000,0.987
1781550232197155,normal,9034,97,9,0,Format0 ,0.987,1,100.000,0.987
1781550232204339,normal,9041,25099,4,1,Format2 ,0.505,2,78.472,0.466
1781550232209507,normal,9046,97,9,0,Format0 ,1.004,1,100.000,1.004
1781550232212608,normal,9049,45087,0,1,Format2 ,0.514,2,70.833,0.470
1781550232214645,normal,9051,97,4,1,Format1 ,0.510,1,77.778,0.499
1781550232224896,normal,9061,97,4,1,Format1 ,0.516,1,75.000,0.500
1781550232230040,normal,9066,97,9,0,Format0 ,0.989,1,100.000,0.989
1781550232235181,normal,9071,7613,4,1,Format2 ,0.510,2,79.861,0.469
1781550232250578,normal,9086,97,9,0,Format0 ,0.984,1,100.000,0.984
1781550232253703,normal,9089,97,0,1,Format1 ,0.521,1,66.667,0.482
1781550232266052,normal,9101,3657,4,1,Format2 ,0.503,2,75.000,0.458
1781550232271176,normal,9106,97,9,0,Format0 ,0.999,1,100.000,0.999
1781550232274251,normal,9109,97,0,1,Format1 ,0.518,1,73.611,0.497
1781550232276384,normal,9111,97,4,1,Format1 ,0.513,1,73.611,0.485
1781550232291734,normal,9126,97,9,0,Format0 ,0.994,1,100.000,0.994
1781550232294908,normal,9129,7884,4,1,Format2 ,0.523,2,65.278,0.472
1781550232294908,normal,9129,43123,2,0,Format0 ,0.996,2,97.222,0.945
1781550232296947,normal,9131,97,4,1,Format1 ,0.557,1,75.000,0.448
1781550232312356,normal,9146,97,9,0,Format0 ,0.999,1,100.000,0.999
1781550232353509,normal,9186,97,9,0,Format0 ,0.992,1,100.000,0.992
1781550232744216,normal,9565,12129,2,1,Format0 ,0.995,2,83.333,0.664
1781550235226729,normal,1738,96,2,1,Format1 ,0.514,1,73.611,0.494
1781550235234924,normal,1746,96,9,0,Format0 ,1.001,1,100.000,1.001
1781550235254747,normal,1765,23386,2,0,Format0 ,0.988,2,97.222,0.933
1781550235260116,normal,1770,96,7,0,Format0 ,0.996,1,100.000,0.996
1781550235270379,normal,1780,96,7,0,Format0 ,0.988,1,100.000,0.988
1781550235275454,normal,1785,28594,2,0,Format0 ,0.998,2,97.222,0.942
1781550235278357,normal,1788,96,2,1,Format1 ,0.511,1,77.778,0.495
1781550235281554,normal,1791,96,6,0,Format0 ,0.997,1,100.000,0.997
1781550235324892,normal,1833,96,1,0,Format0 ,0.984,1,100.000,0.984
1781550235327102,normal,1835,96,2,0,Format0 ,0.996,1,100.000,0.996
1781550235334178,normal,1842,96,8,1,Format1 ,0.525,1,75.694,0.506
1781550235336208,normal,1844,96,3,0,Format0 ,0.995,1,100.000,0.995
1781550235338263,normal,1846,96,9,0,Format0 ,0.994,1,100.000,0.994
1781550235353723,normal,1861,96,6,0,Format0 ,0.933,1,100.000,0.934
1781550235420831,normal,1926,96,8,1,Format1 ,0.510,1,72.917,0.494
1781550235441570,normal,1946,58592,8,1,Format2 ,0.533,2,67.361,0.431
1781550235570554,normal,2071,47785,6,1,Format2 ,0.518,2,72.917,0.432
1781550235577851,normal,2078,96,1,0,Format0 ,0.986,1,100.000,0.986
1781550235580869,normal,2081,325,6,1,Format2 ,0.514,2,71.528,0.404
1781550235586023,normal,2086,96,8,1,Format1 ,0.513,1,76.389,0.486
1781550235611831,normal,2111,33348,6,1,Format2 ,0.511,2,69.444,0.461
1781550235619018,normal,2118,96,1,0,Format0 ,0.990,1,100.000,0.990
1781550235647949,normal,2146,96,8,1,Format1 ,0.503,1,74.306,0.483
1781550235649989,normal,2148,96,1,0,Format0 ,0.990,1,100.000,0.990
1781550235653041,normal,2151,96,6,1,Format1 ,0.513,1,76.389,0.496
1781550235725040,normal,2221,60215,6,1,Format2 ,0.514,2,75.694,0.462
1781550235730270,normal,2226,55898,8,1,Format2 ,0.520,2,73.611,0.464
1781550236110739,normal,2531,96,6,0,Format0 ,0.994,1,100.000,0.994
1781550236115835,normal,2536,19341,8,1,Format2 ,0.510,2,72.917,0.467
1781550236817906,normal,3218,96,1,0,Format0 ,0.984,1,100.000,0.984
1781550236826304,normal,3226,43662,8,1,Format2 ,0.500,2,68.056,0.418
1781550236847024,normal,3246,96,8,1,Format1 ,0.522,1,77.778,0.504
1781550236849054,normal,3248,96,2,1,Format1 ,0.518,1,70.833,0.497
1781550236890329,normal,3288,96,2,1,Format1 ,0.508,1,73.611,0.489
1781550236910875,normal,3308,96,1,0,Format0 ,0.993,1,100.000,0.993
1781550236946024,normal,3342,96,7,0,Format0 ,0.982,1,100.000,0.982
1781550236950208,normal,3346,96,8,1,Format1 ,0.505,1,79.861,0.495
1781550236952225,normal,3348,96,1,0,Format0 ,0.990,1,100.000,0.990
1781550236986037,normal,3380,96,6,1,Format1 ,0.515,1,77.083,0.496
1781550237042799,normal,3435,27891,2,1,Format2 ,0.513,2,75.000,0.470
1781550237045676,normal,3438,96,1,0,Format0 ,0.997,1,100.000,0.997
1781550237048767,normal,3441,96,6,1,Format1 ,0.524,1,70.139,0.501
1781550237051914,normal,3444,47785,2,1,Format2 ,0.522,2,69.444,0.434
1781550237053925,normal,3446,325,8,1,Format2 ,0.517,2,69.444,0.408
1781550237056004,normal,3448,96,1,0,Format0 ,0.991,1,100.000,0.991
1781550237058530,normal,3450,422,6,1,Format2 ,0.508,2,73.611,0.470
1781550237060218,normal,3452,96,7,0,Format0 ,0.996,1,100.000,0.996
1781550237062247,normal,3454,96,2,1,Format1 ,0.524,1,77.083,0.507
1781550237064305,normal,3456,96,8,1,Format1 ,0.520,1,77.083,0.503
1781550237066342,normal,3458,96,1,0,Format0 ,1.008,1,100.000,1.008
1781550237069447,normal,3461,96,6,1,Format1 ,0.507,1,72.917,0.487
1781550237110551,normal,3501,44956,6,1,Format2 ,0.503,1,73.611,0.462
1781550237113627,normal,3504,96,2,1,Format1 ,0.516,1,77.083,0.498
1781550237115663,normal,3506,51209,8,1,Format2 ,0.502,2,70.139,0.458
1781550237147113,normal,3536,96,8,1,Format1 ,0.514,1,75.000,0.494
1781550237154209,normal,3543,96,1,0,Format0 ,1.008,1,100.000,1.008
1781550237178136,normal,3566,62626,8,1,Format2 ,0.511,2,69.444,0.411
1781550237200881,normal,3588,96,1,0,Format0 ,1.010,1,100.000,1.010
1781550237252255,normal,3638,96,1,0,Format0 ,0.988,1,100.000,0.988
1781550237265677,normal,3651,96,6,1,Format1 ,0.518,1,74.306,0.499
1781550238253294,normal,4608,96,1,0,Format0 ,1.005,1,100.000,1.005
1781550238271966,normal,4626,96,8,0,Format0 ,0.912,1,100.000,0.913
1781550238334305,normal,4686,38230,8,1,Format2 ,0.517,2,73.611,0.432
1781550238417312,normal,4766,96,8,1,Format1 ,0.511,1,76.389,0.495
1781550238442968,normal,4791,96,6,1,Format1 ,0.512,1,75.000,0.497
1781550238771650,normal,5109,96,6,1,Format1 ,0.510,1,79.167,0.500
1781550238810028,normal,5146,2,0,3,Format1A,0.637,1,75.521,0.489
1781550238847332,normal,5182,107,9,0,Format0 ,0.992,1,100.000,0.992
1781550238872186,normal,5206,106,0,1,Format1A,0.511,1,73.611,0.489
1781550238874241,normal,5208,96,1,0,Format0 ,1.008,1,100.000,1.008
1781550238892871,normal,5226,97,9,0,Format0 ,0.985,1,100.000,0.985
1781550238918704,normal,5251,63415,4,1,Format2 ,0.515,2,64.583,0.398
1781550238996306,normal,5326,97,9,0,Format0 ,0.992,1,100.000,0.992
1781550239140741,normal,5466,47634,4,1,Format2 ,0.509,2,70.833,0.381
1781550239266453,normal,5588,96,1,0,Format0 ,0.997,1,100.000,0.997
1781550239901555,normal,6206,107,4,1,Format1 ,0.519,1,77.083,0.502
1781550239922064,normal,6226,107,4,1,Format1 ,0.513,1,75.694,0.497
1781550242041922,normal,8268,96,1,0,Format0 ,0.991,1,100.000,0.991
1781550242448863,normal,8660,97,3,0,Format0 ,0.992,1,100.000,0.992
1781550242454716,normal,8666,97,9,0,Format0 ,1.007,1,100.000,1.007
1781550242457799,normal,8669,17389,0,1,Format2 ,0.513,2,70.833,0.388
1781550242470035,normal,8681,97,4,1,Format1 ,0.513,1,73.611,0.493
1781550242475180,normal,8686,97,9,0,Format0 ,0.996,1,100.000,0.996
1781550242478294,normal,8689,97,0,1,Format1 ,0.516,1,77.083,0.498
1781550242480457,normal,8691,952,4,1,Format2 ,0.521,2,72.222,0.475
1781550242490189,normal,8700,97,3,0,Format0 ,0.993,1,100.000,0.993
1781550242496006,normal,8706,97,9,0,Format0 ,0.993,1,100.000,0.993
1781550242499158,normal,8709,97,0,1,Format1 ,0.508,1,77.778,0.495
1781550242501209,normal,8711,97,4,1,Format1 ,0.510,1,72.917,0.495
1781550242506355,normal,8716,97,9,0,Format0 ,0.983,1,100.000,0.983
1781550242508411,normal,8718,97,6,1,Format1 ,0.514,1,72.917,0.496
1781550242511527,normal,8721,54547,4,2,Format1C,0.375,1,63.542,0.182
1781550242516654,normal,8726,97,9,0,Format0 ,0.995,1,100.000,0.995
1781550242519802,normal,8729,97,0,1,Format1 ,0.518,1,69.444,0.498
1781550242521910,normal,8731,27539,4,1,Format2 ,0.509,2,75.000,0.482
1781550242537390,normal,8746,97,9,0,Format0 ,0.999,1,100.000,0.999
1781550242540481,normal,8749,13082,0,1,Format2 ,0.512,2,70.833,0.414
1781550242542610,normal,8751,5474,4,1,Format2 ,0.509,2,79.167,0.457
1781550242547901,normal,8756,97,9,0,Format0 ,0.987,1,100.000,0.987
1781550242558276,normal,8766,97,9,0,Format0 ,0.996,1,100.000,0.996
1781550242561479,normal,8769,27539,0,1,Format2 ,0.511,2,73.611,0.480
1781550242599438,normal,8806,97,9,0,Format0 ,0.995,1,100.000,0.995
1781550243950334,normal,10108,96,1,0,Format0 ,0.995,1,100.000,0.995
1781550244001969,normal,10158,96,1,0,Format0 ,1.008,1,100.000,1.008
1781550448782338,normal,6190,52170,8,2,Format1C,1.040,1,61.458,0.646
1781550448816698,normal,6207,25372,8,2,Format1C,1.544,1,59.722,0.822
1781550448832215,normal,6212,8442,0,3,Format1C,2.210,1,58.681,0.602
1781550448864493,normal,6230,19712,24,3,Format1C,1.064,1,55.035,0.416
1781550450148228,normal,6749,9699,36,1,Format1C,2.093,1,64.583,1.603
1781550450297787,normal,6817,33885,0,1,Format1C,2.007,1,70.833,1.186
1781550450349281,normal,6840,42375,30,1,Format1C,0.729,1,65.278,0.515
1781550450497434,normal,6912,27983,6,1,Format0 ,1.579,2,77.083,1.269
1781550452687985,normal,9901,103,2,1,Format1A,0.509,1,73.611,0.496
1781550452690045,normal,9903,97,3,0,Format0 ,1.006,1,100.000,1.006
1781550452693123,normal,9906,97,9,0,Format0 ,0.991,1,100.000,0.991
1781550452696215,normal,9909,25099,0,1,Format2 ,0.512,2,75.000,0.468
1781550452713886,normal,9926,97,9,0,Format0 ,1.007,1,100.000,1.007
1781550452716871,normal,9929,49883,4,1,Format2 ,0.513,2,74.306,0.474
1781550452729255,normal,9941,97,4,1,Format1 ,0.514,1,73.611,0.496
1781550452734506,normal,9946,97,9,0,Format0 ,1.008,1,100.000,1.008
1781550452736618,normal,9948,97,7,0,Format0 ,0.962,1,100.000,0.962
1781550452740716,normal,9952,11360,8,1,Format2 ,0.500,2,71.528,0.408
1781550452742853,normal,9954,97,9,0,Format0 ,0.999,1,100.000,0.999
1781550452744913,normal,9956,97,0,1,Format1 ,0.515,1,75.694,0.496
1781550452755299,normal,9966,97,9,0,Format0 ,1.003,1,100.000,1.003
1781550452770833,normal,9981,97,4,1,Format1 ,0.510,1,75.694,0.500
1781550452776107,normal,9986,97,9,0,Format0 ,0.992,1,100.000,0.992
1781550452791790,normal,10001,97,4,1,Format1 ,0.508,1,74.306,0.495
1781550452800066,normal,10009,97,0,1,Format1 ,0.511,1,75.694,0.495
1781550452802246,normal,10011,97,4,1,Format1 ,0.518,1,72.917,0.501
1781550452817785,normal,10026,97,9,0,Format0 ,0.993,1,100.000,0.993
1781550452823067,normal,10031,17389,4,1,Format2 ,0.514,2,72.222,0.393
1781550452830301,normal,10038,25697,6,1,Format2 ,0.513,2,70.833,0.389
1781550452832649,normal,10040,97,3,0,Format0 ,0.994,1,100.000,0.994
1781550452834452,normal,10042,97,8,1,Format1 ,0.511,1,71.528,0.490
1781550452843826,normal,10051,97,4,1,Format1 ,0.572,1,77.778,0.485
1781550452848122,normal,10055,97,3,0,Format0 ,1.006,1,100.000,1.006
1781550452859416,normal,10066,97,9,0,Format0 ,0.986,1,100.000,0.986
1781550452864735,normal,10071,43517,4,2,Format2 ,0.515,2,71.875,0.348
1781550452875084,normal,10081,97,4,1,Format1 ,0.515,1,76.389,0.496
1781550453543524,normal,486,2,0,3,Format1A,0.515,1,76.042,0.498
1781550453556773,normal,499,6007,2,1,Format0 ,1.000,2,81.944,0.649
1781550453582524,normal,524,104,0,3,Format1A,1.001,1,100.000,1.001
1781550453603068,normal,544,104,0,3,Format1 ,0.999,1,100.000,0.999
1781550453878312,normal,812,104,9,0,Format0 ,0.998,1,100.000,0.998
1781550455491753,normal,2372,104,9,0,Format0 ,0.949,1,98.611,0.949
1781550463025761,normal,9686,18248,8,1,Format2 ,0.527,2,66.667,0.379
1781550463148485,normal,9805,12129,2,1,Format0 ,0.982,2,83.333,0.656
1781550463437253,normal,10085,23386,2,0,Format0 ,0.989,2,97.222,0.932
1781550463441218,normal,10089,97,4,1,Format1 ,0.508,1,71.528,0.490
1781550463441218,normal,10089,43123,2,0,Format0 ,0.988,2,97.222,0.929
1781550463443272,normal,10091,97,4,1,Format1 ,0.512,1,77.083,0.498
1781550463448541,normal,10096,97,9,0,Format0 ,0.998,1,100.000,0.998
1781550463453006,normal,10100,97,3,0,Format0 ,0.995,1,100.000,0.995
1781550463455758,normal,10103,97,3,0,Format0 ,0.986,1,100.000,0.986
1781550463458791,normal,10106,97,9,0,Format0 ,1.009,1,100.000,1.009
1781550463461946,normal,10109,2400,0,1,Format2 ,0.525,2,72.917,0.477
1781550463463969,normal,10111,97,4,1,Format1 ,0.514,1,76.389,0.492
1781550463469081,normal,10116,97,9,0,Format0 ,0.998,1,100.000,0.998
1781550463471129,normal,10118,9864,6,1,Format2 ,0.507,2,77.083,0.472
1781550463474234,normal,10121,25099,4,1,Format2 ,0.528,2,75.694,0.479
1781550463476294,normal,10123,97,3,0,Format0 ,0.993,1,100.000,0.993
1781550463479418,normal,10126,97,9,0,Format0 ,1.004,1,100.000,1.004
1781550463482426,normal,10129,97,0,1,Format1 ,0.526,1,77.083,0.502
1781550463492655,normal,10139,97,0,1,Format1 ,0.518,1,77.083,0.502
1781550463494703,normal,10141,13935,4,1,Format2 ,0.535,2,71.528,0.388
1781550463499830,normal,10146,97,9,0,Format0 ,1.007,1,100.000,1.007
1781550463502986,normal,10149,97,0,1,Format1 ,0.512,1,75.000,0.496
1781550463505028,normal,10151,25099,4,1,Format2 ,0.513,2,71.528,0.467
1781550463520491,normal,10166,97,9,0,Format0 ,0.995,1,100.000,0.995
1781550463523659,normal,10169,48239,0,1,Format2 ,0.517,2,71.528,0.416
1781550463526786,normal,10172,97,8,1,Format1 ,0.507,1,69.444,0.490
1781550463530860,normal,10176,97,9,0,Format0 ,1.005,1,100.000,1.005
1781550463536098,normal,10181,10311,4,1,Format2 ,0.516,2,72.917,0.460
1781550463541244,normal,10186,97,9,0,Format0 ,0.995,1,100.000,0.995
1781550463544406,normal,10189,13935,0,1,Format2 ,0.508,2,72.222,0.387
1781550463546485,normal,10191,27539,4,1,Format2 ,0.518,2,70.833,0.486
1781550463556807,normal,10201,97,4,1,Format1 ,0.510,1,73.611,0.494
1781550463561929,normal,10206,97,9,0,Format0 ,0.985,1,100.000,0.985
1781550463582610,normal,10226,97,9,0,Format0 ,0.992,1,100.000,0.992
1781550464022499,normal,414,96,3,0,Format0 ,0.987,1,100.000,0.987
1781550464026667,normal,418,58759,2,1,Format2 ,0.513,2,71.528,0.420
1781550464035016,normal,426,96,8,1,Format1 ,0.573,1,79.167,0.475
1781550464037038,normal,428,96,1,0,Format0 ,0.970,1,100.000,0.970
1781550464085662,normal,475,96,2,0,Format0 ,0.992,1,100.000,0.992
1781550464091715,normal,481,96,6,0,Format0 ,0.993,1,100.000,0.994
1781550464093871,normal,483,96,1,0,Format0 ,1.005,1,100.000,1.005
1781550464096086,normal,485,23386,2,0,Format0 ,0.995,2,97.222,0.942
1781550464099082,normal,488,96,2,1,Format1 ,0.526,1,73.611,0.497
1781550464101549,normal,490,96,7,0,Format0 ,0.990,1,100.000,0.990
1781550464103185,normal,492,96,8,1,Format1 ,0.513,1,70.833,0.488
1781550464109428,normal,498,96,2,1,Format1 ,0.511,1,72.917,0.491
1781550464112558,normal,501,96,6,1,Format1 ,0.518,1,70.833,0.497
1781550464117780,normal,506,59429,8,1,Format2 ,0.513,2,70.833,0.423
1781550464119817,normal,508,96,1,0,Format0 ,0.992,1,100.000,0.992
1781550464137623,normal,525,12129,2,1,Format0 ,0.985,2,83.333,0.656
1781550464141616,normal,529,96,6,0,Format0 ,0.915,1,100.000,0.915
1781550464150988,normal,538,96,2,0,Format0 ,0.928,1,91.667,0.871
1781550464157134,normal,544,96,2,1,Format1 ,0.479,1,79.167,0.467
1781550464159269,normal,546,23881,8,1,Format2 ,0.507,2,69.444,0.387
1781550464164433,normal,551,96,6,0,Format0 ,0.991,1,100.000,0.991
1781550464166535,normal,553,96,1,0,Format0 ,0.998,1,100.000,0.998
1781550464174914,normal,561,96,6,0,Format0 ,0.999,1,100.000,0.999
1781550464177057,normal,563,96,1,0,Format0 ,0.987,1,100.000,0.987
1781550464180112,normal,566,96,9,0,Format0 ,0.960,1,100.000,0.960
1781550464185245,normal,571,96,6,1,Format1 ,0.513,1,74.306,0.498
1781550464188314,normal,574,96,2,1,Format1 ,0.521,1,75.000,0.492
1781550464205804,normal,591,56915,6,1,Format2 ,0.517,2,77.778,0.473
1781550464227799,normal,612,96,7,0,Format0 ,1.005,1,100.000,1.005
1781550464228633,normal,613,96,1,0,Format0 ,0.989,1,100.000,0.989
1781550464241159,normal,625,50785,2,0,Format0 ,0.984,2,97.222,0.932
1781550464241159,normal,625,20580,3,0,Format0 ,0.979,1,81.944,0.642
1781550464264608,normal,648,96,2,1,Format1 ,0.523,1,73.611,0.488
1781550464266991,normal,650,27891,6,1,Format2 ,0.520,2,72.222,0.477
1781550464268765,normal,652,96,7,0,Format0 ,0.998,1,100.000,0.998
1781550464271998,normal,655,96,2,1,Format1 ,0.517,1,77.083,0.495
1781550464274943,normal,658,96,1,0,Format0 ,0.997,1,100.000,0.997
1781550464277381,normal,660,96,6,1,Format1 ,0.509,1,72.917,0.493
1781550464283175,normal,666,96,9,0,Format0 ,0.997,1,100.000,0.997
1781550464308902,normal,691,96,6,0,Format0 ,0.955,1,100.000,0.956
1781550464486471,normal,856,96,8,1,Format1 ,0.509,1,78.472,0.496
1781550464488550,normal,858,96,1,0,Format0 ,0.987,1,100.000,0.987
1781550464489608,normal,859,96,6,1,Format1 ,0.520,1,74.306,0.506
1781550464538580,normal,906,96,8,1,Format1 ,0.509,1,77.083,0.489
1781550464540579,normal,908,96,1,0,Format0 ,0.996,1,100.000,0.996
1781550464543779,normal,911,11984,6,1,Format2 ,0.495,2,69.444,0.427
1781550464591902,normal,958,96,1,0,Format0 ,1.000,1,100.000,1.000
1781550464605379,normal,971,96,6,1,Format1 ,0.517,1,78.472,0.504
1781550464713007,normal,1074,96,2,0,Format0 ,0.964,1,95.833,0.933
1781550464746783,normal,1106,96,8,1,Format1 ,0.499,1,70.833,0.477
1781550464751962,normal,1111,96,6,1,Format1 ,0.510,1,71.528,0.487
1781550464753032,normal,1112,96,7,0,Format0 ,1.033,1,100.000,1.033
1781550464943019,normal,1294,96,2,0,Format0 ,0.947,1,91.667,0.908
1781550465036737,normal,1385,28594,2,0,Format0 ,0.989,2,97.222,0.931
1781550465102092,normal,1449,43123,2,0,Format0 ,0.971,2,97.222,0.919
1781550465263643,normal,1605,23386,2,0,Format0 ,0.992,2,97.222,0.936
1781550465284351,normal,1625,28594,2,0,Format0 ,0.989,2,97.222,0.933
1781550465346287,normal,1685,55259,2,1,Format0 ,0.940,2,79.167,0.556
1781550465552040,normal,1884,96,2,1,Format1 ,0.464,1,71.528,0.444
1781550465664388,normal,1993,16355,0,2,Format1 ,0.387,1,62.847,0.242
1781550465672885,normal,2001,31961,6,1,Format2 ,0.521,2,69.444,0.437
1781550465675944,normal,2004,96,2,1,Format1 ,0.515,1,77.778,0.495
1781550465705686,normal,2033,96,1,0,Format0 ,1.023,1,100.000,1.023
1781550465719098,normal,2046,96,9,0,Format0 ,0.993,1,100.000,0.993
1781550465721140,normal,2048,96,1,0,Format0 ,0.990,1,100.000,0.990
1781550465739643,normal,2066,96,8,1,Format1 ,0.583,1,74.306,0.474
1781550465741693,normal,2068,96,1,0,Format0 ,0.977,1,100.000,0.977
1781550465744847,normal,2071,96,6,1,Format1 ,0.518,1,77.778,0.506
1781550465760437,normal,2086,96,8,1,Format1 ,0.507,1,70.833,0.482
1781550465766681,normal,2092,96,7,0,Format0 ,0.971,1,100.000,0.971
1781550465775513,normal,2100,96,7,0,Format0 ,0.986,1,100.000,0.986
1781550465781242,normal,2106,18412,8,1,Format2 ,0.513,2,72.222,0.458
1781550465788596,normal,2113,96,1,0,Format0 ,0.991,1,100.000,0.991
1781550465793870,normal,2118,96,1,0,Format0 ,0.999,1,100.000,0.999
1781550465802332,normal,2126,96,8,1,Format1 ,0.519,1,73.611,0.503
1781550465820018,normal,2143,96,1,0,Format0 ,0.972,1,100.000,0.972
1781550465827646,normal,2150,96,7,0,Format0 ,1.003,1,100.000,1.003
1781550465869672,normal,2191,96,6,0,Format0 ,0.998,1,100.000,0.998
1781550465871797,normal,2193,96,1,0,Format0 ,0.979,1,100.000,0.979
1781550465880126,normal,2201,96,6,1,Format1 ,0.524,1,77.083,0.503
1781550465916631,normal,2236,43597,8,1,Format2 ,0.505,2,75.694,0.460
1781550465922878,normal,2242,96,7,0,Format0 ,0.994,1,100.000,0.994
1781550465926946,normal,2246,13279,8,1,Format2 ,0.462,2,70.833,0.412
1781550465932099,normal,2251,56915,6,1,Format2 ,0.515,2,77.778,0.470
1781550465941807,normal,2260,96,6,1,Format1 ,0.509,1,81.250,0.498
1781550465945629,normal,2264,749,2,1,Format2 ,0.506,2,76.389,0.410
1781550465949799,normal,2268,44773,2,1,Format2 ,0.506,2,72.917,0.411
1781550465952316,normal,2270,96,6,0,Format0 ,0.932,1,100.000,0.932
1781550465954998,normal,2273,96,1,0,Format0 ,0.919,1,100.000,0.919
1781550465960212,normal,2278,96,1,0,Format0 ,0.853,1,93.056,0.791
1781550465965255,normal,2282,96,7,0,Format0 ,1.051,1,91.667,0.951
1781550465985221,normal,2301,96,6,1,Format1 ,0.588,1,72.222,0.500
1781550466049049,normal,2362,96,7,0,Format0 ,0.993,1,100.000,0.993
1781550466053256,normal,2366,96,9,0,Format0 ,0.995,1,100.000,0.995
1781550466065606,normal,2378,96,1,0,Format0 ,0.992,1,100.000,0.992
1781550466167738,normal,2476,96,8,1,Format1 ,0.603,1,72.917,0.496
1781550466169809,normal,2478,96,1,0,Format0 ,1.002,1,100.000,1.002
1781550466211502,normal,2518,96,1,0,Format0 ,0.960,1,100.000,0.960
1781550466219099,normal,2525,12129,2,1,Format0 ,0.938,2,83.333,0.625
1781550466220983,normal,2527,96,0,1,Format1 ,0.506,1,75.694,0.484
1781550466233387,normal,2539,4593,6,1,Format2 ,0.526,2,75.000,0.477
1781550466240662,normal,2546,96,8,0,Format0 ,0.999,1,95.833,0.963
1781550466250156,normal,2555,96,2,1,Format1 ,0.531,1,74.306,0.463
1781550466252208,normal,2557,96,0,1,Format1 ,0.526,1,75.694,0.503
1781550466261432,normal,2566,96,8,1,Format1 ,0.516,1,74.306,0.499
1781550466263514,normal,2568,96,2,1,Format1 ,0.522,1,73.611,0.499
1781550466265908,normal,2570,96,6,1,Format1 ,0.517,1,78.472,0.502
1781550466293729,normal,2597,96,0,1,Format1 ,0.557,1,75.000,0.452
1781550466317472,normal,2619,96,6,1,Format1 ,0.507,1,68.750,0.487
1781550466348053,normal,2648,36457,2,1,Format2 ,0.519,2,77.083,0.473
1781550466364697,normal,2664,96,3,0,Format0 ,1.006,1,95.833,0.993
1781550466382332,normal,2681,96,6,0,Format0 ,0.970,1,100.000,0.971
1781550466387469,normal,2686,96,8,1,Format1 ,0.508,1,72.917,0.489
1781550466441543,normal,2738,96,1,0,Format0 ,1.000,1,100.000,1.000
1781550466444657,normal,2741,96,6,1,Format1 ,0.621,1,76.389,0.535
1781550466451975,normal,2748,96,1,0,Format0 ,0.990,1,100.000,0.990
1781550466455059,normal,2751,18779,6,1,Format2 ,0.501,2,72.222,0.453
1781550466462236,normal,2758,96,1,0,Format0 ,0.985,1,100.000,0.985
1781550466465317,normal,2761,96,6,0,Format0 ,0.980,1,100.000,0.981
1781550466467385,normal,2763,96,1,0,Format0 ,0.993,1,100.000,0.993
1781550466469594,normal,2765,12129,2,1,Format0 ,0.959,2,83.333,0.645
1781550466475581,normal,2771,96,6,0,Format0 ,1.001,1,100.000,1.001
1781550466478666,normal,2774,9958,2,1,Format2 ,0.518,2,72.917,0.474
1781550466482753,normal,2778,96,1,0,Format0 ,0.972,1,100.000,0.972
1781550466486825,normal,2782,96,7,0,Format0 ,0.951,1,98.611,0.948
1781550466488889,normal,2784,96,3,0,Format0 ,0.975,1,100.000,0.976
1781550466490924,normal,2786,96,8,1,Format1 ,0.516,1,78.472,0.501
1781550466494007,normal,2789,96,6,1,Format1 ,0.510,1,73.611,0.494
1781550466496052,normal,2791,26935,6,1,Format2 ,0.492,2,74.306,0.452
1781550466501214,normal,2796,96,8,0,Format0 ,0.776,1,91.667,0.740
1781550466506422,normal,2801,96,6,0,Format0 ,0.966,1,100.000,0.966
1781550466514783,normal,2809,96,6,0,Format0 ,1.006,1,100.000,1.006
1781550466521086,normal,2815,96,2,1,Format1 ,0.514,1,79.167,0.500
1781550466522936,normal,2817,29875,0,1,Format2 ,0.518,2,77.778,0.478
1781550466537514,normal,2831,96,6,1,Format1 ,0.518,1,72.917,0.503
1781550466563153,normal,2856,96,8,1,Format1 ,0.521,1,77.083,0.499
1781550466575454,normal,2868,96,1,0,Format0 ,0.989,1,100.000,0.989
1781550466585708,normal,2878,96,1,0,Format0 ,0.991,1,100.000,0.991
1781550466656298,normal,2946,4593,8,1,Format2 ,0.523,2,74.306,0.469
1781550466668828,normal,2958,96,1,0,Format0 ,1.000,1,100.000,1.000
1781550466677142,normal,2966,96,8,1,Format1 ,0.516,1,77.083,0.495
1781550466687482,normal,2976,96,9,0,Format0 ,1.053,1,94.444,1.031
1781550466710133,normal,2998,96,1,0,Format0 ,0.932,1,100.000,0.932
1781550466713197,normal,3001,96,6,1,Format1 ,0.473,1,75.000,0.451
1781550466717626,normal,3005,18455,2,0,Format0 ,0.908,2,94.444,0.876
1781550466729960,normal,3017,96,0,1,Format1 ,0.622,1,72.917,0.534
1781550466736329,normal,3023,26040,0,2,Format1C,0.390,1,59.028,0.182
1781550466746938,normal,3032,96,8,0,Format0 ,1.052,1,100.000,1.052
1781550466764543,normal,3049,43123,2,0,Format0 ,0.995,2,97.222,0.943
1781550466764543,normal,3049,15308,3,0,Format0 ,0.991,2,91.667,0.828
1781550466823333,normal,3106,96,8,0,Format0 ,0.943,1,94.444,0.875
1781550466843109,normal,3125,23386,2,0,Format0 ,0.920,2,97.222,0.865
1781550467009533,normal,3285,23386,2,0,Format0 ,0.978,2,97.222,0.922
1781550469875990,normal,5986,96,8,1,Format1 ,0.512,1,72.917,0.491
1781550469981543,normal,6089,43123,2,0,Format0 ,0.997,2,97.222,0.943
1781550470001106,normal,6108,96,1,0,Format0 ,0.988,1,100.000,0.988
1781550470019850,normal,6126,50939,8,1,Format2 ,0.515,2,76.389,0.474
1781550470128000,normal,6231,9056,6,1,Format2 ,0.511,2,70.833,0.413
1781550471996675,normal,8045,12129,2,1,Format0 ,0.991,2,83.333,0.661
1781550472018044,normal,8066,11390,8,1,Format2 ,0.521,2,79.167,0.481
1781550472038532,normal,8086,40575,8,1,Format2 ,0.521,2,74.306,0.461
1781550472061068,normal,8108,25744,0,2,Format1A,0.480,1,64.931,0.286
1781550472069306,normal,8116,96,9,0,Format0 ,1.027,1,100.000,1.027
1781550472070350,normal,8117,58178,0,1,Format2 ,0.519,2,75.694,0.471
1781550472079744,normal,8126,5093,8,1,Format2 ,0.512,2,75.694,0.467
1781550472116280,normal,8161,5093,6,1,Format2 ,0.511,2,71.528,0.465
1781550472167661,normal,8211,96,6,1,Format1 ,0.513,1,74.306,0.493
1781550472185079,normal,8228,96,1,0,Format0 ,1.008,1,100.000,1.008
1781550472863546,normal,8886,2,0,3,Format1A,0.521,1,75.347,0.501
1781550472987262,normal,9006,105,9,0,Format0 ,0.967,1,100.000,0.967
1781550473213500,normal,9226,96,8,1,Format1 ,0.512,1,73.611,0.490
1781550473687632,normal,9686,97,9,0,Format0 ,0.982,1,100.000,0.982
1781550473690670,normal,9689,5322,0,1,Format2 ,0.516,2,72.917,0.430
1781550473708132,normal,9706,97,9,0,Format0 ,0.986,1,100.000,0.986
1781550473711247,normal,9709,97,0,1,Format1 ,0.514,1,73.611,0.493
1781550473713340,normal,9711,97,4,1,Format1 ,0.509,1,77.778,0.491
1781550473723544,normal,9721,38213,4,1,Format2 ,0.518,2,71.528,0.401
1781550473728700,normal,9726,97,9,0,Format0 ,0.979,1,100.000,0.979
1781550473731749,normal,9729,97,0,1,Format1 ,0.534,1,79.167,0.512
1781550473740126,normal,9737,97,9,0,Format0 ,0.996,1,100.000,0.997
1781550473749390,normal,9746,97,9,0,Format0 ,0.968,1,98.611,0.968
1781550473751437,normal,9748,97,7,0,Format0 ,0.995,1,100.000,0.995
1781550473753927,normal,9750,97,3,0,Format0 ,0.998,1,100.000,0.998
1781550473769839,normal,9766,97,9,0,Format0 ,0.992,1,100.000,0.992
1781550473772919,normal,9769,97,4,1,Format1 ,0.509,1,79.167,0.496
1781550473772919,normal,9769,43123,2,0,Format0 ,0.994,2,97.222,0.943
1781550473774962,normal,9771,97,4,1,Format1 ,0.507,1,78.472,0.495
1781550473780212,normal,9776,97,9,0,Format0 ,0.982,1,100.000,0.982
1781550473784624,normal,9780,97,3,0,Format0 ,0.991,1,100.000,0.991
1781550473790427,normal,9786,97,9,0,Format0 ,0.991,1,100.000,0.991
1781550473793632,normal,9789,97,0,1,Format1 ,0.519,1,79.861,0.509
1781550473795624,normal,9791,97,4,1,Format1 ,0.529,1,69.444,0.506
1781550473806083,normal,9801,97,4,1,Format1 ,0.511,1,76.389,0.495
1781550473811133,normal,9806,97,9,0,Format0 ,1.002,1,100.000,1.002
1781550473814283,normal,9809,97,0,1,Format1 ,0.516,1,71.528,0.498
1781550473816267,normal,9811,97,4,1,Format1 ,0.522,1,72.917,0.499
1781550473831905,normal,9826,97,9,0,Format0 ,0.988,1,100.000,0.988
1781550475263103,normal,908,96,1,0,Format0 ,1.003,1,100.000,1.003
1781550475297298,normal,941,96,6,1,Format1 ,0.510,1,75.694,0.496
1781550476354997,normal,1966,97,9,0,Format0 ,1.009,1,100.000,1.009
1781550476395599,normal,2005,55259,2,1,Format0 ,0.970,2,79.167,0.589
1781550476437810,normal,2046,97,9,0,Format0 ,0.990,1,100.000,0.990
1781550480440839,normal,5928,96,1,0,Format0 ,1.002,1,100.000,1.002
1781550483953674,normal,9321,97,4,1,Format1 ,0.505,1,72.917,0.488
1781550483958829,normal,9326,97,9,0,Format0 ,0.998,1,100.000,0.998
1781550483961898,normal,9329,97,0,1,Format1 ,0.524,1,76.389,0.508
1781550483969041,normal,9336,97,9,0,Format0 ,0.916,1,98.611,0.907
1781550483971155,normal,9338,97,6,1,Format1 ,0.502,1,74.306,0.487
1781550483979420,normal,9346,97,9,0,Format0 ,0.990,1,100.000,0.990
1781550483982515,normal,9349,18302,0,1,Format2 ,0.519,2,74.306,0.475
1781550483984573,normal,9351,7613,4,1,Format2 ,0.512,2,81.944,0.474
1781550484000032,normal,9366,97,9,0,Format0 ,0.983,1,100.000,0.983
1781550484003095,normal,9369,47004,0,1,Format2 ,0.513,2,74.306,0.416
1781550484005140,normal,9371,45788,4,1,Format2 ,0.514,2,77.778,0.471
1781550484015383,normal,9381,15030,4,1,Format2 ,0.509,2,68.750,0.364
1781550484020592,normal,9386,97,9,0,Format0 ,0.995,1,100.000,0.995
1781550484023641,normal,9389,97,0,1,Format1 ,0.513,1,79.861,0.498
1781550484025672,normal,9391,97,4,1,Format1 ,0.509,1,75.000,0.490
1781550484041046,normal,9406,97,9,0,Format0 ,0.978,1,100.000,0.978
1781550484056520,normal,9421,97,4,1,Format1 ,0.515,1,74.306,0.495
1781550484061737,normal,9426,97,9,0,Format0 ,0.994,1,100.000,0.994
1781550484064861,normal,9429,97,0,1,Format1 ,0.507,1,75.694,0.490
1781550484066930,normal,9431,97,4,1,Format1 ,0.514,1,75.000,0.496
1781550484076473,normal,9440,97,3,0,Format0 ,0.701,1,100.000,0.701
1781550484077247,normal,9441,97,4,1,Format1 ,0.641,1,77.083,0.532
1781550484082383,normal,9446,97,9,0,Format0 ,0.994,1,100.000,0.994
1781550484085474,normal,9449,43556,4,1,Format2 ,0.522,2,73.611,0.475
1781550484085474,normal,9449,43123,2,0,Format0 ,0.994,2,97.222,0.939
1781550484087509,normal,9451,6654,4,1,Format2 ,0.515,2,72.917,0.468
1781550484092738,normal,9456,97,9,0,Format0 ,1.007,1,100.000,1.007
1781550484097229,normal,9460,97,3,0,Format0 ,0.952,1,100.000,0.952
1781550484100881,normal,9464,97,9,0,Format0 ,0.993,1,100.000,0.993
1781550484102919,normal,9466,97,9,0,Format0 ,0.989,1,100.000,0.989
1781550484104974,normal,9468,97,7,0,Format0 ,1.012,1,100.000,1.012
1781550484108034,normal,9471,45087,4,1,Format2 ,0.505,2,72.222,0.461
1781550484113224,normal,9476,97,9,0,Format0 ,1.002,1,100.000,1.002
1781550484123460,normal,9486,97,9,0,Format0 ,0.996,1,100.000,0.996
1781550485571127,normal,588,96,1,0,Format0 ,0.988,1,100.000,0.988
1781550488067929,normal,3006,96,8,1,Format1 ,0.511,1,75.694,0.489
1781550490199245,normal,5006,96,8,1,Format1 ,0.526,1,77.778,0.504
1781550494322934,normal,8996,97,9,0,Format0 ,0.990,1,100.000,0.990
1781550494327963,normal,9001,97,4,1,Format1 ,0.515,1,73.611,0.495
1781550494333066,normal,9006,97,9,0,Format0 ,0.986,1,100.000,0.986
1781550494336127,normal,9009,97,0,1,Format1 ,0.523,1,75.000,0.506
1781550494338226,normal,9011,97,4,2,Format1 ,0.304,1,63.542,0.252
1781550494353628,normal,9026,97,9,0,Format0 ,0.987,1,100.000,0.987
1781550494370130,normal,9042,97,8,1,Format1 ,0.513,1,70.833,0.491
1781550494374395,normal,9046,97,9,0,Format0 ,1.004,1,100.000,1.004
1781550494377473,normal,9049,45087,0,1,Format2 ,0.514,2,70.833,0.470
1781550494379526,normal,9051,97,4,1,Format1 ,0.510,1,77.778,0.499
1781550494389839,normal,9061,97,4,1,Format1 ,0.516,1,75.000,0.500
1781550494395044,normal,9066,97,9,0,Format0 ,0.989,1,100.000,0.989
1781550494400243,normal,9071,7613,4,1,Format2 ,0.510,2,79.861,0.469
1781550494474417,normal,9078,97,6,1,Format1 ,0.526,1,73.611,0.498
1781550494478815,normal,9083,97,3,0,Format0 ,0.991,1,100.000,0.991
1781550494481976,normal,9086,97,9,0,Format0 ,0.984,1,100.000,0.984
1781550494485178,normal,9089,97,0,1,Format1 ,0.521,1,66.667,0.482
1781550494493422,normal,9097,97,9,0,Format0 ,1.004,1,100.000,1.004
1781550494497600,normal,9101,3657,4,1,Format2 ,0.503,2,75.000,0.458
1781550494502764,normal,9106,97,9,0,Format0 ,0.999,1,100.000,0.999
1781550494505856,normal,9109,97,0,1,Format1 ,0.518,1,73.611,0.497
1781550494507934,normal,9111,97,4,1,Format1 ,0.513,1,73.611,0.485
1781550494523530,normal,9126,97,9,0,Format0 ,0.994,1,100.000,0.994
1781550494526583,normal,9129,7884,4,1,Format2 ,0.523,2,65.278,0.472
1781550494526583,normal,9129,43123,2,0,Format0 ,0.996,2,97.222,0.945
1781550494528640,normal,9131,97,4,1,Format1 ,0.557,1,75.000,0.448
1781550494533993,normal,9136,97,9,0,Format0 ,0.977,1,100.000,0.977
1781550494544235,normal,9146,97,9,0,Format0 ,0.999,1,100.000,0.999
1781550494585699,normal,9186,97,9,0,Format0 ,0.992,1,100.000,0.992
1781550494976062,normal,9565,12129,2,1,Format0 ,0.995,2,83.333,0.664
1781550497457885,normal,1725,12129,2,1,Format0 ,0.989,2,83.333,0.660
1781550497471271,normal,1738,96,2,1,Format1 ,0.514,1,73.611,0.494
1781550497479609,normal,1746,96,9,0,Format0 ,1.001,1,100.000,1.001
1781550497504770,normal,1770,96,7,0,Format0 ,0.996,1,100.000,0.996
1781550497515223,normal,1780,96,7,0,Format0 ,0.988,1,100.000,0.988
1781550497520189,normal,1785,28594,2,0,Format0 ,0.998,2,97.222,0.942
1781550497523121,normal,1788,96,2,1,Format1 ,0.511,1,77.778,0.495
1781550497526235,normal,1791,96,6,0,Format0 ,0.997,1,100.000,0.997
1781550497570072,normal,1833,96,1,0,Format0 ,0.984,1,100.000,0.984
1781550497572384,normal,1835,96,2,0,Format0 ,0.996,1,100.000,0.996
1781550497579499,normal,1842,96,8,1,Format1 ,0.525,1,75.694,0.506
1781550497581546,normal,1844,96,3,0,Format0 ,0.995,1,100.000,0.995
1781550497583645,normal,1846,96,9,0,Format0 ,0.994,1,100.000,0.994
1781550497594166,normal,1856,96,8,1,Format1 ,0.502,1,79.861,0.488
1781550497599368,normal,1861,96,6,0,Format0 ,0.933,1,100.000,0.934
1781550497667251,normal,1926,96,8,1,Format1 ,0.510,1,72.917,0.494
1781550497687963,normal,1946,58592,8,1,Format2 ,0.533,2,67.361,0.431
1781550497817177,normal,2071,47785,6,1,Format2 ,0.518,2,72.917,0.432
1781550497824387,normal,2078,96,1,0,Format0 ,0.986,1,100.000,0.986
1781550497827462,normal,2081,325,6,1,Format2 ,0.514,2,71.528,0.404
1781550497832637,normal,2086,96,8,1,Format1 ,0.513,1,76.389,0.486
1781550497858703,normal,2111,33348,6,1,Format2 ,0.511,2,69.444,0.461
1781550497865971,normal,2118,96,1,0,Format0 ,0.990,1,100.000,0.990
1781550497895148,normal,2146,96,8,1,Format1 ,0.503,1,74.306,0.483
1781550497897300,normal,2148,96,1,0,Format0 ,0.990,1,100.000,0.990
1781550497900345,normal,2151,96,6,1,Format1 ,0.513,1,76.389,0.496
1781550497973069,normal,2221,60215,6,1,Format2 ,0.514,2,75.694,0.462
1781550497978156,normal,2226,55898,8,1,Format2 ,0.520,2,73.611,0.464
1781550498296785,normal,2532,96,7,0,Format0 ,0.996,1,100.000,0.996
1781550498368017,normal,2601,96,6,1,Format1 ,0.510,1,73.611,0.494
1781550499003386,normal,3218,96,1,0,Format0 ,0.984,1,100.000,0.984
1781550499010823,normal,3225,28594,2,0,Format0 ,1.003,2,97.222,0.946
1781550499032160,normal,3246,96,8,1,Format1 ,0.522,1,77.778,0.504
1781550499035234,normal,3249,96,6,0,Format0 ,0.990,1,100.000,0.990
1781550499050759,normal,3264,31349,2,1,Format2 ,0.513,2,72.917,0.466
1781550499075430,normal,3288,96,2,1,Format1 ,0.508,1,73.611,0.489
1781550499096053,normal,3308,96,1,0,Format0 ,0.993,1,100.000,0.993
1781550499135203,normal,3346,96,8,1,Format1 ,0.505,1,79.861,0.495
1781550499137272,normal,3348,96,1,0,Format0 ,0.990,1,100.000,0.990
1781550499170532,normal,3380,96,6,1,Format1 ,0.515,1,77.083,0.496
1781550499227229,normal,3435,27891,2,1,Format2 ,0.513,2,75.000,0.470
1781550499230123,normal,3438,96,1,0,Format0 ,0.997,1,100.000,0.997
1781550499233189,normal,3441,96,6,1,Format1 ,0.524,1,70.139,0.501
1781550499238335,normal,3446,325,8,1,Format2 ,0.517,2,69.444,0.408
1781550499240359,normal,3448,96,1,0,Format0 ,0.991,1,100.000,0.991
1781550499247708,normal,3455,35755,2,1,Format2 ,0.517,2,71.528,0.398
1781550499253780,normal,3461,96,6,1,Format1 ,0.507,1,72.917,0.487
1781550499295002,normal,3501,44956,6,1,Format2 ,0.503,1,73.611,0.462
1781550499300203,normal,3506,51209,8,1,Format2 ,0.502,2,70.139,0.458
1781550499331025,normal,3536,96,8,1,Format1 ,0.514,1,75.000,0.494
1781550499338166,normal,3543,96,1,0,Format0 ,1.008,1,100.000,1.008
1781550499361803,normal,3566,62626,8,1,Format2 ,0.511,2,69.444,0.411
1781550499384487,normal,3588,96,1,0,Format0 ,1.010,1,100.000,1.010
1781550499495206,normal,3631,5093,6,1,Format2 ,0.507,2,75.694,0.467
1781550499502518,normal,3638,96,1,0,Format0 ,0.988,1,100.000,0.988
1781550499516072,normal,3651,96,6,1,Format1 ,0.518,1,74.306,0.499
1781550500501908,normal,4608,96,1,0,Format0 ,1.005,1,100.000,1.005
1781550500520432,normal,4626,96,8,0,Format0 ,0.912,1,100.000,0.913
1781550500582609,normal,4686,38230,8,1,Format2 ,0.517,2,73.611,0.432
1781550500665917,normal,4766,96,8,1,Format1 ,0.511,1,76.389,0.495
1781550501020644,normal,5109,96,6,1,Format1 ,0.510,1,79.167,0.500
1781550501058580,normal,5146,2,0,3,Format1A,0.637,1,75.521,0.489
1781550501068881,normal,5156,106,0,1,Format1 ,0.513,1,75.694,0.499
1781550501120862,normal,5206,106,0,1,Format1A,0.511,1,73.611,0.489
1781550501122982,normal,5208,96,1,0,Format0 ,1.008,1,100.000,1.008
1781550501141620,normal,5226,97,9,0,Format0 ,0.985,1,100.000,0.985
1781550501151923,normal,5236,106,0,1,Format1 ,0.513,1,77.778,0.496
1781550501167540,normal,5251,63415,4,1,Format2 ,0.515,2,64.583,0.398
1781550501187756,normal,5270,97,3,0,Format0 ,0.974,1,100.000,0.974
1781550501244937,normal,5326,97,9,0,Format0 ,0.992,1,100.000,0.992
1781550501388836,normal,5466,47634,4,1,Format2 ,0.509,2,70.833,0.381
1781550501476203,normal,5551,107,4,1,Format1 ,0.509,1,75.000,0.492
1781550501514660,normal,5588,96,1,0,Format0 ,0.997,1,100.000,0.997
1781550502086299,normal,6143,107,9,0,Format0 ,0.989,1,100.000,0.989
1781550502150811,normal,6206,107,4,1,Format1 ,0.519,1,77.083,0.502
1781550502171162,normal,6226,107,4,1,Format1 ,0.513,1,75.694,0.497
1781550502196064,normal,6250,41698,4,1,Format2 ,0.510,2,69.444,0.436
1781550504278191,normal,8268,96,1,0,Format0 ,0.991,1,100.000,0.991
1781550504749473,normal,8660,97,3,0,Format0 ,0.992,1,100.000,0.992
1781550504755294,normal,8666,97,9,0,Format0 ,1.007,1,100.000,1.007
1781550504758469,normal,8669,17389,0,1,Format2 ,0.513,2,70.833,0.388
1781550504768688,normal,8679,97,0,1,Format1 ,0.506,1,70.833,0.486
1781550504770743,normal,8681,97,4,1,Format1 ,0.513,1,73.611,0.493
1781550504775892,normal,8686,97,9,0,Format0 ,0.996,1,100.000,0.996
1781550504778985,normal,8689,97,0,1,Format1 ,0.516,1,77.083,0.498
1781550504781052,normal,8691,952,4,1,Format2 ,0.521,2,72.222,0.475
1781550504791295,normal,8701,25099,4,1,Format2 ,0.507,2,76.389,0.467
1781550504796443,normal,8706,97,9,0,Format0 ,0.993,1,100.000,0.993
1781550504799510,normal,8709,97,0,1,Format1 ,0.508,1,77.778,0.495
1781550504801512,normal,8711,97,4,1,Format1 ,0.510,1,72.917,0.495
1781550504811726,normal,8721,54547,4,2,Format1C,0.375,1,63.542,0.182
1781550504816916,normal,8726,97,9,0,Format0 ,0.995,1,100.000,0.995
1781550504819974,normal,8729,97,0,1,Format1 ,0.518,1,69.444,0.498
1781550504822040,normal,8731,27539,4,1,Format2 ,0.509,2,75.000,0.482
1781550504827211,normal,8736,97,9,0,Format0 ,0.992,1,100.000,0.992
1781550504837607,normal,8746,97,9,0,Format0 ,0.999,1,100.000,0.999
1781550504840701,normal,8749,13082,0,1,Format2 ,0.512,2,70.833,0.414
1781550504842763,normal,8751,5474,4,1,Format2 ,0.509,2,79.167,0.457
1781550504853218,normal,8761,25099,4,1,Format2 ,0.509,2,77.083,0.471
1781550504858307,normal,8766,97,9,0,Format0 ,0.996,1,100.000,0.996
1781550504861391,normal,8769,27539,0,1,Format2 ,0.511,2,73.611,0.480
1781550504899629,normal,8806,97,9,0,Format0 ,0.995,1,100.000,0.995
1781550506248696,normal,10108,96,1,0,Format0 ,0.995,1,100.000,0.995
1781550506300356,normal,10158,96,1,0,Format0 ,1.008,1,100.000,1.008
1781550962472362,normal,6035,48421,14,1,Format1C,1.798,1,66.667,1.152
1781550962633358,normal,6106,33495,22,1,Format1C,2.159,1,69.444,1.593
1781550962661024,normal,6113,31544,16,1,Format1C,1.748,1,69.444,1.151
1781550962691381,normal,6129,55689,30,1,Format1C,1.685,1,62.500,1.118
1781550962822331,normal,6190,52170,8,2,Format1C,1.040,1,61.458,0.646
1781550962907474,normal,6229,54625,30,1,Format1C,1.590,1,65.278,1.070
1781550963001516,normal,6269,30528,18,1,Format1C,2.473,1,66.667,1.707
1781550963068897,normal,6300,61335,0,3,Format1 ,1.643,1,59.375,0.594
1781550963118222,normal,6324,55640,0,2,Format1A,0.357,1,63.194,0.291
1781550963446682,normal,6468,16583,0,3,Format1C,1.588,1,60.069,0.555
1781550963518273,normal,6471,40017,30,1,Format1C,1.034,1,70.139,0.608
1781550964142989,normal,6749,9699,36,1,Format1C,2.093,1,64.583,1.603
1781550964281076,normal,6812,37340,0,3,Format1C,0.708,1,57.812,0.195
1781550964289532,normal,6817,33885,0,1,Format1C,2.007,1,70.833,1.186
1781550964296025,normal,6821,8802,18,1,Format1C,1.412,1,68.750,0.790
1781550964327822,normal,6835,30296,30,1,Format1C,1.072,1,62.500,0.772
1781550964425064,normal,6883,28160,30,1,Format1C,0.907,1,66.667,0.697
1781550966659107,normal,9901,103,2,1,Format1A,0.509,1,73.611,0.496
1781550966661125,normal,9903,97,3,0,Format0 ,1.006,1,100.000,1.006
1781550966664208,normal,9906,97,9,0,Format0 ,0.991,1,100.000,0.991
1781550966667354,normal,9909,25099,0,1,Format2 ,0.512,2,75.000,0.468
1781550966684812,normal,9926,97,9,0,Format0 ,1.007,1,100.000,1.007
1781550966687935,normal,9929,49883,4,1,Format2 ,0.513,2,74.306,0.474
1781550966689974,normal,9931,97,4,1,Format1 ,0.514,1,73.611,0.495
1781550966699538,normal,9940,97,3,0,Format0 ,0.995,1,100.000,0.995
1781550966705311,normal,9946,97,9,0,Format0 ,1.008,1,100.000,1.008
1781550966707346,normal,9948,97,7,0,Format0 ,0.962,1,100.000,0.962
1781550966711453,normal,9952,11360,8,1,Format2 ,0.500,2,71.528,0.408
1781550966716619,normal,9957,97,9,0,Format0 ,0.991,1,100.000,0.991
1781550966725975,normal,9966,97,9,0,Format0 ,1.003,1,100.000,1.003
1781550966733129,normal,9973,97,3,0,Format0 ,0.994,1,100.000,0.994
1781550966741414,normal,9981,97,4,1,Format1 ,0.510,1,75.694,0.500
1781550966770261,normal,10009,97,0,1,Format1 ,0.511,1,75.694,0.495
1781550966772299,normal,10011,97,4,1,Format1 ,0.518,1,72.917,0.501
1781550966787721,normal,10026,97,9,0,Format0 ,0.993,1,100.000,0.993
1781550966792830,normal,10031,17389,4,1,Format2 ,0.514,2,72.222,0.393
1781550966797968,normal,10036,97,9,0,Format0 ,0.996,1,100.000,0.996
1781550966800058,normal,10038,25697,6,1,Format2 ,0.513,2,70.833,0.389
1781550966801071,normal,10039,97,0,1,Format1 ,0.519,1,75.694,0.506
1781550966803123,normal,10041,27539,4,1,Format2 ,0.514,2,72.222,0.482
1781550966813466,normal,10051,97,4,1,Format1 ,0.572,1,77.778,0.485
1781550966816511,normal,10054,97,0,1,Format1 ,0.508,1,75.000,0.494
1781550966818554,normal,10056,97,9,0,Format0 ,0.989,1,100.000,0.989
1781550966826839,normal,10064,97,9,0,Format0 ,0.997,1,100.000,0.997
1781550966828878,normal,10066,97,9,0,Format0 ,0.986,1,100.000,0.986
1781550966834098,normal,10071,43517,4,2,Format2 ,0.515,2,71.875,0.348
1781550966836056,normal,10073,97,3,0,Format0 ,0.984,1,100.000,0.984
1781550966839210,normal,10076,97,9,0,Format0 ,1.014,1,100.000,1.014
1781550966844330,normal,10081,97,4,1,Format1 ,0.515,1,76.389,0.496
1781550967508520,normal,486,2,0,3,Format1A,0.515,1,76.042,0.498
1781550967521830,normal,499,6007,2,1,Format0 ,1.000,2,81.944,0.649
1781550967547425,normal,524,104,0,3,Format1A,1.001,1,100.000,1.001
1781550967568027,normal,544,104,0,3,Format1 ,0.999,1,100.000,0.999
1781550967844142,normal,812,104,9,0,Format0 ,0.998,1,100.000,0.998
1781550969460654,normal,2372,104,9,0,Format0 ,0.949,1,98.611,0.949
1781550977060163,normal,9686,18248,8,1,Format2 ,0.527,2,66.667,0.379
1781550977183879,normal,9805,12129,2,1,Format0 ,0.982,2,83.333,0.656
1781550977476758,normal,10086,97,9,0,Format0 ,0.990,1,100.000,0.990
1781550977479916,normal,10089,97,4,1,Format1 ,0.508,1,71.528,0.490
1781550977479916,normal,10089,43123,2,0,Format0 ,0.988,2,97.222,0.929
1781550977481966,normal,10091,97,4,1,Format1 ,0.512,1,77.083,0.498
1781550977491719,normal,10100,97,3,0,Format0 ,0.995,1,100.000,0.995
1781550977497505,normal,10106,97,9,0,Format0 ,1.009,1,100.000,1.009
1781550977500691,normal,10109,2400,0,1,Format2 ,0.525,2,72.917,0.477
1781550977502687,normal,10111,97,4,1,Format1 ,0.514,1,76.389,0.492
1781550977510019,normal,10118,9864,6,1,Format2 ,0.507,2,77.083,0.472
1781550977513121,normal,10121,25099,4,1,Format2 ,0.528,2,75.694,0.479
1781550977518329,normal,10126,97,9,0,Format0 ,1.004,1,100.000,1.004
1781550977521493,normal,10129,97,0,1,Format1 ,0.526,1,77.083,0.502
1781550977533977,normal,10141,13935,4,1,Format2 ,0.535,2,71.528,0.388
1781550977539195,normal,10146,97,9,0,Format0 ,1.007,1,100.000,1.007
1781550977542295,normal,10149,97,0,1,Format1 ,0.512,1,75.000,0.496
1781550977544423,normal,10151,25099,4,1,Format2 ,0.513,2,71.528,0.467
1781550977560032,normal,10166,97,9,0,Format0 ,0.995,1,100.000,0.995
1781550977562055,normal,10168,97,7,0,Format0 ,1.003,1,100.000,1.003
1781550977566131,normal,10172,97,8,1,Format1 ,0.507,1,69.444,0.490
1781550977570308,normal,10176,97,9,0,Format0 ,1.005,1,100.000,1.005
1781550977575473,normal,10181,10311,4,1,Format2 ,0.516,2,72.917,0.460
1781550977580617,normal,10186,97,9,0,Format0 ,0.995,1,100.000,0.995
1781550977581645,normal,10187,97,9,0,Format0 ,0.985,1,100.000,0.985
1781550977583671,normal,10189,13935,0,1,Format2 ,0.508,2,72.222,0.387
1781550977585706,normal,10191,27539,4,1,Format2 ,0.518,2,70.833,0.486
1781550977596126,normal,10201,97,4,1,Format1 ,0.510,1,73.611,0.494
1781550977600445,normal,10205,12129,2,1,Format0 ,0.981,2,83.333,0.654
1781550977621694,normal,10226,97,9,0,Format0 ,0.992,1,100.000,0.992
1781550978064867,normal,414,96,3,0,Format0 ,0.987,1,100.000,0.987
1781550978069036,normal,418,58759,2,1,Format2 ,0.513,2,71.528,0.420
1781550978077327,normal,426,96,8,1,Format1 ,0.573,1,79.167,0.475
1781550978079425,normal,428,96,1,0,Format0 ,0.970,1,100.000,0.970
1781550978089673,normal,438,96,1,0,Format0 ,0.996,1,100.000,0.996
1781550978128262,normal,475,96,2,0,Format0 ,0.992,1,100.000,0.992
1781550978133475,normal,480,96,7,0,Format0 ,0.988,1,100.000,0.988
1781550978135327,normal,482,96,8,1,Format1 ,0.523,1,79.861,0.505
1781550978137404,normal,484,96,3,0,Format0 ,1.009,1,100.000,1.009
1781550978139503,normal,486,96,9,0,Format0 ,1.001,1,100.000,1.001
1781550978141729,normal,488,96,2,1,Format1 ,0.526,1,73.611,0.497
1781550978144095,normal,490,96,7,0,Format0 ,0.990,1,100.000,0.990
1781550978145981,normal,492,96,8,1,Format1 ,0.513,1,70.833,0.488
1781550978152292,normal,498,96,2,1,Format1 ,0.511,1,72.917,0.491
1781550978155611,normal,501,96,6,1,Format1 ,0.518,1,70.833,0.497
1781550978161029,normal,506,59429,8,1,Format2 ,0.513,2,70.833,0.423
1781550978163232,normal,508,96,1,0,Format0 ,0.992,1,100.000,0.992
1781550978182013,normal,526,96,9,0,Format0 ,1.003,1,100.000,1.003
1781550978184049,normal,528,30888,0,3,Format1 ,0.330,1,60.243,0.135
1781550978194543,normal,538,96,2,0,Format0 ,0.928,1,91.667,0.871
1781550978199762,normal,543,96,1,0,Format0 ,1.004,1,100.000,1.004
1781550978202775,normal,546,23881,8,1,Format2 ,0.507,2,69.444,0.387
1781550978207955,normal,551,96,6,0,Format0 ,0.991,1,100.000,0.991
1781550978210090,normal,553,96,1,0,Format0 ,0.998,1,100.000,0.998
1781550978213166,normal,556,96,9,0,Format0 ,0.997,1,100.000,0.997
1781550978218420,normal,561,96,6,0,Format0 ,0.999,1,100.000,0.999
1781550978220573,normal,563,96,1,0,Format0 ,0.987,1,100.000,0.987
1781550978223669,normal,566,96,9,0,Format0 ,0.960,1,100.000,0.960
1781550978228814,normal,571,96,6,1,Format1 ,0.513,1,74.306,0.498
1781550978249662,normal,591,56915,6,1,Format2 ,0.517,2,77.778,0.473
1781550978271502,normal,612,96,7,0,Format0 ,1.005,1,100.000,1.005
1781550978272481,normal,613,96,1,0,Format0 ,0.989,1,100.000,0.989
1781550978285150,normal,625,50785,2,0,Format0 ,0.984,2,97.222,0.932
1781550978285150,normal,625,20580,3,0,Format0 ,0.979,1,81.944,0.642
1781550978308966,normal,648,96,2,1,Format1 ,0.523,1,73.611,0.488
1781550978311352,normal,650,27891,6,1,Format2 ,0.520,2,72.222,0.477
1781550978314171,normal,653,96,1,0,Format0 ,0.978,1,100.000,0.978
1781550978319363,normal,658,96,1,0,Format0 ,0.997,1,100.000,0.997
1781550978321954,normal,660,96,6,1,Format1 ,0.509,1,72.917,0.493
1781550978327660,normal,666,96,9,0,Format0 ,0.997,1,100.000,0.997
1781550978353733,normal,691,96,6,0,Format0 ,0.955,1,100.000,0.956
1781550978460946,normal,785,16325,4,1,Format2 ,0.517,2,75.000,0.473
1781550978460946,normal,785,50785,2,0,Format0 ,0.984,2,97.222,0.930
1781550978534161,normal,856,96,8,1,Format1 ,0.509,1,78.472,0.496
1781550978536235,normal,858,96,1,0,Format0 ,0.987,1,100.000,0.987
1781550978586102,normal,906,96,8,1,Format1 ,0.509,1,77.083,0.489
1781550978588126,normal,908,96,1,0,Format0 ,0.996,1,100.000,0.996
1781550978591189,normal,911,11984,6,1,Format2 ,0.495,2,69.444,0.427
1781550978640064,normal,958,96,1,0,Format0 ,1.000,1,100.000,1.000
1781550978653503,normal,971,96,6,1,Format1 ,0.517,1,78.472,0.504
1781550978759924,normal,1074,96,2,0,Format0 ,0.964,1,95.833,0.933
1781550978792977,normal,1106,96,8,1,Format1 ,0.499,1,70.833,0.477
1781550978795209,normal,1108,96,1,0,Format0 ,0.994,1,100.000,0.994
1781550978798202,normal,1111,96,6,1,Format1 ,0.510,1,71.528,0.487
1781550978800265,normal,1113,96,1,0,Format0 ,0.935,1,100.000,0.936
1781550978988445,normal,1294,96,2,0,Format0 ,0.947,1,91.667,0.908
1781550979309957,normal,1605,23386,2,0,Format0 ,0.992,2,97.222,0.936
1781550979330744,normal,1625,28594,2,0,Format0 ,0.989,2,97.222,0.933
1781550979392432,normal,1685,55259,2,1,Format0 ,0.940,2,79.167,0.556
1781550979598609,normal,1884,96,2,1,Format1 ,0.464,1,71.528,0.444
1781550979710980,normal,1993,16355,0,2,Format1 ,0.387,1,62.847,0.242
1781550979719170,normal,2001,31961,6,1,Format2 ,0.521,2,69.444,0.437
1781550979752338,normal,2033,96,1,0,Format0 ,1.023,1,100.000,1.023
1781550979765754,normal,2046,96,9,0,Format0 ,0.993,1,100.000,0.993
1781550979767784,normal,2048,96,1,0,Format0 ,0.990,1,100.000,0.990
1781550979786346,normal,2066,96,8,1,Format1 ,0.583,1,74.306,0.474
1781550979789414,normal,2069,96,6,1,Format1 ,0.515,1,72.917,0.498
1781550979791535,normal,2071,96,6,1,Format1 ,0.518,1,77.778,0.506
1781550979807023,normal,2086,96,8,1,Format1 ,0.507,1,70.833,0.482
1781550979821844,normal,2100,96,7,0,Format0 ,0.986,1,100.000,0.986
1781550979827694,normal,2106,18412,8,1,Format2 ,0.513,2,72.222,0.458
1781550979835005,normal,2113,96,1,0,Format0 ,0.991,1,100.000,0.991
1781550979840136,normal,2118,96,1,0,Format0 ,0.999,1,100.000,0.999
1781550979848432,normal,2126,96,8,1,Format1 ,0.519,1,73.611,0.503
1781550979866131,normal,2143,96,1,0,Format0 ,0.972,1,100.000,0.972
1781550979907144,normal,2183,96,1,0,Format0 ,0.993,1,100.000,0.993
1781550979915369,normal,2191,96,6,0,Format0 ,0.998,1,100.000,0.998
1781550979917384,normal,2193,96,1,0,Format0 ,0.979,1,100.000,0.979
1781550979925658,normal,2201,96,6,1,Format1 ,0.524,1,77.083,0.503
1781550979961475,normal,2236,43597,8,1,Format2 ,0.505,2,75.694,0.460
1781550979971678,normal,2246,13279,8,1,Format2 ,0.462,2,70.833,0.412
1781550979976809,normal,2251,56915,6,1,Format2 ,0.515,2,77.778,0.470
1781550979986376,normal,2260,96,6,1,Format1 ,0.509,1,81.250,0.498
1781550979990158,normal,2264,749,2,1,Format2 ,0.506,2,76.389,0.410
1781550979991410,normal,2265,28594,2,0,Format0 ,0.959,2,97.222,0.911
1781550979994271,normal,2268,44773,2,1,Format2 ,0.506,2,72.917,0.411
1781550979996755,normal,2270,96,6,0,Format0 ,0.932,1,100.000,0.932
1781550979999443,normal,2273,96,1,0,Format0 ,0.919,1,100.000,0.919
1781550980001662,normal,2275,3668,0,3,Format2 ,0.314,2,59.028,0.175
1781550980004567,normal,2278,96,1,0,Format0 ,0.853,1,93.056,0.791
1781550980009183,normal,2282,96,7,0,Format0 ,1.051,1,91.667,0.951
1781550980014423,normal,2285,12129,2,1,Format0 ,0.944,2,83.333,0.631
1781550980017758,normal,2289,96,6,1,Format1 ,0.499,1,68.750,0.427
1781550980019806,normal,2291,96,6,0,Format0 ,1.005,1,100.000,1.005
1781550980022905,normal,2294,33389,2,1,Format2 ,0.517,2,72.222,0.469
1781550980024971,normal,2296,96,8,1,Format1 ,0.514,1,67.361,0.492
1781550980031129,normal,2302,96,7,0,Format0 ,1.005,1,100.000,1.005
1781550980033194,normal,2304,96,2,1,Format1 ,0.525,1,78.472,0.507
1781550980093158,normal,2362,96,7,0,Format0 ,0.993,1,100.000,0.993
1781550980097244,normal,2366,96,9,0,Format0 ,0.995,1,100.000,0.995
1781550980109701,normal,2378,96,1,0,Format0 ,0.992,1,100.000,0.992
1781550980210956,normal,2476,96,8,1,Format1 ,0.603,1,72.917,0.496
1781550980212988,normal,2478,96,1,0,Format0 ,1.002,1,100.000,1.002
1781550980254350,normal,2518,96,1,0,Format0 ,0.960,1,100.000,0.960
1781550980262672,normal,2526,96,8,0,Format0 ,0.953,1,100.000,0.955
1781550980264718,normal,2528,96,1,0,Format0 ,0.994,1,100.000,0.994
1781550980283276,normal,2546,96,8,0,Format0 ,0.999,1,95.833,0.963
1781550980292670,normal,2555,96,2,1,Format1 ,0.531,1,74.306,0.463
1781550980294508,normal,2557,96,0,1,Format1 ,0.526,1,75.694,0.503
1781550980303777,normal,2566,96,8,1,Format1 ,0.516,1,74.306,0.499
1781550980305819,normal,2568,96,2,1,Format1 ,0.522,1,73.611,0.499
1781550980308148,normal,2570,96,6,1,Format1 ,0.517,1,78.472,0.502
1781550980335809,normal,2597,96,0,1,Format1 ,0.557,1,75.000,0.452
1781550980360350,normal,2619,96,6,1,Format1 ,0.507,1,68.750,0.487
1781550980362410,normal,2621,96,6,1,Format1 ,0.579,1,77.083,0.468
1781550980390287,normal,2648,36457,2,1,Format2 ,0.519,2,77.083,0.473
1781550980406780,normal,2664,96,3,0,Format0 ,1.006,1,95.833,0.993
1781550980423693,normal,2680,96,7,0,Format0 ,1.051,1,100.000,1.051
1781550980425456,normal,2682,96,7,0,Format0 ,0.997,1,100.000,0.997
1781550980429743,normal,2686,96,8,1,Format1 ,0.508,1,72.917,0.489
1781550980431765,normal,2688,96,1,0,Format0 ,0.990,1,100.000,0.990
1781550980481114,normal,2736,96,8,1,Format1 ,0.531,1,72.917,0.505
1781550980483158,normal,2738,96,1,0,Format0 ,1.000,1,100.000,1.000
1781550980485614,normal,2740,96,6,1,Format1 ,0.505,1,71.528,0.488
1781550980493443,normal,2748,96,1,0,Format0 ,0.990,1,100.000,0.990
1781550980496517,normal,2751,18779,6,1,Format2 ,0.501,2,72.222,0.453
1781550980503715,normal,2758,96,1,0,Format0 ,0.985,1,100.000,0.985
1781550980506787,normal,2761,96,6,0,Format0 ,0.980,1,100.000,0.981
1781550980509881,normal,2764,96,3,0,Format0 ,0.998,1,100.000,0.998
1781550980511984,normal,2766,96,8,1,Format1 ,0.507,1,75.000,0.490
1781550980517198,normal,2771,96,6,0,Format0 ,1.001,1,100.000,1.001
1781550980520241,normal,2774,9958,2,1,Format2 ,0.518,2,72.917,0.474
1781550980524397,normal,2778,96,1,0,Format0 ,0.972,1,100.000,0.972
1781550980528483,normal,2782,96,7,0,Format0 ,0.951,1,98.611,0.948
1781550980530538,normal,2784,96,3,0,Format0 ,0.975,1,100.000,0.976
1781550980532633,normal,2786,96,8,1,Format1 ,0.516,1,78.472,0.501
1781550980535741,normal,2789,96,6,1,Format1 ,0.510,1,73.611,0.494
1781550980537801,normal,2791,26935,6,1,Format2 ,0.492,2,74.306,0.452
1781550980543015,normal,2796,96,8,0,Format0 ,0.776,1,91.667,0.740
1781550980548373,normal,2801,96,6,0,Format0 ,0.966,1,100.000,0.966
1781550980556682,normal,2809,96,6,0,Format0 ,1.006,1,100.000,1.006
1781550980563065,normal,2815,96,2,1,Format1 ,0.514,1,79.167,0.500
1781550980564900,normal,2817,29875,0,1,Format2 ,0.518,2,77.778,0.478
1781550980579328,normal,2831,96,6,1,Format1 ,0.518,1,72.917,0.503
1781550980627414,normal,2878,96,1,0,Format0 ,0.991,1,100.000,0.991
1781550980631556,normal,2882,96,7,0,Format0 ,0.991,1,100.000,0.991
1781550980697366,normal,2946,4593,8,1,Format2 ,0.523,2,74.306,0.469
1781550980709792,normal,2958,96,1,0,Format0 ,1.000,1,100.000,1.000
1781550980718109,normal,2966,96,8,1,Format1 ,0.516,1,77.083,0.495
1781550980728370,normal,2976,96,9,0,Format0 ,1.053,1,94.444,1.031
1781550980751010,normal,2998,96,1,0,Format0 ,0.932,1,100.000,0.932
1781550980754048,normal,3001,96,6,1,Format1 ,0.473,1,75.000,0.451
1781550980758328,normal,3005,18455,2,0,Format0 ,0.908,2,94.444,0.876
1781550980770426,normal,3017,96,0,1,Format1 ,0.622,1,72.917,0.534
1781550980776578,normal,3023,26040,0,2,Format1C,0.390,1,59.028,0.182
1781550980785900,normal,3032,96,8,0,Format0 ,1.052,1,100.000,1.052
1781550980862363,normal,3106,96,8,0,Format0 ,0.943,1,94.444,0.875
1781550980881940,normal,3125,23386,2,0,Format0 ,0.920,2,97.222,0.865
1781550980889045,normal,3132,96,7,0,Format0 ,0.979,1,100.000,0.979
1781550981049501,normal,3285,23386,2,0,Format0 ,0.978,2,97.222,0.922
1781550983831310,normal,5986,96,8,1,Format1 ,0.512,1,72.917,0.491
1781550983937820,normal,6089,43123,2,0,Format0 ,0.997,2,97.222,0.943
1781550983957392,normal,6108,96,1,0,Format0 ,0.988,1,100.000,0.988
1781550983975822,normal,6126,50939,8,1,Format2 ,0.515,2,76.389,0.474
1781550984083524,normal,6231,9056,6,1,Format2 ,0.511,2,70.833,0.413
1781550985959178,normal,8045,12129,2,1,Format0 ,0.991,2,83.333,0.661
1781550985980517,normal,8066,11390,8,1,Format2 ,0.521,2,79.167,0.481
1781550986001035,normal,8086,40575,8,1,Format2 ,0.521,2,74.306,0.461
1781550986023517,normal,8108,25744,0,2,Format1A,0.480,1,64.931,0.286
1781550986031677,normal,8116,96,9,0,Format0 ,1.027,1,100.000,1.027
1781550986042153,normal,8126,5093,8,1,Format2 ,0.512,2,75.694,0.467
1781550986078172,normal,8161,5093,6,1,Format2 ,0.511,2,71.528,0.465
1781550986129541,normal,8211,96,6,1,Format1 ,0.513,1,74.306,0.493
1781550986147091,normal,8228,96,1,0,Format0 ,1.008,1,100.000,1.008
1781550986824296,normal,8886,2,0,3,Format1A,0.521,1,75.347,0.501
1781550986947718,normal,9006,105,9,0,Format0 ,0.967,1,100.000,0.967
1781550987174779,normal,9226,96,8,1,Format1 ,0.512,1,73.611,0.490
1781550987191088,normal,9242,105,0,1,Format1 ,0.507,1,76.389,0.490
1781550987642970,normal,9681,97,4,1,Format1 ,0.527,1,78.472,0.510
1781550987648131,normal,9686,97,9,0,Format0 ,0.982,1,100.000,0.982
1781550987650159,normal,9688,97,7,0,Format0 ,0.998,1,100.000,0.998
1781550987658529,normal,9696,97,9,0,Format0 ,1.009,1,100.000,1.009
1781550987666686,normal,9704,97,9,0,Format0 ,0.995,1,100.000,0.995
1781550987668730,normal,9706,97,9,0,Format0 ,0.986,1,100.000,0.986
1781550987671816,normal,9709,97,0,1,Format1 ,0.514,1,73.611,0.493
1781550987673874,normal,9711,97,4,1,Format1 ,0.509,1,77.778,0.491
1781550987678961,normal,9716,97,9,0,Format0 ,0.989,1,100.000,0.989
1781550987684116,normal,9721,38213,4,1,Format2 ,0.518,2,71.528,0.401
1781550987687179,normal,9724,97,9,0,Format0 ,1.003,1,100.000,1.004
1781550987689292,normal,9726,97,9,0,Format0 ,0.979,1,100.000,0.979
1781550987692375,normal,9729,97,0,1,Format1 ,0.534,1,79.167,0.512
1781550987709898,normal,9746,97,9,0,Format0 ,0.968,1,98.611,0.968
1781550987712959,normal,9749,97,0,2,Format1 ,0.304,1,66.319,0.258
1781550987715083,normal,9751,97,4,1,Format1 ,0.522,1,73.611,0.493
1781550987720237,normal,9756,97,9,0,Format0 ,0.991,1,100.000,0.991
1781550987725410,normal,9761,97,4,1,Format1 ,0.516,1,72.222,0.501
1781550987728608,normal,9764,97,9,0,Format0 ,0.988,1,100.000,0.988
1781550987730679,normal,9766,97,9,0,Format0 ,0.992,1,100.000,0.992
1781550987733781,normal,9769,97,4,1,Format1 ,0.509,1,79.167,0.496
1781550987733781,normal,9769,43123,2,0,Format0 ,0.994,2,97.222,0.943
1781550987741157,normal,9776,97,9,0,Format0 ,0.982,1,100.000,0.982
1781550987746467,normal,9781,9864,4,1,Format2 ,0.517,2,76.389,0.472
1781550987751629,normal,9786,97,9,0,Format0 ,0.991,1,100.000,0.991
1781550987754694,normal,9789,97,0,1,Format1 ,0.519,1,79.861,0.509
1781550987756765,normal,9791,97,4,1,Format1 ,0.529,1,69.444,0.506
1781550987765048,normal,9799,97,0,1,Format1 ,0.518,1,78.472,0.496
1781550987767037,normal,9801,97,4,1,Format1 ,0.511,1,76.389,0.495
1781550987772166,normal,9806,97,9,0,Format0 ,1.002,1,100.000,1.002
1781550987775331,normal,9809,97,0,1,Format1 ,0.516,1,71.528,0.498
1781550987777350,normal,9811,97,4,1,Format1 ,0.522,1,72.917,0.499
1781550987792784,normal,9826,97,9,0,Format0 ,0.988,1,100.000,0.988
1781550989155949,normal,908,96,1,0,Format0 ,1.003,1,100.000,1.003
1781550990255041,normal,1966,97,9,0,Format0 ,1.009,1,100.000,1.009
1781550990295657,normal,2005,55259,2,1,Format0 ,0.970,2,79.167,0.589
1781550990337725,normal,2046,97,9,0,Format0 ,0.990,1,100.000,0.990
1781550997856494,normal,9316,97,9,0,Format0 ,0.980,1,100.000,0.980
1781550997861736,normal,9321,97,4,1,Format1 ,0.505,1,72.917,0.488
1781550997865981,normal,9325,43556,4,1,Format2 ,0.509,2,71.528,0.468
1781550997865981,normal,9325,12129,2,1,Format0 ,0.994,2,83.333,0.668
1781550997869905,normal,9329,97,0,1,Format1 ,0.524,1,76.389,0.508
1781550997877044,normal,9336,97,9,0,Format0 ,0.916,1,98.611,0.907
1781550997887372,normal,9346,97,9,0,Format0 ,0.990,1,100.000,0.990
1781550997890447,normal,9349,18302,0,1,Format2 ,0.519,2,74.306,0.475
1781550997892471,normal,9351,7613,4,1,Format2 ,0.512,2,81.944,0.474
1781550997903872,normal,9362,97,8,1,Format1 ,0.510,1,74.306,0.493
1781550997908031,normal,9366,97,9,0,Format0 ,0.983,1,100.000,0.983
1781550997911208,normal,9369,47004,0,1,Format2 ,0.513,2,74.306,0.416
1781550997913193,normal,9371,45788,4,1,Format2 ,0.514,2,77.778,0.471
1781550997923606,normal,9381,15030,4,1,Format2 ,0.509,2,68.750,0.364
1781550997928783,normal,9386,97,9,0,Format0 ,0.995,1,100.000,0.995
1781550997931811,normal,9389,97,0,1,Format1 ,0.513,1,79.861,0.498
1781550997933858,normal,9391,97,4,1,Format1 ,0.509,1,75.000,0.490
1781550997949157,normal,9406,97,9,0,Format0 ,0.978,1,100.000,0.978
1781550997964625,normal,9421,97,4,1,Format1 ,0.515,1,74.306,0.495
1781550997969960,normal,9426,97,9,0,Format0 ,0.994,1,100.000,0.994
1781550997972955,normal,9429,97,0,1,Format1 ,0.507,1,75.694,0.490
1781550997975008,normal,9431,97,4,1,Format1 ,0.514,1,75.000,0.496
1781550997981313,normal,9437,97,9,0,Format0 ,0.913,1,98.611,0.904
1781550997983454,normal,9439,97,0,1,Format1 ,0.608,1,76.389,0.510
1781550997985460,normal,9441,97,4,1,Format1 ,0.641,1,77.083,0.532
1781550997990645,normal,9446,97,9,0,Format0 ,0.994,1,100.000,0.994
1781550997993765,normal,9449,43556,4,1,Format2 ,0.522,2,73.611,0.475
1781550997993765,normal,9449,43123,2,0,Format0 ,0.994,2,97.222,0.939
1781550997995798,normal,9451,6654,4,1,Format2 ,0.515,2,72.917,0.468
1781550998001050,normal,9456,97,9,0,Format0 ,1.007,1,100.000,1.007
1781550998005555,normal,9460,97,3,0,Format0 ,0.952,1,100.000,0.952
1781550998009218,normal,9464,97,9,0,Format0 ,0.993,1,100.000,0.993
1781550998011275,normal,9466,97,9,0,Format0 ,0.989,1,100.000,0.989
1781550998013318,normal,9468,97,7,0,Format0 ,1.012,1,100.000,1.012
1781550998016434,normal,9471,45087,4,1,Format2 ,0.505,2,72.222,0.461
1781550998019586,normal,9474,97,9,0,Format0 ,0.985,1,100.000,0.985
1781550998021583,normal,9476,97,9,0,Format0 ,1.002,1,100.000,1.002
1781550998031875,normal,9486,97,9,0,Format0 ,0.996,1,100.000,0.996
1781550999417608,normal,588,96,1,0,Format0 ,0.988,1,100.000,0.988
1781550999433048,normal,603,96,1,0,Format0 ,0.994,1,100.000,0.995
1781551001978828,normal,3006,96,8,1,Format1 ,0.511,1,75.694,0.489
1781551004042197,normal,5006,96,8,1,Format1 ,0.526,1,77.778,0.504
1781551008189670,normal,9001,97,4,1,Format1 ,0.515,1,73.611,0.495
1781551008195006,normal,9006,97,9,0,Format0 ,0.986,1,100.000,0.986
1781551008198149,normal,9009,97,0,1,Format1 ,0.523,1,75.000,0.506
1781551008200203,normal,9011,97,4,2,Format1 ,0.304,1,63.542,0.252
1781551008215730,normal,9026,97,9,0,Format0 ,0.987,1,100.000,0.987
1781551008231223,normal,9041,25099,4,1,Format2 ,0.505,2,78.472,0.466
1781551008236426,normal,9046,97,9,0,Format0 ,1.004,1,100.000,1.004
1781551008239457,normal,9049,45087,0,1,Format2 ,0.514,2,70.833,0.470
1781551008241675,normal,9051,97,4,1,Format1 ,0.510,1,77.778,0.499
1781551008252063,normal,9061,97,4,1,Format1 ,0.516,1,75.000,0.500
1781551008257328,normal,9066,97,9,0,Format0 ,0.989,1,100.000,0.989
1781551008262605,normal,9071,7613,4,1,Format2 ,0.510,2,79.861,0.469
1781551008275080,normal,9083,97,3,0,Format0 ,0.991,1,100.000,0.991
1781551008278199,normal,9086,97,9,0,Format0 ,0.984,1,100.000,0.984
1781551008281282,normal,9089,97,0,1,Format1 ,0.521,1,66.667,0.482
1781551008293820,normal,9101,3657,4,1,Format2 ,0.503,2,75.000,0.458
1781551008299006,normal,9106,97,9,0,Format0 ,0.999,1,100.000,0.999
1781551008302155,normal,9109,97,0,1,Format1 ,0.518,1,73.611,0.497
1781551008304171,normal,9111,97,4,1,Format1 ,0.513,1,73.611,0.485
1781551008319642,normal,9126,97,9,0,Format0 ,0.994,1,100.000,0.994
1781551008322677,normal,9129,7884,4,1,Format2 ,0.523,2,65.278,0.472
1781551008322677,normal,9129,43123,2,0,Format0 ,0.996,2,97.222,0.945
1781551008324778,normal,9131,97,4,1,Format1 ,0.557,1,75.000,0.448
1781551008340368,normal,9146,97,9,0,Format0 ,0.999,1,100.000,0.999
1781551008381591,normal,9186,97,9,0,Format0 ,0.992,1,100.000,0.992
1781551008775370,normal,9565,12129,2,1,Format0 ,0.995,2,83.333,0.664
1781551011325083,normal,1738,96,2,1,Format1 ,0.514,1,73.611,0.494
1781551011333310,normal,1746,96,9,0,Format0 ,1.001,1,100.000,1.001
1781551011358529,normal,1770,96,7,0,Format0 ,0.996,1,100.000,0.996
1781551011368895,normal,1780,96,7,0,Format0 ,0.988,1,100.000,0.988
1781551011370759,normal,1782,37608,8,1,Format2 ,0.508,2,69.444,0.461
1781551011374053,normal,1785,28594,2,0,Format0 ,0.998,2,97.222,0.942
1781551011376923,normal,1788,96,2,1,Format1 ,0.511,1,77.778,0.495
1781551011380100,normal,1791,96,6,0,Format0 ,0.997,1,100.000,0.997
1781551011387479,normal,1798,96,1,0,Format0 ,0.997,1,100.000,0.997
1781551011423817,normal,1833,96,1,0,Format0 ,0.984,1,100.000,0.984
1781551011426065,normal,1835,96,2,0,Format0 ,0.996,1,100.000,0.996
1781551011433067,normal,1842,96,8,1,Format1 ,0.525,1,75.694,0.506
1781551011435093,normal,1844,96,3,0,Format0 ,0.995,1,100.000,0.995
1781551011452815,normal,1861,96,6,0,Format0 ,0.933,1,100.000,0.934
1781551011519761,normal,1926,96,8,1,Format1 ,0.510,1,72.917,0.494
1781551011540307,normal,1946,58592,8,1,Format2 ,0.533,2,67.361,0.431
1781551011668868,normal,2071,47785,6,1,Format2 ,0.518,2,72.917,0.432
1781551011672026,normal,2074,96,2,1,Format1 ,0.514,1,79.861,0.494
1781551011674101,normal,2076,96,8,1,Format1 ,0.539,1,73.611,0.509
1781551011676131,normal,2078,96,1,0,Format0 ,0.986,1,100.000,0.986
1781551011679175,normal,2081,325,6,1,Format2 ,0.514,2,71.528,0.404
1781551011684284,normal,2086,96,8,1,Format1 ,0.513,1,76.389,0.486
1781551011709813,normal,2111,33348,6,1,Format2 ,0.511,2,69.444,0.461
1781551011716942,normal,2118,96,1,0,Format0 ,0.990,1,100.000,0.990
1781551011745578,normal,2146,96,8,1,Format1 ,0.503,1,74.306,0.483
1781551011747605,normal,2148,96,1,0,Format0 ,0.990,1,100.000,0.990
1781551011750697,normal,2151,96,6,1,Format1 ,0.513,1,76.389,0.496
1781551011788474,normal,2188,96,1,0,Format0 ,1.002,1,100.000,1.002
1781551011822250,normal,2221,60215,6,1,Format2 ,0.514,2,75.694,0.462
1781551011827345,normal,2226,55898,8,1,Format2 ,0.520,2,73.611,0.464
1781551012139044,normal,2531,96,6,0,Format0 ,0.994,1,100.000,0.994
1781551012794758,normal,3173,96,1,0,Format0 ,0.973,1,100.000,0.973
1781551012803128,normal,3181,96,6,1,Format1 ,0.525,1,74.306,0.499
1781551012841460,normal,3218,96,1,0,Format0 ,0.984,1,100.000,0.984
1781551012843997,normal,3220,96,6,1,Format1 ,0.510,1,75.694,0.495
1781551012849927,normal,3226,43662,8,1,Format2 ,0.500,2,68.056,0.418
1781551012870580,normal,3246,96,8,1,Format1 ,0.522,1,77.778,0.504
1781551012872615,normal,3248,96,2,1,Format1 ,0.518,1,70.833,0.497
1781551012913786,normal,3288,96,2,1,Format1 ,0.508,1,73.611,0.489
1781551012934397,normal,3308,96,1,0,Format0 ,0.993,1,100.000,0.993
1781551012951032,normal,3324,16065,2,1,Format2 ,0.531,2,76.389,0.482
1781551012961537,normal,3334,21814,2,1,Format2 ,0.518,2,72.222,0.470
1781551012973886,normal,3346,96,8,1,Format1 ,0.505,1,79.861,0.495
1781551012975912,normal,3348,96,1,0,Format0 ,0.990,1,100.000,0.990
1781551013002717,normal,3374,14319,2,1,Format2 ,0.499,2,79.861,0.459
1781551013009899,normal,3381,96,6,1,Format1 ,0.515,1,75.000,0.496
1781551013065356,normal,3435,27891,2,1,Format2 ,0.513,2,75.000,0.470
1781551013068259,normal,3438,96,1,0,Format0 ,0.997,1,100.000,0.997
1781551013074404,normal,3444,47785,2,1,Format2 ,0.522,2,69.444,0.434
1781551013076445,normal,3446,325,8,1,Format2 ,0.517,2,69.444,0.408
1781551013078485,normal,3448,96,1,0,Format0 ,0.991,1,100.000,0.991
1781551013088754,normal,3458,96,1,0,Format0 ,1.008,1,100.000,1.008
1781551013091841,normal,3461,96,6,1,Format1 ,0.507,1,72.917,0.487
1781551013133035,normal,3501,44956,6,1,Format2 ,0.503,1,73.611,0.462
1781551013138151,normal,3506,51209,8,1,Format2 ,0.502,2,70.139,0.458
1781551013169002,normal,3536,96,8,1,Format1 ,0.514,1,75.000,0.494
1781551013200300,normal,3566,62626,8,1,Format2 ,0.511,2,69.444,0.411
1781551013237644,normal,3602,96,7,0,Format0 ,0.962,1,97.222,0.931
1781551013268524,normal,3632,96,7,0,Format0 ,0.984,1,100.000,0.984
1781551013274683,normal,3638,96,1,0,Format0 ,0.988,1,100.000,0.988
1781551013287964,normal,3651,96,6,1,Format1 ,0.518,1,74.306,0.499
1781551013340933,normal,3703,96,1,0,Format0 ,0.898,1,100.000,0.898
1781551014265666,normal,4608,96,1,0,Format0 ,1.005,1,100.000,1.005
1781551014284110,normal,4626,96,8,0,Format0 ,0.912,1,100.000,0.913
1781551014343727,normal,4684,96,2,1,Format1 ,0.527,1,79.861,0.505
1781551014345777,normal,4686,38230,8,1,Format2 ,0.517,2,73.611,0.432
1781551014414398,normal,4753,96,1,0,Format0 ,0.990,1,100.000,0.990
1781551014427715,normal,4766,96,8,1,Format1 ,0.511,1,76.389,0.495
1781551014453269,normal,4791,96,6,1,Format1 ,0.512,1,75.000,0.497
1781551014778337,normal,5109,96,6,1,Format1 ,0.510,1,79.167,0.500
1781551014816141,normal,5146,2,0,3,Format1A,0.637,1,75.521,0.489
1781551014878082,normal,5206,106,0,1,Format1A,0.511,1,73.611,0.489
1781551014880146,normal,5208,96,1,0,Format0 ,1.008,1,100.000,1.008
1781551014898690,normal,5226,97,9,0,Format0 ,0.985,1,100.000,0.985
1781551014975215,normal,5236,106,0,1,Format1 ,0.513,1,77.778,0.496
1781551014990269,normal,5251,63415,4,1,Format2 ,0.515,2,64.583,0.398
1781551015068457,normal,5326,97,9,0,Format0 ,0.992,1,100.000,0.992
1781551015212607,normal,5466,47634,4,1,Format2 ,0.509,2,70.833,0.381
1781551015293565,normal,5545,28594,2,0,Format0 ,0.990,2,97.222,0.933
1781551015299519,normal,5551,107,4,1,Format1 ,0.509,1,75.000,0.492
1781551015337362,normal,5588,96,1,0,Format0 ,0.997,1,100.000,0.997
1781551015968642,normal,6206,107,4,1,Format1 ,0.519,1,77.083,0.502
1781551015988974,normal,6226,107,4,1,Format1 ,0.513,1,75.694,0.497
1781551016013812,normal,6250,41698,4,1,Format2 ,0.510,2,69.444,0.436
1781551018091872,normal,8268,96,1,0,Format0 ,0.991,1,100.000,0.991
1781551018494585,normal,8660,97,3,0,Format0 ,0.992,1,100.000,0.992
1781551018500243,normal,8666,97,9,0,Format0 ,1.007,1,100.000,1.007
1781551018503374,normal,8669,17389,0,1,Format2 ,0.513,2,70.833,0.388
1781551018515685,normal,8681,97,4,1,Format1 ,0.513,1,73.611,0.493
1781551018520805,normal,8686,97,9,0,Format0 ,0.996,1,100.000,0.996
1781551018523882,normal,8689,97,0,1,Format1 ,0.516,1,77.083,0.498
1781551018525973,normal,8691,952,4,1,Format2 ,0.521,2,72.222,0.475
1781551018536245,normal,8701,25099,4,1,Format2 ,0.507,2,76.389,0.467
1781551018541444,normal,8706,97,9,0,Format0 ,0.993,1,100.000,0.993
1781551018544496,normal,8709,97,0,1,Format1 ,0.508,1,77.778,0.495
1781551018546528,normal,8711,97,4,1,Format1 ,0.510,1,72.917,0.495
1781551018556763,normal,8721,54547,4,2,Format1C,0.375,1,63.542,0.182
1781551018561924,normal,8726,97,9,0,Format0 ,0.995,1,100.000,0.995
1781551018565051,normal,8729,97,0,1,Format1 ,0.518,1,69.444,0.498
1781551018567075,normal,8731,27539,4,1,Format2 ,0.509,2,75.000,0.482
1781551018579485,normal,8743,97,3,0,Format0 ,0.986,1,100.000,0.986
1781551018582612,normal,8746,97,9,0,Format0 ,0.999,1,100.000,0.999
1781551018585712,normal,8749,13082,0,1,Format2 ,0.512,2,70.833,0.414
1781551018587785,normal,8751,5474,4,1,Format2 ,0.509,2,79.167,0.457
1781551018589822,normal,8753,97,3,0,Format0 ,0.990,1,100.000,0.990
1781551018598022,normal,8761,25099,4,1,Format2 ,0.509,2,77.083,0.471
1781551018603131,normal,8766,97,9,0,Format0 ,0.996,1,100.000,0.996
1781551018606199,normal,8769,27539,0,1,Format2 ,0.511,2,73.611,0.480
1781551018644178,normal,8806,97,9,0,Format0 ,0.995,1,100.000,0.995
1781551020043814,normal,10108,96,1,0,Format0 ,0.995,1,100.000,0.995
1781551020094967,normal,10158,96,1,0,Format0 ,1.008,1,100.000,1.008
1781551391052612,normal,6324,55640,0,2,Format1A,0.357,1,63.194,0.291
1781551393766359,normal,9901,103,2,1,Format1A,0.509,1,73.611,0.496
1781551393768357,normal,9903,97,3,0,Format0 ,1.006,1,100.000,1.006
1781551393771403,normal,9906,97,9,0,Format0 ,0.991,1,100.000,0.991
1781551393774465,normal,9909,25099,0,1,Format2 ,0.512,2,75.000,0.468
1781551393789997,normal,9924,97,9,0,Format0 ,0.996,1,100.000,0.996
1781551393792051,normal,9926,97,9,0,Format0 ,1.007,1,100.000,1.007
1781551393795117,normal,9929,49883,4,1,Format2 ,0.513,2,74.306,0.474
1781551393800233,normal,9934,97,9,0,Format0 ,1.002,1,100.000,1.002
1781551393802288,normal,9936,97,9,0,Format0 ,0.992,1,100.000,0.992
1781551393807420,normal,9941,97,4,1,Format1 ,0.514,1,73.611,0.496
1781551393809536,normal,9943,97,3,0,Format0 ,1.000,1,100.000,1.000
1781551393812566,normal,9946,97,9,0,Format0 ,1.008,1,100.000,1.008
1781551393814617,normal,9948,97,7,0,Format0 ,0.962,1,100.000,0.962
1781551393817122,normal,9950,97,3,0,Format0 ,0.927,1,98.611,0.920
1781551393823930,normal,9957,97,9,0,Format0 ,0.991,1,100.000,0.991
1781551393833171,normal,9966,97,9,0,Format0 ,1.003,1,100.000,1.003
1781551393848620,normal,9981,97,4,1,Format1 ,0.510,1,75.694,0.500
1781551393853717,normal,9986,97,9,0,Format0 ,0.992,1,100.000,0.992
1781551393877268,normal,10009,97,0,1,Format1 ,0.511,1,75.694,0.495
1781551393879302,normal,10011,97,4,1,Format1 ,0.518,1,72.917,0.501
1781551393894711,normal,10026,97,9,0,Format0 ,0.993,1,100.000,0.993
1781551393899984,normal,10031,17389,4,1,Format2 ,0.514,2,72.222,0.393
1781551393907093,normal,10038,25697,6,1,Format2 ,0.513,2,70.833,0.389
1781551393910173,normal,10041,27539,4,1,Format2 ,0.514,2,72.222,0.482
1781551393920537,normal,10051,97,4,1,Format1 ,0.572,1,77.778,0.485
1781551393923621,normal,10054,97,0,1,Format1 ,0.508,1,75.000,0.494
1781551393925696,normal,10056,97,9,0,Format0 ,0.989,1,100.000,0.989
1781551393933980,normal,10064,97,9,0,Format0 ,0.997,1,100.000,0.997
1781551393936020,normal,10066,97,9,0,Format0 ,0.986,1,100.000,0.986
1781551393937042,normal,10067,97,9,0,Format0 ,1.004,1,100.000,1.004
1781551393941277,normal,10071,43517,4,2,Format2 ,0.515,2,71.875,0.348
1781551394613060,normal,486,2,0,3,Format1A,0.515,1,76.042,0.498
1781551394626329,normal,499,6007,2,1,Format0 ,1.000,2,81.944,0.649
1781551394651844,normal,524,104,0,3,Format1A,1.001,1,100.000,1.001
1781551394672381,normal,544,104,0,3,Format1 ,0.999,1,100.000,0.999
1781551394946355,normal,812,104,9,0,Format0 ,0.998,1,100.000,0.998
1781551396547528,normal,2372,104,9,0,Format0 ,0.949,1,98.611,0.949
1781551404126736,normal,9610,96,7,0,Format0 ,0.992,1,100.000,0.992
1781551404204543,normal,9686,18248,8,1,Format2 ,0.527,2,66.667,0.379
1781551404327559,normal,9805,12129,2,1,Format0 ,0.982,2,83.333,0.656
1781551404616787,normal,10086,97,9,0,Format0 ,0.990,1,100.000,0.990
1781551404619819,normal,10089,97,4,1,Format1 ,0.508,1,71.528,0.490
1781551404619819,normal,10089,43123,2,0,Format0 ,0.988,2,97.222,0.929
1781551404627967,normal,10097,97,9,0,Format0 ,0.999,1,100.000,0.999
1781551404631405,normal,10100,97,3,0,Format0 ,0.995,1,100.000,0.995
1781551404637227,normal,10106,97,9,0,Format0 ,1.009,1,100.000,1.009
1781551404640256,normal,10109,2400,0,1,Format2 ,0.525,2,72.917,0.477
1781551404642282,normal,10111,97,4,1,Format1 ,0.514,1,76.389,0.492
1781551404652535,normal,10121,25099,4,1,Format2 ,0.528,2,75.694,0.479
1781551404657747,normal,10126,97,9,0,Format0 ,1.004,1,100.000,1.004
1781551404660819,normal,10129,97,0,1,Format1 ,0.526,1,77.083,0.502
1781551404670143,normal,10138,97,6,1,Format1 ,0.515,1,77.778,0.496
1781551404673148,normal,10141,13935,4,1,Format2 ,0.535,2,71.528,0.388
1781551404678283,normal,10146,97,9,0,Format0 ,1.007,1,100.000,1.007
1781551404681454,normal,10149,97,0,1,Format1 ,0.512,1,75.000,0.496
1781551404683505,normal,10151,25099,4,1,Format2 ,0.513,2,71.528,0.467
1781551404698905,normal,10166,97,9,0,Format0 ,0.995,1,100.000,0.995
1781551404702023,normal,10169,48239,0,1,Format2 ,0.517,2,71.528,0.416
1781551404705076,normal,10172,97,8,1,Format1 ,0.507,1,69.444,0.490
1781551404714280,normal,10181,10311,4,1,Format2 ,0.516,2,72.917,0.460
1781551404719376,normal,10186,97,9,0,Format0 ,0.995,1,100.000,0.995
1781551404722430,normal,10189,13935,0,1,Format2 ,0.508,2,72.222,0.387
1781551404724544,normal,10191,27539,4,1,Format2 ,0.518,2,70.833,0.486
1781551404734745,normal,10201,97,4,1,Format1 ,0.510,1,73.611,0.494
1781551404739900,normal,10206,97,9,0,Format0 ,0.985,1,100.000,0.985
1781551404760367,normal,10226,97,9,0,Format0 ,0.992,1,100.000,0.992
1781551405202060,normal,414,96,3,0,Format0 ,0.987,1,100.000,0.987
1781551405206166,normal,418,58759,2,1,Format2 ,0.513,2,71.528,0.420
1781551405214404,normal,426,96,8,1,Format1 ,0.573,1,79.167,0.475
1781551405216460,normal,428,96,1,0,Format0 ,0.970,1,100.000,0.970
1781551405226793,normal,438,96,1,0,Format0 ,0.996,1,100.000,0.996
1781551405264933,normal,475,96,2,0,Format0 ,0.992,1,100.000,0.992
1781551405266835,normal,477,61378,0,2,Format1 ,0.517,1,65.972,0.290
1781551405268886,normal,479,96,6,0,Format0 ,0.985,1,100.000,0.985
1781551405270964,normal,481,96,6,0,Format0 ,0.993,1,100.000,0.994
1781551405273002,normal,483,96,1,0,Format0 ,1.005,1,100.000,1.005
1781551405275266,normal,485,23386,2,0,Format0 ,0.995,2,97.222,0.942
1781551405278165,normal,488,96,2,1,Format1 ,0.526,1,73.611,0.497
1781551405280718,normal,490,96,7,0,Format0 ,0.990,1,100.000,0.990
1781551405282289,normal,492,96,8,1,Format1 ,0.513,1,70.833,0.488
1781551405288407,normal,498,96,2,1,Format1 ,0.511,1,72.917,0.491
1781551405291498,normal,501,96,6,1,Format1 ,0.518,1,70.833,0.497
1781551405296692,normal,506,59429,8,1,Format2 ,0.513,2,70.833,0.423
1781551405298721,normal,508,96,1,0,Format0 ,0.992,1,100.000,0.992
1781551405317494,normal,526,96,9,0,Format0 ,1.003,1,100.000,1.003
1781551405319531,normal,528,30888,0,3,Format1 ,0.330,1,60.243,0.135
1781551405329977,normal,538,96,2,0,Format0 ,0.928,1,91.667,0.871
1781551405336134,normal,544,96,2,1,Format1 ,0.479,1,79.167,0.467
1781551405338215,normal,546,23881,8,1,Format2 ,0.507,2,69.444,0.387
1781551405343308,normal,551,96,6,0,Format0 ,0.991,1,100.000,0.991
1781551405345439,normal,553,96,1,0,Format0 ,0.998,1,100.000,0.998
1781551405349540,normal,557,49744,0,3,Format1C,0.359,1,57.986,0.121
1781551405353728,normal,561,96,6,0,Format0 ,0.999,1,100.000,0.999
1781551405355758,normal,563,96,1,0,Format0 ,0.987,1,100.000,0.987
1781551405358884,normal,566,96,9,0,Format0 ,0.960,1,100.000,0.960
1781551405361970,normal,569,50886,6,1,Format2 ,0.500,2,72.917,0.457
1781551405364014,normal,571,96,6,1,Format1 ,0.513,1,74.306,0.498
1781551405384521,normal,591,56915,6,1,Format2 ,0.517,2,77.778,0.473
1781551405406153,normal,612,96,7,0,Format0 ,1.005,1,100.000,1.005
1781551405407180,normal,613,96,1,0,Format0 ,0.989,1,100.000,0.989
1781551405419704,normal,625,50785,2,0,Format0 ,0.984,2,97.222,0.932
1781551405419704,normal,625,20580,3,0,Format0 ,0.979,1,81.944,0.642
1781551405443241,normal,648,96,2,1,Format1 ,0.523,1,73.611,0.488
1781551405445749,normal,650,27891,6,1,Format2 ,0.520,2,72.222,0.477
1781551405447375,normal,652,96,7,0,Format0 ,0.998,1,100.000,0.998
1781551405453554,normal,658,96,1,0,Format0 ,0.997,1,100.000,0.997
1781551405455989,normal,660,96,6,1,Format1 ,0.509,1,72.917,0.493
1781551405461774,normal,666,96,9,0,Format0 ,0.997,1,100.000,0.997
1781551405487422,normal,691,96,6,0,Format0 ,0.955,1,100.000,0.956
1781551405624828,normal,824,96,2,1,Format1 ,0.519,1,74.306,0.500
1781551405657850,normal,856,96,8,1,Format1 ,0.509,1,78.472,0.496
1781551405659812,normal,858,96,1,0,Format0 ,0.987,1,100.000,0.987
1781551405684510,normal,882,96,7,0,Format0 ,0.896,1,97.222,0.894
1781551405709353,normal,906,96,8,1,Format1 ,0.509,1,77.083,0.489
1781551405711303,normal,908,96,1,0,Format0 ,0.996,1,100.000,0.996
1781551405714392,normal,911,11984,6,1,Format2 ,0.495,2,69.444,0.427
1781551405762726,normal,958,96,1,0,Format0 ,1.000,1,100.000,1.000
1781551405776026,normal,971,96,6,1,Format1 ,0.517,1,78.472,0.504
1781551405915630,normal,1106,96,8,1,Format1 ,0.499,1,70.833,0.477
1781551405917686,normal,1108,96,1,0,Format0 ,0.994,1,100.000,0.994
1781551405920833,normal,1111,96,6,1,Format1 ,0.510,1,71.528,0.487
1781551405922877,normal,1113,96,1,0,Format0 ,0.935,1,100.000,0.936
1781551406140297,normal,1323,96,1,0,Format0 ,0.937,1,100.000,0.937
1781551406432081,normal,1605,23386,2,0,Format0 ,0.992,2,97.222,0.936
1781551406452843,normal,1625,28594,2,0,Format0 ,0.989,2,97.222,0.933
1781551406473461,normal,1645,12129,2,1,Format0 ,0.988,2,83.333,0.657
1781551406514338,normal,1685,55259,2,1,Format0 ,0.940,2,79.167,0.556
1781551406785892,normal,1884,96,2,1,Format1 ,0.464,1,71.528,0.444
1781551406807645,normal,1905,20580,3,0,Format0 ,0.993,1,81.944,0.692
1781551406897914,normal,1993,16355,0,2,Format1 ,0.387,1,62.847,0.242
1781551406939387,normal,2033,96,1,0,Format0 ,1.023,1,100.000,1.023
1781551406952883,normal,2046,96,9,0,Format0 ,0.993,1,100.000,0.993
1781551406954942,normal,2048,96,1,0,Format0 ,0.990,1,100.000,0.990
1781551406973494,normal,2066,96,8,1,Format1 ,0.583,1,74.306,0.474
1781551406975541,normal,2068,96,1,0,Format0 ,0.977,1,100.000,0.977
1781551406978606,normal,2071,96,6,1,Format1 ,0.518,1,77.778,0.506
1781551406994067,normal,2086,96,8,1,Format1 ,0.507,1,70.833,0.482
1781551407000219,normal,2092,96,7,0,Format0 ,0.971,1,100.000,0.971
1781551407008941,normal,2100,96,7,0,Format0 ,0.986,1,100.000,0.986
1781551407014563,normal,2106,18412,8,1,Format2 ,0.513,2,72.222,0.458
1781551407021744,normal,2113,96,1,0,Format0 ,0.991,1,100.000,0.991
1781551407026842,normal,2118,96,1,0,Format0 ,0.999,1,100.000,0.999
1781551407035081,normal,2126,96,8,1,Format1 ,0.519,1,73.611,0.503
1781551407052630,normal,2143,96,1,0,Format0 ,0.972,1,100.000,0.972
1781551407102159,normal,2191,96,6,0,Format0 ,0.998,1,100.000,0.998
1781551407104210,normal,2193,96,1,0,Format0 ,0.979,1,100.000,0.979
1781551407112450,normal,2201,96,6,1,Format1 ,0.524,1,77.083,0.503
1781551407148337,normal,2236,43597,8,1,Format2 ,0.505,2,75.694,0.460
1781551407158610,normal,2246,13279,8,1,Format2 ,0.462,2,70.833,0.412
1781551407163112,normal,2250,96,7,0,Format0 ,0.999,1,100.000,0.999
1781551407173340,normal,2260,96,6,1,Format1 ,0.509,1,81.250,0.498
1781551407177014,normal,2264,749,2,1,Format2 ,0.506,2,76.389,0.410
1781551407181147,normal,2268,44773,2,1,Format2 ,0.506,2,72.917,0.411
1781551407183658,normal,2270,96,6,0,Format0 ,0.932,1,100.000,0.932
1781551407186287,normal,2273,96,1,0,Format0 ,0.919,1,100.000,0.919
1781551407191455,normal,2278,96,1,0,Format0 ,0.853,1,93.056,0.791
1781551407196093,normal,2282,96,7,0,Format0 ,1.051,1,91.667,0.951
1781551407202962,normal,2289,96,6,1,Format1 ,0.499,1,68.750,0.427
1781551407205096,normal,2291,96,6,0,Format0 ,1.005,1,100.000,1.005
1781551407215413,normal,2301,96,6,1,Format1 ,0.588,1,72.222,0.500
1781551407217536,normal,2303,96,1,0,Format0 ,0.977,1,100.000,0.977
1781551407278245,normal,2362,96,7,0,Format0 ,0.993,1,100.000,0.993
1781551407282299,normal,2366,96,9,0,Format0 ,0.995,1,100.000,0.995
1781551407294717,normal,2378,96,1,0,Format0 ,0.992,1,100.000,0.992
1781551407395577,normal,2476,96,8,1,Format1 ,0.603,1,72.917,0.496
1781551407397617,normal,2478,96,1,0,Format0 ,1.002,1,100.000,1.002
1781551407438643,normal,2518,96,1,0,Format0 ,0.960,1,100.000,0.960
1781551407446084,normal,2525,12129,2,1,Format0 ,0.938,2,83.333,0.625
1781551407447970,normal,2527,96,0,1,Format1 ,0.506,1,75.694,0.484
1781551407450170,normal,2529,96,6,1,Format1 ,0.519,1,77.083,0.505
1781551407467479,normal,2546,96,8,0,Format0 ,0.999,1,95.833,0.963
1781551407473690,normal,2552,96,7,0,Format0 ,0.958,1,100.000,0.958
1781551407476984,normal,2555,96,2,1,Format1 ,0.531,1,74.306,0.463
1781551407478848,normal,2557,96,0,1,Format1 ,0.526,1,75.694,0.503
1781551407488166,normal,2566,96,8,1,Format1 ,0.516,1,74.306,0.499
1781551407490155,normal,2568,96,2,1,Format1 ,0.522,1,73.611,0.499
1781551407492539,normal,2570,96,6,1,Format1 ,0.517,1,78.472,0.502
1781551407519947,normal,2597,96,0,1,Format1 ,0.557,1,75.000,0.452
1781551407572597,normal,2648,36457,2,1,Format2 ,0.519,2,77.083,0.473
1781551407589083,normal,2664,96,3,0,Format0 ,1.006,1,95.833,0.993
1781551407605892,normal,2680,96,7,0,Format0 ,1.051,1,100.000,1.051
1781551407611757,normal,2686,96,8,1,Format1 ,0.508,1,72.917,0.489
1781551407662902,normal,2736,96,8,1,Format1 ,0.531,1,72.917,0.505
1781551407664941,normal,2738,96,1,0,Format0 ,1.000,1,100.000,1.000
1781551407667379,normal,2740,96,6,1,Format1 ,0.505,1,71.528,0.488
1781551407675186,normal,2748,96,1,0,Format0 ,0.990,1,100.000,0.990
1781551407678262,normal,2751,18779,6,1,Format2 ,0.501,2,72.222,0.453
1781551407685446,normal,2758,96,1,0,Format0 ,0.985,1,100.000,0.985
1781551407688485,normal,2761,96,6,0,Format0 ,0.980,1,100.000,0.981
1781551407690520,normal,2763,96,1,0,Format0 ,0.993,1,100.000,0.993
1781551407692743,normal,2765,12129,2,1,Format0 ,0.959,2,83.333,0.645
1781551407698696,normal,2771,96,6,0,Format0 ,1.001,1,100.000,1.001
1781551407701783,normal,2774,9958,2,1,Format2 ,0.518,2,72.917,0.474
1781551407705898,normal,2778,96,1,0,Format0 ,0.972,1,100.000,0.972
1781551407709997,normal,2782,96,7,0,Format0 ,0.951,1,98.611,0.948
1781551407714061,normal,2786,96,8,1,Format1 ,0.516,1,78.472,0.501
1781551407717166,normal,2789,96,6,1,Format1 ,0.510,1,73.611,0.494
1781551407719292,normal,2791,26935,6,1,Format2 ,0.492,2,74.306,0.452
1781551407724558,normal,2796,96,8,0,Format0 ,0.776,1,91.667,0.740
1781551407729661,normal,2801,96,6,0,Format0 ,0.966,1,100.000,0.966
1781551407737923,normal,2809,96,6,0,Format0 ,1.006,1,100.000,1.006
1781551407744237,normal,2815,96,2,1,Format1 ,0.514,1,79.167,0.500
1781551407746090,normal,2817,29875,0,1,Format2 ,0.518,2,77.778,0.478
1781551407760533,normal,2831,96,6,1,Format1 ,0.518,1,72.917,0.503
1781551407798680,normal,2868,96,1,0,Format0 ,0.989,1,100.000,0.989
1781551407809074,normal,2878,96,1,0,Format0 ,0.991,1,100.000,0.991
1781551407879287,normal,2946,4593,8,1,Format2 ,0.523,2,74.306,0.469
1781551407891655,normal,2958,96,1,0,Format0 ,1.000,1,100.000,1.000
1781551407899881,normal,2966,96,8,1,Format1 ,0.516,1,77.083,0.495
1781551407910153,normal,2976,96,9,0,Format0 ,1.053,1,94.444,1.031
1781551407932768,normal,2998,96,1,0,Format0 ,0.932,1,100.000,0.932
1781551407935818,normal,3001,96,6,1,Format1 ,0.473,1,75.000,0.451
1781551407936847,normal,3002,96,7,0,Format0 ,0.940,1,100.000,0.940
1781551407940176,normal,3005,18455,2,0,Format0 ,0.908,2,94.444,0.876
1781551407952402,normal,3017,96,0,1,Format1 ,0.622,1,72.917,0.534
1781551407958669,normal,3023,26040,0,2,Format1C,0.390,1,59.028,0.182
1781551407967882,normal,3031,96,6,0,Format0 ,0.918,1,100.000,0.918
1781551407970045,normal,3034,96,3,0,Format0 ,0.983,1,100.000,0.983
1781551408044057,normal,3106,96,8,0,Format0 ,0.943,1,94.444,0.875
1781551408063652,normal,3125,23386,2,0,Format0 ,0.920,2,97.222,0.865
1781551408229689,normal,3285,23386,2,0,Format0 ,0.978,2,97.222,0.922
1781551408845888,normal,3884,96,2,1,Format1 ,0.529,1,74.306,0.496
1781551411008846,normal,5986,96,8,1,Format1 ,0.512,1,72.917,0.491
1781551411115254,normal,6089,43123,2,0,Format0 ,0.997,2,97.222,0.943
1781551411134996,normal,6108,96,1,0,Format0 ,0.988,1,100.000,0.988
1781551411153580,normal,6126,50939,8,1,Format2 ,0.515,2,76.389,0.474
1781551411263237,normal,6231,9056,6,1,Format2 ,0.511,2,70.833,0.413
1781551413214200,normal,8045,12129,2,1,Format0 ,0.991,2,83.333,0.661
1781551413236163,normal,8066,11390,8,1,Format2 ,0.521,2,79.167,0.481
1781551413239141,normal,8069,38744,6,1,Format2 ,0.512,2,78.472,0.468
1781551413256776,normal,8086,40575,8,1,Format2 ,0.521,2,74.306,0.461
1781551413279703,normal,8108,25744,0,2,Format1A,0.480,1,64.931,0.286
1781551413287128,normal,8115,96,2,0,Format0 ,0.987,1,100.000,0.987
1781551413294237,normal,8122,96,7,0,Format0 ,0.997,1,100.000,0.998
1781551413298407,normal,8126,5093,8,1,Format2 ,0.512,2,75.694,0.467
1781551413334868,normal,8161,5093,6,1,Format2 ,0.511,2,71.528,0.465
1781551413386977,normal,8211,96,6,1,Format1 ,0.513,1,74.306,0.493
1781551413404482,normal,8228,96,1,0,Format0 ,1.008,1,100.000,1.008
1781551414083170,normal,8886,2,0,3,Format1A,0.521,1,75.347,0.501
1781551414164402,normal,8965,23386,2,0,Format0 ,0.995,2,97.222,0.941
1781551414206477,normal,9006,105,9,0,Format0 ,0.967,1,100.000,0.967
1781551414432691,normal,9226,96,8,1,Format1 ,0.512,1,73.611,0.490
1781551414906394,normal,9686,97,9,0,Format0 ,0.982,1,100.000,0.982
1781551414909459,normal,9689,5322,0,1,Format2 ,0.516,2,72.917,0.430
1781551414912512,normal,9692,97,8,1,Format1 ,0.508,1,72.917,0.491
1781551414923743,normal,9703,97,3,0,Format0 ,0.984,1,100.000,0.984
1781551414926788,normal,9706,97,9,0,Format0 ,0.986,1,100.000,0.986
1781551414929872,normal,9709,97,0,1,Format1 ,0.514,1,73.611,0.493
1781551414931907,normal,9711,97,4,1,Format1 ,0.509,1,77.778,0.491
1781551414937102,normal,9716,97,9,0,Format0 ,0.989,1,100.000,0.989
1781551414940208,normal,9719,97,0,1,Format1 ,0.517,1,72.222,0.495
1781551414942393,normal,9721,38213,4,1,Format2 ,0.518,2,71.528,0.401
1781551414947471,normal,9726,97,9,0,Format0 ,0.979,1,100.000,0.979
1781551414950593,normal,9729,97,0,1,Format1 ,0.534,1,79.167,0.512
1781551414968097,normal,9746,97,9,0,Format0 ,0.968,1,98.611,0.968
1781551414971344,normal,9749,97,0,2,Format1 ,0.304,1,66.319,0.258
1781551414973323,normal,9751,97,4,1,Format1 ,0.522,1,73.611,0.493
1781551414979509,normal,9757,97,9,0,Format0 ,0.997,1,100.000,0.997
1781551414983616,normal,9761,97,4,1,Format1 ,0.516,1,72.222,0.501
1781551414988886,normal,9766,97,9,0,Format0 ,0.992,1,100.000,0.992
1781551414991925,normal,9769,97,4,1,Format1 ,0.509,1,79.167,0.496
1781551414991925,normal,9769,43123,2,0,Format0 ,0.994,2,97.222,0.943
1781551414993975,normal,9771,97,4,1,Format1 ,0.507,1,78.472,0.495
1781551415004372,normal,9781,9864,4,1,Format2 ,0.517,2,76.389,0.472
1781551415009562,normal,9786,97,9,0,Format0 ,0.991,1,100.000,0.991
1781551415012655,normal,9789,97,0,1,Format1 ,0.519,1,79.861,0.509
1781551415014708,normal,9791,97,4,1,Format1 ,0.529,1,69.444,0.506
1781551415025095,normal,9801,97,4,1,Format1 ,0.511,1,76.389,0.495
1781551415030178,normal,9806,97,9,0,Format0 ,1.002,1,100.000,1.002
1781551415033253,normal,9809,97,0,1,Format1 ,0.516,1,71.528,0.498
1781551415035314,normal,9811,97,4,1,Format1 ,0.522,1,72.917,0.499
1781551415050747,normal,9826,97,9,0,Format0 ,0.988,1,100.000,0.988
1781551416414183,normal,908,96,1,0,Format0 ,1.003,1,100.000,1.003
1781551417572967,normal,1966,97,9,0,Format0 ,1.009,1,100.000,1.009
1781551417613189,normal,2005,55259,2,1,Format0 ,0.970,2,79.167,0.589
1781551417655138,normal,2046,97,9,0,Format0 ,0.990,1,100.000,0.990
1781551421723377,normal,5928,96,1,0,Format0 ,1.002,1,100.000,1.002
1781551425207247,normal,9316,97,9,0,Format0 ,0.980,1,100.000,0.980
1781551425212353,normal,9321,97,4,1,Format1 ,0.505,1,72.917,0.488
1781551425217619,normal,9326,97,9,0,Format0 ,0.998,1,100.000,0.998
1781551425220628,normal,9329,97,0,1,Format1 ,0.524,1,76.389,0.508
1781551425227887,normal,9336,97,9,0,Format0 ,0.916,1,98.611,0.907
1781551425236131,normal,9344,97,9,0,Format0 ,1.007,1,100.000,1.007
1781551425238166,normal,9346,97,9,0,Format0 ,0.990,1,100.000,0.990
1781551425241315,normal,9349,18302,0,1,Format2 ,0.519,2,74.306,0.475
1781551425243327,normal,9351,7613,4,1,Format2 ,0.512,2,81.944,0.474
1781551425249531,normal,9357,97,9,0,Format0 ,0.993,1,100.000,0.993
1781551425258851,normal,9366,97,9,0,Format0 ,0.983,1,100.000,0.983
1781551425261925,normal,9369,47004,0,1,Format2 ,0.513,2,74.306,0.416
1781551425263977,normal,9371,45788,4,1,Format2 ,0.514,2,77.778,0.471
1781551425274268,normal,9381,15030,4,1,Format2 ,0.509,2,68.750,0.364
1781551425279486,normal,9386,97,9,0,Format0 ,0.995,1,100.000,0.995
1781551425282524,normal,9389,97,0,1,Format1 ,0.513,1,79.861,0.498
1781551425284564,normal,9391,97,4,1,Format1 ,0.509,1,75.000,0.490
1781551425296066,normal,9402,52851,8,1,Format2 ,0.514,2,71.528,0.408
1781551425300327,normal,9406,97,9,0,Format0 ,0.978,1,100.000,0.978
1781551425315924,normal,9421,97,4,1,Format1 ,0.515,1,74.306,0.495
1781551425321215,normal,9426,97,9,0,Format0 ,0.994,1,100.000,0.994
1781551425324238,normal,9429,97,0,1,Format1 ,0.507,1,75.694,0.490
1781551425326297,normal,9431,97,4,1,Format1 ,0.514,1,75.000,0.496
1781551425332503,normal,9437,97,9,0,Format0 ,0.913,1,98.611,0.904
1781551425335927,normal,9440,97,3,0,Format0 ,0.701,1,100.000,0.701
1781551425337780,normal,9442,97,8,1,Format1 ,0.577,1,74.306,0.468
1781551425341897,normal,9446,97,9,0,Format0 ,0.994,1,100.000,0.994
1781551425344973,normal,9449,43556,4,1,Format2 ,0.522,2,73.611,0.475
1781551425344973,normal,9449,43123,2,0,Format0 ,0.994,2,97.222,0.939
1781551425347020,normal,9451,6654,4,1,Format2 ,0.515,2,72.917,0.468
1781551425356718,normal,9460,97,3,0,Format0 ,0.952,1,100.000,0.952
1781551425358494,normal,9462,97,8,0,Format0 ,0.886,1,98.611,0.884
1781551425360488,normal,9464,97,9,0,Format0 ,0.993,1,100.000,0.993
1781551425362650,normal,9466,97,9,0,Format0 ,0.989,1,100.000,0.989
1781551425365806,normal,9469,15856,0,1,Format2 ,0.511,2,75.000,0.470
1781551425367820,normal,9471,45087,4,1,Format2 ,0.505,2,72.222,0.461
1781551425383354,normal,9486,97,9,0,Format0 ,0.996,1,100.000,0.996
1781551426752868,normal,500,23458,6,1,Format2 ,0.509,2,73.611,0.430
1781551426844817,normal,588,96,1,0,Format0 ,0.988,1,100.000,0.988
1781551426847928,normal,591,96,6,1,Format1 ,0.507,1,72.222,0.491
1781551426860449,normal,603,96,1,0,Format0 ,0.994,1,100.000,0.995
1781551429354343,normal,3006,96,8,1,Format1 ,0.511,1,75.694,0.489
1781551431421926,normal,5006,96,8,1,Format1 ,0.526,1,77.778,0.504
1781551435615344,normal,8999,97,0,1,Format1 ,0.518,1,69.444,0.488
1781551435617300,normal,9001,97,4,1,Format1 ,0.515,1,73.611,0.495
1781551435622438,normal,9006,97,9,0,Format0 ,0.986,1,100.000,0.986
1781551435625537,normal,9009,97,0,1,Format1 ,0.523,1,75.000,0.506
1781551435627549,normal,9011,97,4,2,Format1 ,0.304,1,63.542,0.252
1781551435643148,normal,9026,97,9,0,Format0 ,0.987,1,100.000,0.987
1781551435658524,normal,9041,25099,4,1,Format2 ,0.505,2,78.472,0.466
1781551435663729,normal,9046,97,9,0,Format0 ,1.004,1,100.000,1.004
1781551435666805,normal,9049,45087,0,1,Format2 ,0.514,2,70.833,0.470
1781551435668864,normal,9051,97,4,1,Format1 ,0.510,1,77.778,0.499
1781551435679132,normal,9061,97,4,1,Format1 ,0.516,1,75.000,0.500
1781551435684329,normal,9066,97,9,0,Format0 ,0.989,1,100.000,0.989
1781551435689569,normal,9071,7613,4,1,Format2 ,0.510,2,79.861,0.469
1781551435690606,normal,9072,97,8,1,Format1 ,0.507,1,70.833,0.481
1781551435702856,normal,9084,97,9,0,Format0 ,1.000,1,100.000,1.000
1781551435704935,normal,9086,97,9,0,Format0 ,0.984,1,100.000,0.984
1781551435707979,normal,9089,97,0,1,Format1 ,0.521,1,66.667,0.482
1781551435720404,normal,9101,3657,4,1,Format2 ,0.503,2,75.000,0.458
1781551435725598,normal,9106,97,9,0,Format0 ,0.999,1,100.000,0.999
1781551435728647,normal,9109,97,0,1,Format1 ,0.518,1,73.611,0.497
1781551435730693,normal,9111,97,4,1,Format1 ,0.513,1,73.611,0.485
1781551435735829,normal,9116,97,9,0,Format0 ,0.982,1,100.000,0.982
1781551435746020,normal,9126,97,9,0,Format0 ,0.994,1,100.000,0.994
1781551435749088,normal,9129,7884,4,1,Format2 ,0.523,2,65.278,0.472
1781551435749088,normal,9129,43123,2,0,Format0 ,0.996,2,97.222,0.945
1781551435753236,normal,9133,97,3,0,Format0 ,0.995,1,100.000,0.995
1781551435766648,normal,9146,97,9,0,Format0 ,0.999,1,100.000,0.999
1781551435807874,normal,9186,97,9,0,Format0 ,0.992,1,100.000,0.992
1781551438680568,normal,1738,96,2,1,Format1 ,0.514,1,73.611,0.494
1781551438688822,normal,1746,96,9,0,Format0 ,1.001,1,100.000,1.001
1781551438713888,normal,1770,96,7,0,Format0 ,0.996,1,100.000,0.996
1781551438724402,normal,1780,96,7,0,Format0 ,0.988,1,100.000,0.988
1781551438726961,normal,1783,96,1,0,Format0 ,0.987,1,100.000,0.987
1781551438729183,normal,1785,28594,2,0,Format0 ,0.998,2,97.222,0.942
1781551438735207,normal,1791,96,6,0,Format0 ,0.997,1,100.000,0.997
1781551438779639,normal,1834,96,3,0,Format0 ,0.985,1,100.000,0.985
1781551438787875,normal,1842,96,8,1,Format1 ,0.525,1,75.694,0.506
1781551438789923,normal,1844,96,3,0,Format0 ,0.995,1,100.000,0.995
1781551438791983,normal,1846,96,9,0,Format0 ,0.994,1,100.000,0.994
1781551438807349,normal,1861,96,6,0,Format0 ,0.933,1,100.000,0.934
1781551438874123,normal,1926,96,8,1,Format1 ,0.510,1,72.917,0.494
1781551438894573,normal,1946,58592,8,1,Format2 ,0.533,2,67.361,0.431
1781551439022430,normal,2071,47785,6,1,Format2 ,0.518,2,72.917,0.432
1781551439032687,normal,2081,325,6,1,Format2 ,0.514,2,71.528,0.404
1781551439037797,normal,2086,96,8,1,Format1 ,0.513,1,76.389,0.486
1781551439063360,normal,2111,33348,6,1,Format2 ,0.511,2,69.444,0.461
1781551439070552,normal,2118,96,1,0,Format0 ,0.990,1,100.000,0.990
1781551439099314,normal,2146,96,8,1,Format1 ,0.503,1,74.306,0.483
1781551439101326,normal,2148,96,1,0,Format0 ,0.990,1,100.000,0.990
1781551439104386,normal,2151,96,6,1,Format1 ,0.513,1,76.389,0.496
1781551439142095,normal,2188,96,1,0,Format0 ,1.002,1,100.000,1.002
1781551439175971,normal,2221,60215,6,1,Format2 ,0.514,2,75.694,0.462
1781551439181088,normal,2226,55898,8,1,Format2 ,0.520,2,73.611,0.464
1781551439494848,normal,2531,96,6,0,Format0 ,0.994,1,100.000,0.994
1781551440200740,normal,3218,96,1,0,Format0 ,0.984,1,100.000,0.984
1781551440209009,normal,3226,43662,8,1,Format2 ,0.500,2,68.056,0.418
1781551440229947,normal,3246,96,8,1,Format1 ,0.522,1,77.778,0.504
1781551440231990,normal,3248,96,2,1,Format1 ,0.518,1,70.833,0.497
1781551440273463,normal,3288,96,2,1,Format1 ,0.508,1,73.611,0.489
1781551440294117,normal,3308,96,1,0,Format0 ,0.993,1,100.000,0.993
1781551440333246,normal,3346,96,8,1,Format1 ,0.505,1,79.861,0.495
1781551440335250,normal,3348,96,1,0,Format0 ,0.990,1,100.000,0.990
1781551440369288,normal,3381,96,6,1,Format1 ,0.515,1,75.000,0.496
1781551440425411,normal,3435,27891,2,1,Format2 ,0.513,2,75.000,0.470
1781551440428364,normal,3438,96,1,0,Format0 ,0.997,1,100.000,0.997
1781551440431449,normal,3441,96,6,1,Format1 ,0.524,1,70.139,0.501
1781551440436558,normal,3446,325,8,1,Format2 ,0.517,2,69.444,0.408
1781551440438607,normal,3448,96,1,0,Format0 ,0.991,1,100.000,0.991
1781551440444880,normal,3454,96,2,1,Format1 ,0.524,1,77.083,0.507
1781551440446922,normal,3456,96,8,1,Format1 ,0.520,1,77.083,0.503
1781551440452068,normal,3461,96,6,1,Format1 ,0.507,1,72.917,0.487
1781551440492997,normal,3501,44956,6,1,Format2 ,0.503,1,73.611,0.462
1781551440498137,normal,3506,51209,8,1,Format2 ,0.502,2,70.139,0.458
1781551440529083,normal,3536,96,8,1,Format1 ,0.514,1,75.000,0.494
1781551440536272,normal,3543,96,1,0,Format0 ,1.008,1,100.000,1.008
1781551440559967,normal,3566,62626,8,1,Format2 ,0.511,2,69.444,0.411
1781551440582825,normal,3588,96,1,0,Format0 ,1.010,1,100.000,1.010
1781551440634537,normal,3638,96,1,0,Format0 ,0.988,1,100.000,0.988
1781551440647894,normal,3651,96,6,1,Format1 ,0.518,1,74.306,0.499
1781551440688323,normal,3690,96,7,0,Format0 ,0.987,1,100.000,0.987
1781551441708212,normal,4608,96,1,0,Format0 ,1.005,1,100.000,1.005
1781551441727143,normal,4626,96,8,0,Format0 ,0.912,1,100.000,0.913
1781551441791463,normal,4686,38230,8,1,Format2 ,0.517,2,73.611,0.432
1781551441875695,normal,4766,96,8,1,Format1 ,0.511,1,76.389,0.495
1781551442231784,normal,5109,96,6,1,Format1 ,0.510,1,79.167,0.500
1781551442270498,normal,5146,2,0,3,Format1A,0.637,1,75.521,0.489
1781551442280931,normal,5156,106,0,1,Format1 ,0.513,1,75.694,0.499
1781551442333049,normal,5206,106,0,1,Format1A,0.511,1,73.611,0.489
1781551442335093,normal,5208,96,1,0,Format0 ,1.008,1,100.000,1.008
1781551442354159,normal,5226,97,9,0,Format0 ,0.985,1,100.000,0.985
1781551442380231,normal,5251,63415,4,1,Format2 ,0.515,2,64.583,0.398
1781551442457878,normal,5326,97,9,0,Format0 ,0.992,1,100.000,0.992
1781551442589984,normal,5453,107,9,0,Format0 ,1.005,1,100.000,1.005
1781551442603499,normal,5466,47634,4,1,Format2 ,0.509,2,70.833,0.381
1781551442729390,normal,5588,96,1,0,Format0 ,0.997,1,100.000,0.997
1781551443369031,normal,6206,107,4,1,Format1 ,0.519,1,77.083,0.502
1781551443389815,normal,6226,107,4,1,Format1 ,0.513,1,75.694,0.497
1781551445495023,normal,8268,96,1,0,Format0 ,0.991,1,100.000,0.991
1781551445899740,normal,8660,97,3,0,Format0 ,0.992,1,100.000,0.992
1781551445905603,normal,8666,97,9,0,Format0 ,1.007,1,100.000,1.007
1781551445908684,normal,8669,17389,0,1,Format2 ,0.513,2,70.833,0.388
1781551445921093,normal,8681,97,4,1,Format1 ,0.513,1,73.611,0.493
1781551445923133,normal,8683,97,3,0,Format0 ,0.998,1,100.000,0.998
1781551445926195,normal,8686,97,9,0,Format0 ,0.996,1,100.000,0.996
1781551445929397,normal,8689,97,0,1,Format1 ,0.516,1,77.083,0.498
1781551445931460,normal,8691,952,4,1,Format2 ,0.521,2,72.222,0.475
1781551445941782,normal,8701,25099,4,1,Format2 ,0.507,2,76.389,0.467
1781551445946966,normal,8706,97,9,0,Format0 ,0.993,1,100.000,0.993
1781551445950077,normal,8709,97,0,1,Format1 ,0.508,1,77.778,0.495
1781551445952209,normal,8711,97,4,1,Format1 ,0.510,1,72.917,0.495
1781551445960451,normal,8719,97,0,1,Format1 ,0.515,1,76.389,0.490
1781551445962447,normal,8721,54547,4,2,Format1C,0.375,1,63.542,0.182
1781551445967585,normal,8726,97,9,0,Format0 ,0.995,1,100.000,0.995
1781551445970663,normal,8729,97,0,1,Format1 ,0.518,1,69.444,0.498
1781551445972697,normal,8731,27539,4,1,Format2 ,0.509,2,75.000,0.482
1781551445986024,normal,8744,97,9,0,Format0 ,0.995,1,100.000,0.995
1781551445988072,normal,8746,97,9,0,Format0 ,0.999,1,100.000,0.999
1781551445989116,normal,8747,97,9,0,Format0 ,0.997,1,100.000,0.997
1781551445991216,normal,8749,13082,0,1,Format2 ,0.512,2,70.833,0.414
1781551445993267,normal,8751,5474,4,1,Format2 ,0.509,2,79.167,0.457
1781551446008921,normal,8766,97,9,0,Format0 ,0.996,1,100.000,0.996
1781551446012026,normal,8769,27539,0,1,Format2 ,0.511,2,73.611,0.480
1781551446050054,normal,8806,97,9,0,Format0 ,0.995,1,100.000,0.995
1781551447457242,normal,10108,96,1,0,Format0 ,0.995,1,100.000,0.995
1781551447508490,normal,10158,96,1,0,Format0 ,1.008,1,100.000,1.008
1781551565996363,normal,6113,31544,16,1,Format1C,1.748,1,69.444,1.151
1781551566124105,normal,6233,31045,18,1,Format0 ,1.780,2,81.250,1.497
1781551566892094,normal,6812,37340,0,3,Format1C,0.708,1,57.812,0.195
1781551568979477,normal,9901,103,2,1,Format1A,0.509,1,73.611,0.496
1781551568981565,normal,9903,97,3,0,Format0 ,1.006,1,100.000,1.006
1781551568984625,normal,9906,97,9,0,Format0 ,0.991,1,100.000,0.991
1781551568987709,normal,9909,25099,0,1,Format2 ,0.512,2,75.000,0.468
1781551569004990,normal,9926,97,9,0,Format0 ,1.007,1,100.000,1.007
1781551569008045,normal,9929,49883,4,1,Format2 ,0.513,2,74.306,0.474
1781551569020323,normal,9941,97,4,1,Format1 ,0.514,1,73.611,0.496
1781551569025379,normal,9946,97,9,0,Format0 ,1.008,1,100.000,1.008
1781551569027402,normal,9948,97,7,0,Format0 ,0.962,1,100.000,0.962
1781551569031500,normal,9952,11360,8,1,Format2 ,0.500,2,71.528,0.408
1781551569036618,normal,9957,97,9,0,Format0 ,0.991,1,100.000,0.991
1781551569042700,normal,9963,97,3,0,Format0 ,0.995,1,100.000,0.995
1781551569045749,normal,9966,97,9,0,Format0 ,1.003,1,100.000,1.003
1781551569061055,normal,9981,97,4,1,Format1 ,0.510,1,75.694,0.500
1781551569066150,normal,9986,97,9,0,Format0 ,0.992,1,100.000,0.992
1781551569068143,normal,9988,97,7,0,Format0 ,0.997,1,100.000,0.997
1781551569081436,normal,10001,97,4,1,Format1 ,0.508,1,74.306,0.495
1781551569088517,normal,10008,97,7,0,Format0 ,1.008,1,100.000,1.008
1781551569091568,normal,10011,97,4,1,Format1 ,0.518,1,72.917,0.501
1781551569093601,normal,10013,97,3,0,Format0 ,1.002,1,100.000,1.002
1781551569096669,normal,10016,97,9,0,Format0 ,1.004,1,100.000,1.004
1781551569106877,normal,10026,97,9,0,Format0 ,0.993,1,100.000,0.993
1781551569111926,normal,10031,17389,4,1,Format2 ,0.514,2,72.222,0.393
1781551569119028,normal,10038,25697,6,1,Format2 ,0.513,2,70.833,0.389
1781551569122147,normal,10041,27539,4,1,Format2 ,0.514,2,72.222,0.482
1781551569129228,normal,10048,97,6,1,Format1 ,0.514,1,75.694,0.499
1781551569131599,normal,10050,97,3,0,Format0 ,0.989,1,100.000,0.989
1781551569133305,normal,10052,97,8,0,Format0 ,0.923,1,100.000,0.923
1781551569135350,normal,10054,97,0,1,Format1 ,0.508,1,75.000,0.494
1781551569137388,normal,10056,97,9,0,Format0 ,0.989,1,100.000,0.989
1781551569144501,normal,10063,97,3,0,Format0 ,0.985,1,100.000,0.985
1781551569147564,normal,10066,97,9,0,Format0 ,0.986,1,100.000,0.986
1781551569152648,normal,10071,43517,4,2,Format2 ,0.515,2,71.875,0.348
1781551569162834,normal,10081,97,4,1,Format1 ,0.515,1,76.389,0.496
1781551569883932,normal,486,2,0,3,Format1A,0.515,1,76.042,0.498
1781551569897199,normal,499,6007,2,1,Format0 ,1.000,2,81.944,0.649
1781551569922511,normal,524,104,0,3,Format1A,1.001,1,100.000,1.001
1781551569942874,normal,544,104,0,3,Format1 ,0.999,1,100.000,0.999
1781551571801206,normal,2372,104,9,0,Format0 ,0.949,1,98.611,0.949
1781551579312554,normal,9686,18248,8,1,Format2 ,0.527,2,66.667,0.379
1781551579433798,normal,9805,12129,2,1,Format0 ,0.982,2,83.333,0.656
1781551579757014,normal,10058,26623,6,1,Format2 ,0.515,2,67.361,0.444
1781551579776391,normal,10077,97,9,0,Format0 ,1.006,1,100.000,1.006
1781551579785539,normal,10086,97,9,0,Format0 ,0.990,1,100.000,0.990
1781551579788585,normal,10089,97,4,1,Format1 ,0.508,1,71.528,0.490
1781551579788585,normal,10089,43123,2,0,Format0 ,0.988,2,97.222,0.929
1781551579790690,normal,10091,97,4,1,Format1 ,0.512,1,77.083,0.498
1781551579800228,normal,10100,97,3,0,Format0 ,0.995,1,100.000,0.995
1781551579805917,normal,10106,97,9,0,Format0 ,1.009,1,100.000,1.009
1781551579808966,normal,10109,2400,0,1,Format2 ,0.525,2,72.917,0.477
1781551579811025,normal,10111,97,4,1,Format1 ,0.514,1,76.389,0.492
1781551579821249,normal,10121,25099,4,1,Format2 ,0.528,2,75.694,0.479
1781551579824303,normal,10124,97,9,0,Format0 ,0.993,1,100.000,0.993
1781551579826338,normal,10126,97,9,0,Format0 ,1.004,1,100.000,1.004
1781551579829438,normal,10129,97,0,1,Format1 ,0.526,1,77.083,0.502
1781551579841622,normal,10141,13935,4,1,Format2 ,0.535,2,71.528,0.388
1781551579846704,normal,10146,97,9,0,Format0 ,1.007,1,100.000,1.007
1781551579849857,normal,10149,97,0,1,Format1 ,0.512,1,75.000,0.496
1781551579851859,normal,10151,25099,4,1,Format2 ,0.513,2,71.528,0.467
1781551579859081,normal,10158,60258,6,1,Format2 ,0.510,2,74.306,0.468
1781551579861400,normal,10160,97,3,0,Format0 ,0.998,1,100.000,0.998
1781551579867275,normal,10166,97,9,0,Format0 ,0.995,1,100.000,0.995
1781551579875478,normal,10174,97,9,0,Format0 ,0.997,1,100.000,0.997
1781551579882611,normal,10181,10311,4,1,Format2 ,0.516,2,72.917,0.460
1781551579887700,normal,10186,97,9,0,Format0 ,0.995,1,100.000,0.995
1781551579890840,normal,10189,13935,0,1,Format2 ,0.508,2,72.222,0.387
1781551579892818,normal,10191,27539,4,1,Format2 ,0.518,2,70.833,0.486
1781551579903011,normal,10201,97,4,1,Format1 ,0.510,1,73.611,0.494
1781551579908300,normal,10206,97,9,0,Format0 ,0.985,1,100.000,0.985
1781551579928683,normal,10226,97,9,0,Format0 ,0.992,1,100.000,0.992
1781551580364963,normal,414,96,3,0,Format0 ,0.987,1,100.000,0.987
1781551580369006,normal,418,58759,2,1,Format2 ,0.513,2,71.528,0.420
1781551580377162,normal,426,96,8,1,Format1 ,0.573,1,79.167,0.475
1781551580379203,normal,428,96,1,0,Format0 ,0.970,1,100.000,0.970
1781551580427209,normal,475,96,2,0,Format0 ,0.992,1,100.000,0.992
1781551580433106,normal,481,96,6,0,Format0 ,0.993,1,100.000,0.994
1781551580435117,normal,483,96,1,0,Format0 ,1.005,1,100.000,1.005
1781551580437437,normal,485,23386,2,0,Format0 ,0.995,2,97.222,0.942
1781551580441264,normal,489,43123,2,0,Format0 ,0.995,2,97.222,0.941
1781551580443282,normal,491,96,6,0,Format0 ,0.992,1,100.000,0.992
1781551580445319,normal,493,96,1,0,Format0 ,0.993,1,100.000,0.993
1781551580450424,normal,498,96,2,1,Format1 ,0.511,1,72.917,0.491
1781551580453483,normal,501,96,6,1,Format1 ,0.518,1,70.833,0.497
1781551580458602,normal,506,59429,8,1,Format2 ,0.513,2,70.833,0.423
1781551580460646,normal,508,96,1,0,Format0 ,0.992,1,100.000,0.992
1781551580479053,normal,526,96,9,0,Format0 ,1.003,1,100.000,1.003
1781551580481097,normal,528,30888,0,3,Format1 ,0.330,1,60.243,0.135
1781551580486187,normal,533,96,1,0,Format0 ,0.995,1,100.000,0.995
1781551580491392,normal,538,96,2,0,Format0 ,0.928,1,91.667,0.871
1781551580496465,normal,543,96,1,0,Format0 ,1.004,1,100.000,1.004
1781551580499501,normal,546,23881,8,1,Format2 ,0.507,2,69.444,0.387
1781551580504658,normal,551,96,6,0,Format0 ,0.991,1,100.000,0.991
1781551580507757,normal,554,5093,2,1,Format2 ,0.510,2,72.917,0.461
1781551580510809,normal,557,49744,0,3,Format1C,0.359,1,57.986,0.121
1781551580514871,normal,561,96,6,0,Format0 ,0.999,1,100.000,0.999
1781551580520015,normal,566,96,9,0,Format0 ,0.960,1,100.000,0.960
1781551580525131,normal,571,96,6,1,Format1 ,0.513,1,74.306,0.498
1781551580545530,normal,591,56915,6,1,Format2 ,0.517,2,77.778,0.473
1781551580567013,normal,612,96,7,0,Format0 ,1.005,1,100.000,1.005
1781551580568042,normal,613,96,1,0,Format0 ,0.989,1,100.000,0.989
1781551580580530,normal,625,50785,2,0,Format0 ,0.984,2,97.222,0.932
1781551580580530,normal,625,20580,3,0,Format0 ,0.979,1,81.944,0.642
1781551580603805,normal,648,96,2,1,Format1 ,0.523,1,73.611,0.488
1781551580606151,normal,650,27891,6,1,Format2 ,0.520,2,72.222,0.477
1781551580606846,normal,651,96,6,0,Format0 ,0.981,1,100.000,0.981
1781551580614030,normal,658,96,1,0,Format0 ,0.997,1,100.000,0.997
1781551580616382,normal,660,96,6,1,Format1 ,0.509,1,72.917,0.493
1781551580620140,normal,664,96,2,1,Format1 ,0.518,1,75.694,0.499
1781551580622168,normal,666,96,9,0,Format0 ,0.997,1,100.000,0.997
1781551580647759,normal,691,96,6,0,Format0 ,0.955,1,100.000,0.956
1781551580815882,normal,856,96,8,1,Format1 ,0.509,1,78.472,0.496
1781551580866948,normal,906,96,8,1,Format1 ,0.509,1,77.083,0.489
1781551580868962,normal,908,96,1,0,Format0 ,0.996,1,100.000,0.996
1781551580872015,normal,911,11984,6,1,Format2 ,0.495,2,69.444,0.427
1781551580920009,normal,958,96,1,0,Format0 ,1.000,1,100.000,1.000
1781551580933231,normal,971,96,6,1,Format1 ,0.517,1,78.472,0.504
1781551581038087,normal,1074,96,2,0,Format0 ,0.964,1,95.833,0.933
1781551581070698,normal,1106,96,8,1,Format1 ,0.499,1,70.833,0.477
1781551581072721,normal,1108,96,1,0,Format0 ,0.994,1,100.000,0.994
1781551581075788,normal,1111,96,6,1,Format1 ,0.510,1,71.528,0.487
1781551581264068,normal,1294,96,2,0,Format0 ,0.947,1,91.667,0.908
1781551581420367,normal,1449,43123,2,0,Format0 ,0.971,2,97.222,0.919
1781551581579765,normal,1605,23386,2,0,Format0 ,0.992,2,97.222,0.936
1781551581600131,normal,1625,28594,2,0,Format0 ,0.989,2,97.222,0.933
1781551581620636,normal,1645,12129,2,1,Format0 ,0.988,2,83.333,0.657
1781551581661321,normal,1685,55259,2,1,Format0 ,0.940,2,79.167,0.556
1781551581864047,normal,1884,96,2,1,Format1 ,0.464,1,71.528,0.444
1781551581975102,normal,1993,16355,0,2,Format1 ,0.387,1,62.847,0.242
1781551582015800,normal,2033,96,1,0,Format0 ,1.023,1,100.000,1.023
1781551582029055,normal,2046,96,9,0,Format0 ,0.993,1,100.000,0.993
1781551582031091,normal,2048,96,1,0,Format0 ,0.990,1,100.000,0.990
1781551582049421,normal,2066,96,8,1,Format1 ,0.583,1,74.306,0.474
1781551582051433,normal,2068,96,1,0,Format0 ,0.977,1,100.000,0.977
1781551582054481,normal,2071,96,6,1,Format1 ,0.518,1,77.778,0.506
1781551582069746,normal,2086,96,8,1,Format1 ,0.507,1,70.833,0.482
1781551582084438,normal,2100,96,7,0,Format0 ,0.986,1,100.000,0.986
1781551582090121,normal,2106,18412,8,1,Format2 ,0.513,2,72.222,0.458
1781551582097245,normal,2113,96,1,0,Format0 ,0.991,1,100.000,0.991
1781551582102342,normal,2118,96,1,0,Format0 ,0.999,1,100.000,0.999
1781551582110523,normal,2126,96,8,1,Format1 ,0.519,1,73.611,0.503
1781551582127847,normal,2143,96,1,0,Format0 ,0.972,1,100.000,0.972
1781551582135347,normal,2150,96,7,0,Format0 ,1.003,1,100.000,1.003
1781551582176682,normal,2191,96,6,0,Format0 ,0.998,1,100.000,0.998
1781551582186851,normal,2201,96,6,1,Format1 ,0.524,1,77.083,0.503
1781551582222488,normal,2236,43597,8,1,Format2 ,0.505,2,75.694,0.460
1781551582228572,normal,2242,96,7,0,Format0 ,0.994,1,100.000,0.994
1781551582232642,normal,2246,13279,8,1,Format2 ,0.462,2,70.833,0.412
1781551582235694,normal,2249,43123,2,0,Format0 ,0.995,2,97.222,0.939
1781551582235694,normal,2249,15308,3,0,Format0 ,0.994,2,91.667,0.831
1781551582237709,normal,2251,56915,6,1,Format2 ,0.515,2,77.778,0.470
1781551582238726,normal,2252,96,7,0,Format0 ,1.003,1,100.000,1.003
1781551582240805,normal,2254,96,2,1,Format1 ,0.521,1,72.222,0.497
1781551582247240,normal,2260,96,6,1,Format1 ,0.509,1,81.250,0.498
1781551582250945,normal,2264,749,2,1,Format2 ,0.506,2,76.389,0.410
1781551582252131,normal,2265,28594,2,0,Format0 ,0.959,2,97.222,0.911
1781551582255029,normal,2268,44773,2,1,Format2 ,0.506,2,72.917,0.411
1781551582260135,normal,2273,96,1,0,Format0 ,0.919,1,100.000,0.919
1781551582262343,normal,2275,3668,0,3,Format2 ,0.314,2,59.028,0.175
1781551582265206,normal,2278,96,1,0,Format0 ,0.853,1,93.056,0.791
1781551582269933,normal,2282,96,7,0,Format0 ,1.051,1,91.667,0.951
1781551582276436,normal,2289,96,6,1,Format1 ,0.499,1,68.750,0.427
1781551582278465,normal,2291,96,6,0,Format0 ,1.005,1,100.000,1.005
1781551582288611,normal,2301,96,6,1,Format1 ,0.588,1,72.222,0.500
1781551582350690,normal,2362,96,7,0,Format0 ,0.993,1,100.000,0.993
1781551582354762,normal,2366,96,9,0,Format0 ,0.995,1,100.000,0.995
1781551582466696,normal,2476,96,8,1,Format1 ,0.603,1,72.917,0.496
1781551582509317,normal,2518,96,1,0,Format0 ,0.960,1,100.000,0.960
1781551582516609,normal,2525,12129,2,1,Format0 ,0.938,2,83.333,0.625
1781551582518462,normal,2527,96,0,1,Format1 ,0.506,1,75.694,0.484
1781551582537830,normal,2546,96,8,0,Format0 ,0.999,1,95.833,0.963
1781551582547142,normal,2555,96,2,1,Format1 ,0.531,1,74.306,0.463
1781551582549004,normal,2557,96,0,1,Format1 ,0.526,1,75.694,0.503
1781551582558166,normal,2566,96,8,1,Format1 ,0.516,1,74.306,0.499
1781551582560226,normal,2568,96,2,1,Format1 ,0.522,1,73.611,0.499
1781551582562611,normal,2570,96,6,1,Format1 ,0.517,1,78.472,0.502
1781551582589807,normal,2597,96,0,1,Format1 ,0.557,1,75.000,0.452
1781551582641703,normal,2648,36457,2,1,Format2 ,0.519,2,77.083,0.473
1781551582658019,normal,2664,96,3,0,Format0 ,1.006,1,95.833,0.993
1781551582675284,normal,2681,96,6,0,Format0 ,0.970,1,100.000,0.971
1781551582680352,normal,2686,96,8,1,Format1 ,0.508,1,72.917,0.489
1781551582733220,normal,2738,96,1,0,Format0 ,1.000,1,100.000,1.000
1781551582736257,normal,2741,96,6,1,Format1 ,0.621,1,76.389,0.535
1781551582743393,normal,2748,96,1,0,Format0 ,0.990,1,100.000,0.990
1781551582746434,normal,2751,18779,6,1,Format2 ,0.501,2,72.222,0.453
1781551582759708,normal,2764,96,3,0,Format0 ,0.998,1,100.000,0.998
1781551582761743,normal,2766,96,8,1,Format1 ,0.507,1,75.000,0.490
1781551582766810,normal,2771,96,6,0,Format0 ,1.001,1,100.000,1.001
1781551582769857,normal,2774,9958,2,1,Format2 ,0.518,2,72.917,0.474
1781551582773913,normal,2778,96,1,0,Format0 ,0.972,1,100.000,0.972
1781551582778009,normal,2782,96,7,0,Format0 ,0.951,1,98.611,0.948
1781551582780026,normal,2784,96,3,0,Format0 ,0.975,1,100.000,0.976
1781551582782052,normal,2786,96,8,1,Format1 ,0.516,1,78.472,0.501
1781551582785119,normal,2789,96,6,1,Format1 ,0.510,1,73.611,0.494
1781551582787143,normal,2791,26935,6,1,Format2 ,0.492,2,74.306,0.452
1781551582792253,normal,2796,96,8,0,Format0 ,0.776,1,91.667,0.740
1781551582797335,normal,2801,96,6,0,Format0 ,0.966,1,100.000,0.966
1781551582805508,normal,2809,96,6,0,Format0 ,1.006,1,100.000,1.006
1781551582811767,normal,2815,96,2,1,Format1 ,0.514,1,79.167,0.500
1781551582813607,normal,2817,29875,0,1,Format2 ,0.518,2,77.778,0.478
1781551582819701,normal,2823,96,1,0,Format0 ,0.993,1,100.000,0.993
1781551582827894,normal,2831,96,6,1,Format1 ,0.518,1,72.917,0.503
1781551582858455,normal,2861,96,6,1,Format1 ,0.503,1,75.694,0.488
1781551582866670,normal,2869,49694,6,1,Format2 ,0.512,2,74.306,0.468
1781551582875789,normal,2878,96,1,0,Format0 ,0.991,1,100.000,0.991
1781551582945010,normal,2946,4593,8,1,Format2 ,0.523,2,74.306,0.469
1781551582957193,normal,2958,96,1,0,Format0 ,1.000,1,100.000,1.000
1781551582965361,normal,2966,96,8,1,Format1 ,0.516,1,77.083,0.495
1781551582975518,normal,2976,96,9,0,Format0 ,1.053,1,94.444,1.031
1781551582997964,normal,2998,96,1,0,Format0 ,0.932,1,100.000,0.932
1781551583001014,normal,3001,96,6,1,Format1 ,0.473,1,75.000,0.451
1781551583006143,normal,3006,96,8,1,Format1 ,0.550,1,80.556,0.484
1781551583017375,normal,3017,96,0,1,Format1 ,0.622,1,72.917,0.534
1781551583023446,normal,3023,26040,0,2,Format1C,0.390,1,59.028,0.182
1781551583033637,normal,3033,96,1,0,Format0 ,1.004,1,100.000,1.004
1781551583035831,normal,3035,96,2,0,Format0 ,0.983,1,100.000,0.983
1781551583107872,normal,3106,96,8,0,Format0 ,0.943,1,94.444,0.875
1781551583127310,normal,3125,23386,2,0,Format0 ,0.920,2,97.222,0.865
1781551583289980,normal,3285,23386,2,0,Format0 ,0.978,2,97.222,0.922
1781551584038119,normal,4020,96,6,0,Format0 ,0.967,1,97.222,0.942
1781551586103565,normal,5986,96,8,1,Format1 ,0.512,1,72.917,0.491
1781551586209346,normal,6089,43123,2,0,Format0 ,0.997,2,97.222,0.943
1781551586228764,normal,6108,96,1,0,Format0 ,0.988,1,100.000,0.988
1781551586247466,normal,6126,50939,8,1,Format2 ,0.515,2,76.389,0.474
1781551586355437,normal,6231,9056,6,1,Format2 ,0.511,2,70.833,0.413
1781551588221370,normal,8045,12129,2,1,Format0 ,0.991,2,83.333,0.661
1781551588242427,normal,8066,11390,8,1,Format2 ,0.521,2,79.167,0.481
1781551588262676,normal,8086,40575,8,1,Format2 ,0.521,2,74.306,0.461
1781551588285041,normal,8108,25744,0,2,Format1A,0.480,1,64.931,0.286
1781551588293154,normal,8116,96,9,0,Format0 ,1.027,1,100.000,1.027
1781551588303256,normal,8126,5093,8,1,Format2 ,0.512,2,75.694,0.467
1781551588389562,normal,8211,96,6,1,Format1 ,0.513,1,74.306,0.493
1781551588406838,normal,8228,96,1,0,Format0 ,1.008,1,100.000,1.008
1781551589079054,normal,8886,2,0,3,Format1A,0.521,1,75.347,0.501
1781551589201227,normal,9006,105,9,0,Format0 ,0.967,1,100.000,0.967
1781551589424658,normal,9226,96,8,1,Format1 ,0.512,1,73.611,0.490
1781551589951170,normal,9681,97,4,1,Format1 ,0.527,1,78.472,0.510
1781551589956224,normal,9686,97,9,0,Format0 ,0.982,1,100.000,0.982
1781551589958242,normal,9688,97,7,0,Format0 ,0.998,1,100.000,0.998
1781551589976459,normal,9706,97,9,0,Format0 ,0.986,1,100.000,0.986
1781551589979487,normal,9709,97,0,1,Format1 ,0.514,1,73.611,0.493
1781551589981531,normal,9711,97,4,1,Format1 ,0.509,1,77.778,0.491
1781551589996727,normal,9726,97,9,0,Format0 ,0.979,1,100.000,0.979
1781551589998749,normal,9728,97,7,0,Format0 ,0.997,1,100.000,0.997
1781551590017029,normal,9746,97,9,0,Format0 ,0.968,1,98.611,0.968
1781551590020072,normal,9749,97,0,2,Format1 ,0.304,1,66.319,0.258
1781551590022081,normal,9751,97,4,1,Format1 ,0.522,1,73.611,0.493
1781551590032217,normal,9761,97,4,1,Format1 ,0.516,1,72.222,0.501
1781551590037445,normal,9766,97,9,0,Format0 ,0.992,1,100.000,0.992
1781551590040358,normal,9769,97,4,1,Format1 ,0.509,1,79.167,0.496
1781551590040358,normal,9769,43123,2,0,Format0 ,0.994,2,97.222,0.943
1781551590042398,normal,9771,97,4,1,Format1 ,0.507,1,78.472,0.495
1781551590052595,normal,9781,9864,4,1,Format2 ,0.517,2,76.389,0.472
1781551590057643,normal,9786,97,9,0,Format0 ,0.991,1,100.000,0.991
1781551590060677,normal,9789,97,0,1,Format1 ,0.519,1,79.861,0.509
1781551590062693,normal,9791,97,4,1,Format1 ,0.529,1,69.444,0.506
1781551590068788,normal,9797,97,9,0,Format0 ,1.002,1,100.000,1.002
1781551590072849,normal,9801,97,4,1,Format1 ,0.511,1,76.389,0.495
1781551590077889,normal,9806,97,9,0,Format0 ,1.002,1,100.000,1.002
1781551590080987,normal,9809,97,0,1,Format1 ,0.516,1,71.528,0.498
1781551590082967,normal,9811,97,4,1,Format1 ,0.522,1,72.917,0.499
1781551590098186,normal,9826,97,9,0,Format0 ,0.988,1,100.000,0.988
1781551591448058,normal,908,96,1,0,Format0 ,1.003,1,100.000,1.003
1781551592526242,normal,1966,97,9,0,Format0 ,1.009,1,100.000,1.009
1781551592565857,normal,2005,55259,2,1,Format0 ,0.970,2,79.167,0.589
1781551592607191,normal,2046,97,9,0,Format0 ,0.990,1,100.000,0.990
1781551596574963,normal,5928,96,1,0,Format0 ,1.002,1,100.000,1.002
1781551600034354,normal,9326,97,9,0,Format0 ,0.998,1,100.000,0.998
1781551600037405,normal,9329,97,0,1,Format1 ,0.524,1,76.389,0.508
1781551600044569,normal,9336,97,9,0,Format0 ,0.916,1,98.611,0.907
1781551600054734,normal,9346,97,9,0,Format0 ,0.990,1,100.000,0.990
1781551600057767,normal,9349,18302,0,1,Format2 ,0.519,2,74.306,0.475
1781551600059801,normal,9351,7613,4,1,Format2 ,0.512,2,81.944,0.474
1781551600075115,normal,9366,97,9,0,Format0 ,0.983,1,100.000,0.983
1781551600078129,normal,9369,47004,0,1,Format2 ,0.513,2,74.306,0.416
1781551600080187,normal,9371,45788,4,1,Format2 ,0.514,2,77.778,0.471
1781551600090383,normal,9381,15030,4,1,Format2 ,0.509,2,68.750,0.364
1781551600092396,normal,9383,97,3,0,Format0 ,0.983,1,100.000,0.983
1781551600094616,normal,9385,28594,2,0,Format0 ,1.000,2,97.222,0.946
1781551600098502,normal,9389,97,0,1,Format1 ,0.513,1,79.861,0.498
1781551600100541,normal,9391,97,4,1,Format1 ,0.509,1,75.000,0.490
1781551600115844,normal,9406,97,9,0,Format0 ,0.978,1,100.000,0.978
1781551600131157,normal,9421,97,4,1,Format1 ,0.515,1,74.306,0.495
1781551600136275,normal,9426,97,9,0,Format0 ,0.994,1,100.000,0.994
1781551600139357,normal,9429,97,0,1,Format1 ,0.507,1,75.694,0.490
1781551600141386,normal,9431,97,4,1,Format1 ,0.514,1,75.000,0.496
1781551600145753,normal,9435,97,3,0,Format0 ,0.989,1,100.000,0.989
1781551600150966,normal,9440,97,3,0,Format0 ,0.701,1,100.000,0.701
1781551600156741,normal,9446,97,9,0,Format0 ,0.994,1,100.000,0.994
1781551600159744,normal,9449,43556,4,1,Format2 ,0.522,2,73.611,0.475
1781551600159744,normal,9449,43123,2,0,Format0 ,0.994,2,97.222,0.939
1781551600161761,normal,9451,6654,4,1,Format2 ,0.515,2,72.917,0.468
1781551600166828,normal,9456,97,9,0,Format0 ,1.007,1,100.000,1.007
1781551600169880,normal,9459,52999,4,1,Format2 ,0.508,2,75.000,0.469
1781551600171938,normal,9461,97,4,1,Format1 ,0.446,1,72.222,0.358
1781551600174984,normal,9464,97,9,0,Format0 ,0.993,1,100.000,0.993
1781551600177018,normal,9466,97,9,0,Format0 ,0.989,1,100.000,0.989
1781551600180065,normal,9469,15856,0,1,Format2 ,0.511,2,75.000,0.470
1781551600182100,normal,9471,45087,4,1,Format2 ,0.505,2,72.222,0.461
1781551600197339,normal,9486,97,9,0,Format0 ,0.996,1,100.000,0.996
1781551604040262,normal,3006,96,8,1,Format1 ,0.511,1,75.694,0.489
1781551606159882,normal,5006,96,8,1,Format1 ,0.526,1,77.778,0.504
1781551610250691,normal,9001,97,4,1,Format1 ,0.515,1,73.611,0.495
1781551610255766,normal,9006,97,9,0,Format0 ,0.986,1,100.000,0.986
1781551610258808,normal,9009,97,0,1,Format1 ,0.523,1,75.000,0.506
1781551610260861,normal,9011,97,4,2,Format1 ,0.304,1,63.542,0.252
1781551610276116,normal,9026,97,9,0,Format0 ,0.987,1,100.000,0.987
1781551610291393,normal,9041,25099,4,1,Format2 ,0.505,2,78.472,0.466
1781551610296452,normal,9046,97,9,0,Format0 ,1.004,1,100.000,1.004
1781551610299508,normal,9049,45087,0,1,Format2 ,0.514,2,70.833,0.470
1781551610301541,normal,9051,97,4,1,Format1 ,0.510,1,77.778,0.499
1781551610311714,normal,9061,97,4,1,Format1 ,0.516,1,75.000,0.500
1781551610316865,normal,9066,97,9,0,Format0 ,0.989,1,100.000,0.989
1781551610321920,normal,9071,7613,4,1,Format2 ,0.510,2,79.861,0.469
1781551610328058,normal,9077,97,9,0,Format0 ,0.994,1,100.000,0.994
1781551610331427,normal,9080,97,3,0,Format0 ,0.994,1,100.000,0.994
1781551610337234,normal,9086,97,9,0,Format0 ,0.984,1,100.000,0.984
1781551610340297,normal,9089,97,0,1,Format1 ,0.521,1,66.667,0.482
1781551610352515,normal,9101,3657,4,1,Format2 ,0.503,2,75.000,0.458
1781551610357583,normal,9106,97,9,0,Format0 ,0.999,1,100.000,0.999
1781551610360650,normal,9109,97,0,1,Format1 ,0.518,1,73.611,0.497
1781551610362688,normal,9111,97,4,1,Format1 ,0.513,1,73.611,0.485
1781551610368824,normal,9117,97,9,0,Format0 ,0.990,1,100.000,0.991
1781551610377963,normal,9126,97,9,0,Format0 ,0.994,1,100.000,0.994
1781551610381051,normal,9129,7884,4,1,Format2 ,0.523,2,65.278,0.472
1781551610381051,normal,9129,43123,2,0,Format0 ,0.996,2,97.222,0.945
1781551610383090,normal,9131,97,4,1,Format1 ,0.557,1,75.000,0.448
1781551610398403,normal,9146,97,9,0,Format0 ,0.999,1,100.000,0.999
1781551610439175,normal,9186,97,9,0,Format0 ,0.992,1,100.000,0.992
1781551613282706,normal,1738,96,2,1,Format1 ,0.514,1,73.611,0.494
1781551613290826,normal,1746,96,9,0,Format0 ,1.001,1,100.000,1.001
1781551613315509,normal,1770,96,7,0,Format0 ,0.996,1,100.000,0.996
1781551613325797,normal,1780,96,7,0,Format0 ,0.988,1,100.000,0.988
1781551613327475,normal,1782,37608,8,1,Format2 ,0.508,2,69.444,0.461
1781551613330709,normal,1785,28594,2,0,Format0 ,0.998,2,97.222,0.942
1781551613333619,normal,1788,96,2,1,Format1 ,0.511,1,77.778,0.495
1781551613336716,normal,1791,96,6,0,Format0 ,0.997,1,100.000,0.997
1781551613380514,normal,1834,96,3,0,Format0 ,0.985,1,100.000,0.985
1781551613388657,normal,1842,96,8,1,Format1 ,0.525,1,75.694,0.506
1781551613390683,normal,1844,96,3,0,Format0 ,0.995,1,100.000,0.995
1781551613392713,normal,1846,96,9,0,Format0 ,0.994,1,100.000,0.994
1781551613407949,normal,1861,96,6,0,Format0 ,0.933,1,100.000,0.934
1781551613474316,normal,1926,96,8,1,Format1 ,0.510,1,72.917,0.494
1781551613494654,normal,1946,58592,8,1,Format2 ,0.533,2,67.361,0.431
1781551613622267,normal,2071,47785,6,1,Format2 ,0.518,2,72.917,0.432
1781551613637470,normal,2086,96,8,1,Format1 ,0.513,1,76.389,0.486
1781551613662907,normal,2111,33348,6,1,Format2 ,0.511,2,69.444,0.461
1781551613670009,normal,2118,96,1,0,Format0 ,0.990,1,100.000,0.990
1781551613698431,normal,2146,96,8,1,Format1 ,0.503,1,74.306,0.483
1781551613700499,normal,2148,96,1,0,Format0 ,0.990,1,100.000,0.990
1781551613703538,normal,2151,96,6,1,Format1 ,0.513,1,76.389,0.496
1781551613741100,normal,2188,96,1,0,Format0 ,1.002,1,100.000,1.002
1781551613774653,normal,2221,60215,6,1,Format2 ,0.514,2,75.694,0.462
1781551613779731,normal,2226,55898,8,1,Format2 ,0.520,2,73.611,0.464
1781551614098609,normal,2532,96,7,0,Format0 ,0.996,1,100.000,0.996
1781551614102717,normal,2536,19341,8,1,Format2 ,0.510,2,72.917,0.467
1781551614805285,normal,3226,43662,8,1,Format2 ,0.500,2,68.056,0.418
1781551614825674,normal,3246,96,8,1,Format1 ,0.522,1,77.778,0.504
1781551614828720,normal,3249,96,6,0,Format0 ,0.990,1,100.000,0.990
1781551614868546,normal,3288,96,2,1,Format1 ,0.508,1,73.611,0.489
1781551614888931,normal,3308,96,1,0,Format0 ,0.993,1,100.000,0.993
1781551614927673,normal,3346,96,8,1,Format1 ,0.505,1,79.861,0.495
1781551614963344,normal,3381,96,6,1,Format1 ,0.515,1,75.000,0.496
1781551615018580,normal,3435,27891,2,1,Format2 ,0.513,2,75.000,0.470
1781551615021472,normal,3438,96,1,0,Format0 ,0.997,1,100.000,0.997
1781551615024564,normal,3441,96,6,1,Format1 ,0.524,1,70.139,0.501
1781551615029648,normal,3446,325,8,1,Format2 ,0.517,2,69.444,0.408
1781551615031774,normal,3448,96,1,0,Format0 ,0.991,1,100.000,0.991
1781551615045126,normal,3461,96,6,1,Format1 ,0.507,1,72.917,0.487
1781551615085875,normal,3501,44956,6,1,Format2 ,0.503,1,73.611,0.462
1781551615090969,normal,3506,51209,8,1,Format2 ,0.502,2,70.139,0.458
1781551615121533,normal,3536,96,8,1,Format1 ,0.514,1,75.000,0.494
1781551615152164,normal,3566,62626,8,1,Format2 ,0.511,2,69.444,0.411
1781551615158263,normal,3572,96,7,0,Format0 ,0.992,1,100.000,0.992
1781551615174527,normal,3588,96,1,0,Format0 ,1.010,1,100.000,1.010
1781551615225464,normal,3638,96,1,0,Format0 ,0.988,1,100.000,0.988
1781551615238714,normal,3651,96,6,1,Format1 ,0.518,1,74.306,0.499
1781551616208917,normal,4602,96,7,0,Format0 ,0.994,1,100.000,0.994
1781551616224265,normal,4617,96,0,1,Format1 ,0.516,1,71.528,0.491
1781551616233455,normal,4626,96,8,0,Format0 ,0.912,1,100.000,0.913
1781551616292744,normal,4684,96,2,1,Format1 ,0.527,1,79.861,0.505
1781551616294754,normal,4686,38230,8,1,Format2 ,0.517,2,73.611,0.432
1781551616376528,normal,4766,96,8,1,Format1 ,0.511,1,76.389,0.495
1781551616728308,normal,5109,96,6,1,Format1 ,0.510,1,79.167,0.500
1781551616766104,normal,5146,2,0,3,Format1A,0.637,1,75.521,0.489
1781551616802954,normal,5182,107,9,0,Format0 ,0.992,1,100.000,0.992
1781551616827448,normal,5206,106,0,1,Format1A,0.511,1,73.611,0.489
1781551616829484,normal,5208,96,1,0,Format0 ,1.008,1,100.000,1.008
1781551616847916,normal,5226,97,9,0,Format0 ,0.985,1,100.000,0.985
1781551616873521,normal,5251,63415,4,1,Format2 ,0.515,2,64.583,0.398
1781551616950156,normal,5326,97,9,0,Format0 ,0.992,1,100.000,0.992
1781551617092834,normal,5466,47634,4,1,Format2 ,0.509,2,70.833,0.381
1781551617220776,normal,5588,96,1,0,Format0 ,0.997,1,100.000,0.997
1781551617236435,normal,5603,107,9,0,Format0 ,0.994,1,100.000,0.994
1781551617848380,normal,6206,107,4,1,Format1 ,0.519,1,77.083,0.502
1781551617868688,normal,6226,107,4,1,Format1 ,0.513,1,75.694,0.497
1781551619960491,normal,8268,96,1,0,Format0 ,0.991,1,100.000,0.991
1781551620361152,normal,8660,97,3,0,Format0 ,0.992,1,100.000,0.992
1781551620363809,normal,8663,97,3,0,Format0 ,0.993,1,100.000,0.993
1781551620366886,normal,8666,97,9,0,Format0 ,1.007,1,100.000,1.007
1781551620369950,normal,8669,17389,0,1,Format2 ,0.513,2,70.833,0.388
1781551620382160,normal,8681,97,4,1,Format1 ,0.513,1,73.611,0.493
1781551620387263,normal,8686,97,9,0,Format0 ,0.996,1,100.000,0.996
1781551620389297,normal,8688,97,7,0,Format0 ,0.995,1,100.000,0.996
1781551620392356,normal,8691,952,4,1,Format2 ,0.521,2,72.222,0.475
1781551620402515,normal,8701,25099,4,1,Format2 ,0.507,2,76.389,0.467
1781551620407616,normal,8706,97,9,0,Format0 ,0.993,1,100.000,0.993
1781551620410663,normal,8709,97,0,1,Format1 ,0.508,1,77.778,0.495
1781551620412716,normal,8711,97,4,1,Format1 ,0.510,1,72.917,0.495
1781551620428006,normal,8726,97,9,0,Format0 ,0.995,1,100.000,0.995
1781551620431080,normal,8729,97,0,1,Format1 ,0.518,1,69.444,0.498
1781551620433108,normal,8731,27539,4,1,Format2 ,0.509,2,75.000,0.482
1781551620445400,normal,8743,97,3,0,Format0 ,0.986,1,100.000,0.986
1781551620448457,normal,8746,97,9,0,Format0 ,0.999,1,100.000,0.999
1781551620451534,normal,8749,13082,0,1,Format2 ,0.512,2,70.833,0.414
1781551620453591,normal,8751,5474,4,1,Format2 ,0.509,2,79.167,0.457
1781551620458682,normal,8756,97,9,0,Format0 ,0.987,1,100.000,0.987
1781551620468853,normal,8766,97,9,0,Format0 ,0.996,1,100.000,0.996
1781551620509647,normal,8806,97,9,0,Format0 ,0.995,1,100.000,0.995
1781551621838248,normal,10108,96,1,0,Format0 ,0.995,1,100.000,0.995
1781551621889451,normal,10158,96,1,0,Format0 ,1.008,1,100.000,1.008
1781551644879021,normal,6068,7362,6,1,Format2 ,2.172,2,81.250,1.779
1781551645129880,normal,6190,52170,8,2,Format1C,1.040,1,61.458,0.646
1781551645159436,normal,6207,25372,8,2,Format1C,1.544,1,59.722,0.822
1781551645173909,normal,6212,8442,0,3,Format1C,2.210,1,58.681,0.602
1781551645204473,normal,6230,19712,24,3,Format1C,1.064,1,55.035,0.416
1781551645347126,normal,6300,61335,0,3,Format1 ,1.643,1,59.375,0.594
1781551646415298,normal,6812,37340,0,3,Format1C,0.708,1,57.812,0.195
1781551646422378,normal,6817,33885,0,1,Format1C,2.007,1,70.833,1.186
1781551646561879,normal,6894,38929,28,2,Format1C,0.502,1,59.375,0.250
1781551648723910,normal,9901,103,2,1,Format1A,0.509,1,73.611,0.496
1781551648725934,normal,9903,97,3,0,Format0 ,1.006,1,100.000,1.006
1781551648729000,normal,9906,97,9,0,Format0 ,0.991,1,100.000,0.991
1781551648732075,normal,9909,25099,0,1,Format2 ,0.512,2,75.000,0.468
1781551648749354,normal,9926,97,9,0,Format0 ,1.007,1,100.000,1.007
1781551648751354,normal,9928,97,7,0,Format0 ,0.998,1,100.000,0.998
1781551648753691,normal,9930,97,3,0,Format0 ,0.997,1,100.000,0.997
1781551648764594,normal,9941,97,4,1,Format1 ,0.514,1,73.611,0.496
1781551648769681,normal,9946,97,9,0,Format0 ,1.008,1,100.000,1.008
1781551648771681,normal,9948,97,7,0,Format0 ,0.962,1,100.000,0.962
1781551648780828,normal,9957,97,9,0,Format0 ,0.991,1,100.000,0.991
1781551648789967,normal,9966,97,9,0,Format0 ,1.003,1,100.000,1.003
1781551648800123,normal,9976,97,9,0,Format0 ,1.004,1,100.000,1.004
1781551648805240,normal,9981,97,4,1,Format1 ,0.510,1,75.694,0.500
1781551648810318,normal,9986,97,9,0,Format0 ,0.992,1,100.000,0.992
1781551648822508,normal,9998,97,6,1,Format1 ,0.516,1,79.861,0.506
1781551648825543,normal,10001,97,4,1,Format1 ,0.508,1,74.306,0.495
1781551648827585,normal,10003,97,3,0,Format0 ,1.003,1,100.000,1.003
1781551648833684,normal,10009,97,0,1,Format1 ,0.511,1,75.694,0.495
1781551648835743,normal,10011,97,4,1,Format1 ,0.518,1,72.917,0.501
1781551648850983,normal,10026,97,9,0,Format0 ,0.993,1,100.000,0.993
1781551648856038,normal,10031,17389,4,1,Format2 ,0.514,2,72.222,0.393
1781551648863166,normal,10038,25697,6,1,Format2 ,0.513,2,70.833,0.389
1781551648866186,normal,10041,27539,4,1,Format2 ,0.514,2,72.222,0.482
1781551648876363,normal,10051,97,4,1,Format1 ,0.572,1,77.778,0.485
1781551648879444,normal,10054,97,0,1,Format1 ,0.508,1,75.000,0.494
1781551648881507,normal,10056,97,9,0,Format0 ,0.989,1,100.000,0.989
1781551648889616,normal,10064,97,9,0,Format0 ,0.997,1,100.000,0.997
1781551648891803,normal,10066,97,9,0,Format0 ,0.986,1,100.000,0.986
1781551648896750,normal,10071,43517,4,2,Format2 ,0.515,2,71.875,0.348
1781551648906923,normal,10081,97,4,1,Format1 ,0.515,1,76.389,0.496
1781551649562643,normal,486,2,0,3,Format1A,0.515,1,76.042,0.498
1781551649575963,normal,499,6007,2,1,Format0 ,1.000,2,81.944,0.649
1781551649601341,normal,524,104,0,3,Format1A,1.001,1,100.000,1.001
1781551649621695,normal,544,104,0,3,Format1 ,0.999,1,100.000,0.999
1781551651545750,normal,2372,104,9,0,Format0 ,0.949,1,98.611,0.949
1781551658981921,normal,9686,18248,8,1,Format2 ,0.527,2,66.667,0.379
1781551659103083,normal,9805,12129,2,1,Format0 ,0.982,2,83.333,0.656
1781551659388741,normal,10086,97,9,0,Format0 ,0.990,1,100.000,0.990
1781551659391784,normal,10089,97,4,1,Format1 ,0.508,1,71.528,0.490
1781551659391784,normal,10089,43123,2,0,Format0 ,0.988,2,97.222,0.929
1781551659393798,normal,10091,97,4,1,Format1 ,0.512,1,77.083,0.498
1781551659403328,normal,10100,97,3,0,Format0 ,0.995,1,100.000,0.995
1781551659409090,normal,10106,97,9,0,Format0 ,1.009,1,100.000,1.009
1781551659412124,normal,10109,2400,0,1,Format2 ,0.525,2,72.917,0.477
1781551659414158,normal,10111,97,4,1,Format1 ,0.514,1,76.389,0.492
1781551659424376,normal,10121,25099,4,1,Format2 ,0.528,2,75.694,0.479
1781551659429522,normal,10126,97,9,0,Format0 ,1.004,1,100.000,1.004
1781551659432512,normal,10129,97,0,1,Format1 ,0.526,1,77.083,0.502
1781551659444717,normal,10141,13935,4,1,Format2 ,0.535,2,71.528,0.388
1781551659449778,normal,10146,97,9,0,Format0 ,1.007,1,100.000,1.007
1781551659452790,normal,10149,97,0,1,Format1 ,0.512,1,75.000,0.496
1781551659454850,normal,10151,25099,4,1,Format2 ,0.513,2,71.528,0.467
1781551659470139,normal,10166,97,9,0,Format0 ,0.995,1,100.000,0.995
1781551659473133,normal,10169,48239,0,1,Format2 ,0.517,2,71.528,0.416
1781551659485323,normal,10181,10311,4,1,Format2 ,0.516,2,72.917,0.460
1781551659489614,normal,10185,97,4,1,Format1 ,0.518,1,69.444,0.496
1781551659489614,normal,10185,28594,2,0,Format0 ,0.991,2,97.222,0.937
1781551659493480,normal,10189,13935,0,1,Format2 ,0.508,2,72.222,0.387
1781551659495496,normal,10191,27539,4,1,Format2 ,0.518,2,70.833,0.486
1781551659496508,normal,10192,57638,8,1,Format2 ,0.521,2,70.139,0.411
1781551659501614,normal,10197,97,9,0,Format0 ,0.992,1,100.000,0.992
1781551659505694,normal,10201,97,4,1,Format1 ,0.510,1,73.611,0.494
1781551659510789,normal,10206,97,9,0,Format0 ,0.985,1,100.000,0.985
1781551659531122,normal,10226,97,9,0,Format0 ,0.992,1,100.000,0.992
1781551659966503,normal,414,96,3,0,Format0 ,0.987,1,100.000,0.987
1781551659970608,normal,418,58759,2,1,Format2 ,0.513,2,71.528,0.420
1781551659978752,normal,426,96,8,1,Format1 ,0.573,1,79.167,0.475
1781551659980757,normal,428,96,1,0,Format0 ,0.970,1,100.000,0.970
1781551659990960,normal,438,96,1,0,Format0 ,0.996,1,100.000,0.996
1781551660028731,normal,475,96,2,0,Format0 ,0.992,1,100.000,0.992
1781551660034653,normal,481,96,6,0,Format0 ,0.993,1,100.000,0.994
1781551660036643,normal,483,96,1,0,Format0 ,1.005,1,100.000,1.005
1781551660038869,normal,485,23386,2,0,Format0 ,0.995,2,97.222,0.942
1781551660041748,normal,488,96,2,1,Format1 ,0.526,1,73.611,0.497
1781551660044785,normal,491,96,6,0,Format0 ,0.992,1,100.000,0.992
1781551660051888,normal,498,96,2,1,Format1 ,0.511,1,72.917,0.491
1781551660054985,normal,501,96,6,1,Format1 ,0.518,1,70.833,0.497
1781551660060088,normal,506,59429,8,1,Format2 ,0.513,2,70.833,0.423
1781551660062114,normal,508,96,1,0,Format0 ,0.992,1,100.000,0.992
1781551660080492,normal,526,96,9,0,Format0 ,1.003,1,100.000,1.003
1781551660082512,normal,528,30888,0,3,Format1 ,0.330,1,60.243,0.135
1781551660095143,normal,540,96,6,0,Format0 ,1.013,1,100.000,1.013
1781551660096768,normal,542,96,8,1,Format1 ,0.514,1,70.139,0.497
1781551660098798,normal,544,96,2,1,Format1 ,0.479,1,79.167,0.467
1781551660100817,normal,546,23881,8,1,Format2 ,0.507,2,69.444,0.387
1781551660105924,normal,551,96,6,0,Format0 ,0.991,1,100.000,0.991
1781551660107950,normal,553,96,1,0,Format0 ,0.998,1,100.000,0.998
1781551660116072,normal,561,96,6,0,Format0 ,0.999,1,100.000,0.999
1781551660118101,normal,563,96,1,0,Format0 ,0.987,1,100.000,0.987
1781551660121215,normal,566,96,9,0,Format0 ,0.960,1,100.000,0.960
1781551660124234,normal,569,50886,6,1,Format2 ,0.500,2,72.917,0.457
1781551660126260,normal,571,96,6,1,Format1 ,0.513,1,74.306,0.498
1781551660146622,normal,591,56915,6,1,Format2 ,0.517,2,77.778,0.473
1781551660167957,normal,612,96,7,0,Format0 ,1.005,1,100.000,1.005
1781551660168970,normal,613,96,1,0,Format0 ,0.989,1,100.000,0.989
1781551660181340,normal,625,50785,2,0,Format0 ,0.984,2,97.222,0.932
1781551660181340,normal,625,20580,3,0,Format0 ,0.979,1,81.944,0.642
1781551660188289,normal,632,96,7,0,Format0 ,1.005,1,98.611,1.000
1781551660204573,normal,648,96,2,1,Format1 ,0.523,1,73.611,0.488
1781551660208630,normal,652,96,7,0,Format0 ,0.998,1,100.000,0.998
1781551660214719,normal,658,96,1,0,Format0 ,0.997,1,100.000,0.997
1781551660217126,normal,660,96,6,1,Format1 ,0.509,1,72.917,0.493
1781551660222861,normal,666,96,9,0,Format0 ,0.997,1,100.000,0.997
1781551660242346,normal,685,12129,2,1,Format0 ,0.990,2,83.333,0.666
1781551660248311,normal,691,96,6,0,Format0 ,0.955,1,100.000,0.956
1781551660416165,normal,856,96,8,1,Format1 ,0.509,1,78.472,0.496
1781551660467034,normal,906,96,8,1,Format1 ,0.509,1,77.083,0.489
1781551660472127,normal,911,11984,6,1,Format2 ,0.495,2,69.444,0.427
1781551660519883,normal,958,96,1,0,Format0 ,1.000,1,100.000,1.000
1781551660533067,normal,971,96,6,1,Format1 ,0.517,1,78.472,0.504
1781551660638048,normal,1074,96,2,0,Format0 ,0.964,1,95.833,0.933
1781551660670456,normal,1106,96,8,1,Format1 ,0.499,1,70.833,0.477
1781551660672543,normal,1108,96,1,0,Format0 ,0.994,1,100.000,0.994
1781551660675616,normal,1111,96,6,1,Format1 ,0.510,1,71.528,0.487
1781551660862592,normal,1294,96,2,0,Format0 ,0.947,1,91.667,0.908
1781551660954738,normal,1385,28594,2,0,Format0 ,0.989,2,97.222,0.931
1781551661178623,normal,1605,23386,2,0,Format0 ,0.992,2,97.222,0.936
1781551661219279,normal,1645,12129,2,1,Format0 ,0.988,2,83.333,0.657
1781551661259961,normal,1685,55259,2,1,Format0 ,0.940,2,79.167,0.556
1781551661462428,normal,1884,96,2,1,Format1 ,0.464,1,71.528,0.444
1781551661573442,normal,1993,16355,0,2,Format1 ,0.387,1,62.847,0.242
1781551661581583,normal,2001,31961,6,1,Format2 ,0.521,2,69.444,0.437
1781551661589742,normal,2009,96,6,1,Format1 ,0.512,1,75.694,0.494
1781551661627406,normal,2046,96,9,0,Format0 ,0.993,1,100.000,0.993
1781551661629406,normal,2048,96,1,0,Format0 ,0.990,1,100.000,0.990
1781551661647782,normal,2066,96,8,1,Format1 ,0.583,1,74.306,0.474
1781551661652845,normal,2071,96,6,1,Format1 ,0.518,1,77.778,0.506
1781551661654876,normal,2073,96,1,0,Format0 ,1.006,1,100.000,1.006
1781551661668102,normal,2086,96,8,1,Format1 ,0.507,1,70.833,0.482
1781551661682731,normal,2100,96,7,0,Format0 ,0.986,1,100.000,0.986
1781551661688469,normal,2106,18412,8,1,Format2 ,0.513,2,72.222,0.458
1781551661694539,normal,2112,38239,8,1,Format2 ,0.523,2,72.917,0.475
1781551661700667,normal,2118,96,1,0,Format0 ,0.999,1,100.000,0.999
1781551661708859,normal,2126,96,8,1,Format1 ,0.519,1,73.611,0.503
1781551661726138,normal,2143,96,1,0,Format0 ,0.972,1,100.000,0.972
1781551661732245,normal,2149,96,6,0,Format0 ,1.004,1,100.000,1.004
1781551661766859,normal,2183,96,1,0,Format0 ,0.993,1,100.000,0.993
1781551661774994,normal,2191,96,6,0,Format0 ,0.998,1,100.000,0.998
1781551661777028,normal,2193,96,1,0,Format0 ,0.979,1,100.000,0.979
1781551661820823,normal,2236,43597,8,1,Format2 ,0.505,2,75.694,0.460
1781551661831057,normal,2246,13279,8,1,Format2 ,0.462,2,70.833,0.412
1781551661836107,normal,2251,56915,6,1,Format2 ,0.515,2,77.778,0.470
1781551661845620,normal,2260,96,6,1,Format1 ,0.509,1,81.250,0.498
1781551661849351,normal,2264,749,2,1,Format2 ,0.506,2,76.389,0.410
1781551661854436,normal,2269,96,6,0,Format0 ,0.989,1,100.000,0.991
1781551661858548,normal,2273,96,1,0,Format0 ,0.919,1,100.000,0.919
1781551661863614,normal,2278,96,1,0,Format0 ,0.853,1,93.056,0.791
1781551661868319,normal,2282,96,7,0,Format0 ,1.051,1,91.667,0.951
1781551661874824,normal,2289,96,6,1,Format1 ,0.499,1,68.750,0.427
1781551661876852,normal,2291,96,6,0,Format0 ,1.005,1,100.000,1.005
1781551661887075,normal,2301,96,6,1,Format1 ,0.588,1,72.222,0.500
1781551661949301,normal,2362,96,7,0,Format0 ,0.993,1,100.000,0.993
1781551661953351,normal,2366,96,9,0,Format0 ,0.995,1,100.000,0.995
1781551661965582,normal,2378,96,1,0,Format0 ,0.992,1,100.000,0.992
1781551662065136,normal,2476,96,8,1,Format1 ,0.603,1,72.917,0.496
1781551662067169,normal,2478,96,1,0,Format0 ,1.002,1,100.000,1.002
1781551662107900,normal,2518,96,1,0,Format0 ,0.960,1,100.000,0.960
1781551662115196,normal,2525,12129,2,1,Format0 ,0.938,2,83.333,0.625
1781551662117034,normal,2527,96,0,1,Format1 ,0.506,1,75.694,0.484
1781551662136364,normal,2546,96,8,0,Format0 ,0.999,1,95.833,0.963
1781551662145675,normal,2555,96,2,1,Format1 ,0.531,1,74.306,0.463
1781551662147525,normal,2557,96,0,1,Format1 ,0.526,1,75.694,0.503
1781551662156722,normal,2566,96,8,1,Format1 ,0.516,1,74.306,0.499
1781551662158721,normal,2568,96,2,1,Format1 ,0.522,1,73.611,0.499
1781551662161082,normal,2570,96,6,1,Format1 ,0.517,1,78.472,0.502
1781551662188205,normal,2597,96,0,1,Format1 ,0.557,1,75.000,0.452
1781551662210636,normal,2619,96,6,1,Format1 ,0.507,1,68.750,0.487
1781551662240261,normal,2648,36457,2,1,Format2 ,0.519,2,77.083,0.473
1781551662256526,normal,2664,96,3,0,Format0 ,1.006,1,95.833,0.993
1781551662273840,normal,2681,96,6,0,Format0 ,0.970,1,100.000,0.971
1781551662278908,normal,2686,96,8,1,Format1 ,0.508,1,72.917,0.489
1781551662334841,normal,2741,96,6,1,Format1 ,0.621,1,76.389,0.535
1781551662341916,normal,2748,96,1,0,Format0 ,0.990,1,100.000,0.990
1781551662344949,normal,2751,18779,6,1,Format2 ,0.501,2,72.222,0.453
1781551662355123,normal,2761,96,6,0,Format0 ,0.980,1,100.000,0.981
1781551662357195,normal,2763,96,1,0,Format0 ,0.993,1,100.000,0.993
1781551662359413,normal,2765,12129,2,1,Format0 ,0.959,2,83.333,0.645
1781551662365353,normal,2771,96,6,0,Format0 ,1.001,1,100.000,1.001
1781551662368422,normal,2774,9958,2,1,Format2 ,0.518,2,72.917,0.474
1781551662372476,normal,2778,96,1,0,Format0 ,0.972,1,100.000,0.972
1781551662376526,normal,2782,96,7,0,Format0 ,0.951,1,98.611,0.948
1781551662378552,normal,2784,96,3,0,Format0 ,0.975,1,100.000,0.976
1781551662380572,normal,2786,96,8,1,Format1 ,0.516,1,78.472,0.501
1781551662383645,normal,2789,96,6,1,Format1 ,0.510,1,73.611,0.494
1781551662385673,normal,2791,26935,6,1,Format2 ,0.492,2,74.306,0.452
1781551662390801,normal,2796,96,8,0,Format0 ,0.776,1,91.667,0.740
1781551662395913,normal,2801,96,6,0,Format0 ,0.966,1,100.000,0.966
1781551662404042,normal,2809,96,6,0,Format0 ,1.006,1,100.000,1.006
1781551662410376,normal,2815,96,2,1,Format1 ,0.514,1,79.167,0.500
1781551662412239,normal,2817,29875,0,1,Format2 ,0.518,2,77.778,0.478
1781551662426505,normal,2831,96,6,1,Format1 ,0.518,1,72.917,0.503
1781551662464141,normal,2868,96,1,0,Format0 ,0.989,1,100.000,0.989
1781551662474319,normal,2878,96,1,0,Format0 ,0.991,1,100.000,0.991
1781551662543572,normal,2946,4593,8,1,Format2 ,0.523,2,74.306,0.469
1781551662555754,normal,2958,96,1,0,Format0 ,1.000,1,100.000,1.000
1781551662563866,normal,2966,96,8,1,Format1 ,0.516,1,77.083,0.495
1781551662574059,normal,2976,96,9,0,Format0 ,1.053,1,94.444,1.031
1781551662596418,normal,2998,96,1,0,Format0 ,0.932,1,100.000,0.932
1781551662599447,normal,3001,96,6,1,Format1 ,0.473,1,75.000,0.451
1781551662604502,normal,3006,96,8,1,Format1 ,0.550,1,80.556,0.484
1781551662615702,normal,3017,96,0,1,Format1 ,0.622,1,72.917,0.534
1781551662621788,normal,3023,26040,0,2,Format1C,0.390,1,59.028,0.182
1781551662632054,normal,3033,96,1,0,Format0 ,1.004,1,100.000,1.004
1781551662706421,normal,3106,96,8,0,Format0 ,0.943,1,94.444,0.875
1781551662725838,normal,3125,23386,2,0,Format0 ,0.920,2,97.222,0.865
1781551662889127,normal,3285,23386,2,0,Format0 ,0.978,2,97.222,0.922
1781551665639800,normal,5986,96,8,1,Format1 ,0.512,1,72.917,0.491
1781551665727331,normal,6072,96,7,0,Format0 ,0.995,1,100.000,0.995
1781551665744676,normal,6089,43123,2,0,Format0 ,0.997,2,97.222,0.943
1781551665829629,normal,6108,96,1,0,Format0 ,0.988,1,100.000,0.988
1781551665847941,normal,6126,50939,8,1,Format2 ,0.515,2,76.389,0.474
1781551665954712,normal,6231,9056,6,1,Format2 ,0.511,2,70.833,0.413
1781551667799303,normal,8045,12129,2,1,Format0 ,0.991,2,83.333,0.661
1781551667820507,normal,8066,11390,8,1,Format2 ,0.521,2,79.167,0.481
1781551667840908,normal,8086,40575,8,1,Format2 ,0.521,2,74.306,0.461
1781551667863281,normal,8108,25744,0,2,Format1A,0.480,1,64.931,0.286
1781551667871392,normal,8116,96,9,0,Format0 ,1.027,1,100.000,1.027
1781551667877542,normal,8122,96,7,0,Format0 ,0.997,1,100.000,0.998
1781551667881582,normal,8126,5093,8,1,Format2 ,0.512,2,75.694,0.467
1781551667968117,normal,8211,96,6,1,Format1 ,0.513,1,74.306,0.493
1781551667985344,normal,8228,96,1,0,Format0 ,1.008,1,100.000,1.008
1781551668654057,normal,8886,2,0,3,Format1A,0.521,1,75.347,0.501
1781551668776413,normal,9006,105,9,0,Format0 ,0.967,1,100.000,0.967
1781551668999880,normal,9226,96,8,1,Format1 ,0.512,1,73.611,0.490
1781551669467539,normal,9686,97,9,0,Format0 ,0.982,1,100.000,0.982
1781551669470546,normal,9689,5322,0,1,Format2 ,0.516,2,72.917,0.430
1781551669473631,normal,9692,97,8,1,Format1 ,0.508,1,72.917,0.491
1781551669487877,normal,9706,97,9,0,Format0 ,0.986,1,100.000,0.986
1781551669490905,normal,9709,97,0,1,Format1 ,0.514,1,73.611,0.493
1781551669492945,normal,9711,97,4,1,Format1 ,0.509,1,77.778,0.491
1781551669495008,normal,9713,97,3,0,Format0 ,0.993,1,100.000,0.993
1781551669508215,normal,9726,97,9,0,Format0 ,0.979,1,100.000,0.979
1781551669511228,normal,9729,97,0,1,Format1 ,0.534,1,79.167,0.512
1781551669528633,normal,9746,97,9,0,Format0 ,0.968,1,98.611,0.968
1781551669531633,normal,9749,97,0,2,Format1 ,0.304,1,66.319,0.258
1781551669533652,normal,9751,97,4,1,Format1 ,0.522,1,73.611,0.493
1781551669548898,normal,9766,97,9,0,Format0 ,0.992,1,100.000,0.992
1781551669551984,normal,9769,97,4,1,Format1 ,0.509,1,79.167,0.496
1781551669551984,normal,9769,43123,2,0,Format0 ,0.994,2,97.222,0.943
1781551669556029,normal,9773,97,3,0,Format0 ,0.990,1,100.000,0.990
1781551669564241,normal,9781,9864,4,1,Format2 ,0.517,2,76.389,0.472
1781551669569318,normal,9786,97,9,0,Format0 ,0.991,1,100.000,0.991
1781551669572351,normal,9789,97,0,1,Format1 ,0.519,1,79.861,0.509
1781551669574364,normal,9791,97,4,1,Format1 ,0.529,1,69.444,0.506
1781551669589657,normal,9806,97,9,0,Format0 ,1.002,1,100.000,1.002
1781551669592713,normal,9809,97,0,1,Format1 ,0.516,1,71.528,0.498
1781551669594732,normal,9811,97,4,1,Format1 ,0.522,1,72.917,0.499
1781551669609998,normal,9826,97,9,0,Format0 ,0.988,1,100.000,0.988
1781551672100587,normal,1966,97,9,0,Format0 ,1.009,1,100.000,1.009
1781551672140500,normal,2005,55259,2,1,Format0 ,0.970,2,79.167,0.589
1781551672182172,normal,2046,97,9,0,Format0 ,0.990,1,100.000,0.990
1781551676147891,normal,5928,96,1,0,Format0 ,1.002,1,100.000,1.002
1781551677648954,normal,7399,96,6,1,Format1 ,0.509,1,73.611,0.495
1781551679604328,normal,9320,97,3,0,Format0 ,0.990,1,100.000,0.990
1781551679610159,normal,9326,97,9,0,Format0 ,0.998,1,100.000,0.998
1781551679613202,normal,9329,97,0,1,Format1 ,0.524,1,76.389,0.508
1781551679620370,normal,9336,97,9,0,Format0 ,0.916,1,98.611,0.907
1781551679630590,normal,9346,97,9,0,Format0 ,0.990,1,100.000,0.990
1781551679633658,normal,9349,18302,0,1,Format2 ,0.519,2,74.306,0.475
1781551679635714,normal,9351,7613,4,1,Format2 ,0.512,2,81.944,0.474
1781551679651172,normal,9366,97,9,0,Format0 ,0.983,1,100.000,0.983
1781551679654220,normal,9369,47004,0,1,Format2 ,0.513,2,74.306,0.416
1781551679656270,normal,9371,45788,4,1,Format2 ,0.514,2,77.778,0.471
1781551679666448,normal,9381,15030,4,1,Format2 ,0.509,2,68.750,0.364
1781551679671580,normal,9386,97,9,0,Format0 ,0.995,1,100.000,0.995
1781551679674593,normal,9389,97,0,1,Format1 ,0.513,1,79.861,0.498
1781551679676633,normal,9391,97,4,1,Format1 ,0.509,1,75.000,0.490
1781551679678657,normal,9393,97,3,0,Format0 ,1.011,1,100.000,1.011
1781551679691927,normal,9406,97,9,0,Format0 ,0.978,1,100.000,0.978
1781551679693965,normal,9408,97,7,0,Format0 ,0.999,1,100.000,0.999
1781551679699063,normal,9413,97,3,0,Format0 ,1.003,1,100.000,1.003
1781551679707241,normal,9421,97,4,1,Format1 ,0.515,1,74.306,0.495
1781551679712309,normal,9426,97,9,0,Format0 ,0.994,1,100.000,0.994
1781551679715371,normal,9429,97,0,1,Format1 ,0.507,1,75.694,0.490
1781551679717410,normal,9431,97,4,1,Format1 ,0.514,1,75.000,0.496
1781551679726957,normal,9440,97,3,0,Format0 ,0.701,1,100.000,0.701
1781551679728687,normal,9442,97,8,1,Format1 ,0.577,1,74.306,0.468
1781551679732756,normal,9446,97,9,0,Format0 ,0.994,1,100.000,0.994
1781551679735816,normal,9449,43556,4,1,Format2 ,0.522,2,73.611,0.475
1781551679735816,normal,9449,43123,2,0,Format0 ,0.994,2,97.222,0.939
1781551679737880,normal,9451,6654,4,1,Format2 ,0.515,2,72.917,0.468
1781551679747457,normal,9460,97,3,0,Format0 ,0.952,1,100.000,0.952
1781551679751143,normal,9464,97,9,0,Format0 ,0.993,1,100.000,0.993
1781551679753172,normal,9466,97,9,0,Format0 ,0.989,1,100.000,0.989
1781551679756229,normal,9469,15856,0,1,Format2 ,0.511,2,75.000,0.470
1781551679758259,normal,9471,45087,4,1,Format2 ,0.505,2,72.222,0.461
1781551679760282,normal,9473,97,3,0,Format0 ,0.993,1,100.000,0.993
1781551679773564,normal,9486,97,9,0,Format0 ,0.996,1,100.000,0.996
1781551681137905,normal,588,96,1,0,Format0 ,0.988,1,100.000,0.988
1781551683598116,normal,3006,96,8,1,Format1 ,0.511,1,75.694,0.489
1781551683765249,normal,3105,50785,2,0,Format0 ,0.970,2,97.222,0.920
1781551683765249,normal,3105,20580,3,0,Format0 ,0.985,1,81.944,0.631
1781551685714634,normal,5006,96,8,1,Format1 ,0.526,1,77.778,0.504
1781551688623092,normal,7849,43123,2,0,Format0 ,0.997,2,97.222,0.942
1781551688623092,normal,7849,15308,3,0,Format0 ,0.996,2,91.667,0.835
1781551689865886,normal,9001,97,4,1,Format1 ,0.515,1,73.611,0.495
1781551689870999,normal,9006,97,9,0,Format0 ,0.986,1,100.000,0.986
1781551689874012,normal,9009,97,0,1,Format1 ,0.523,1,75.000,0.506
1781551689876043,normal,9011,97,4,2,Format1 ,0.304,1,63.542,0.252
1781551689878073,normal,9013,97,3,0,Format0 ,1.004,1,100.000,1.004
1781551689891348,normal,9026,97,9,0,Format0 ,0.987,1,100.000,0.987
1781551689896476,normal,9031,952,4,1,Format2 ,0.522,2,73.611,0.474
1781551689906680,normal,9041,25099,4,1,Format2 ,0.505,2,78.472,0.466
1781551689911838,normal,9046,97,9,0,Format0 ,1.004,1,100.000,1.004
1781551689914896,normal,9049,45087,0,1,Format2 ,0.514,2,70.833,0.470
1781551689916897,normal,9051,97,4,1,Format1 ,0.510,1,77.778,0.499
1781551689927105,normal,9061,97,4,1,Format1 ,0.516,1,75.000,0.500
1781551689932205,normal,9066,97,9,0,Format0 ,0.989,1,100.000,0.989
1781551689937309,normal,9071,7613,4,1,Format2 ,0.510,2,79.861,0.469
1781551689952676,normal,9086,97,9,0,Format0 ,0.984,1,100.000,0.984
1781551689955784,normal,9089,97,0,1,Format1 ,0.521,1,66.667,0.482
1781551689967973,normal,9101,3657,4,1,Format2 ,0.503,2,75.000,0.458
1781551689973065,normal,9106,97,9,0,Format0 ,0.999,1,100.000,0.999
1781551689976138,normal,9109,97,0,1,Format1 ,0.518,1,73.611,0.497
1781551689978139,normal,9111,97,4,1,Format1 ,0.513,1,73.611,0.485
1781551689993452,normal,9126,97,9,0,Format0 ,0.994,1,100.000,0.994
1781551689996529,normal,9129,7884,4,1,Format2 ,0.523,2,65.278,0.472
1781551689996529,normal,9129,43123,2,0,Format0 ,0.996,2,97.222,0.945
1781551689998523,normal,9131,97,4,1,Format1 ,0.557,1,75.000,0.448
1781551690013847,normal,9146,97,9,0,Format0 ,0.999,1,100.000,0.999
1781551690054770,normal,9186,97,9,0,Format0 ,0.992,1,100.000,0.992
1781551692900374,normal,1738,96,2,1,Format1 ,0.514,1,73.611,0.494
1781551692908516,normal,1746,96,9,0,Format0 ,1.001,1,100.000,1.001
1781551692933316,normal,1770,96,7,0,Format0 ,0.996,1,100.000,0.996
1781551692943533,normal,1780,96,7,0,Format0 ,0.988,1,100.000,0.988
1781551692945204,normal,1782,37608,8,1,Format2 ,0.508,2,69.444,0.461
1781551692947261,normal,1784,96,3,0,Format0 ,1.012,1,100.000,1.012
1781551692949341,normal,1786,96,9,0,Format0 ,0.988,1,100.000,0.988
1781551692951370,normal,1788,96,2,1,Format1 ,0.511,1,77.778,0.495
1781551692954462,normal,1791,96,6,0,Format0 ,0.997,1,100.000,0.997
1781551692997433,normal,1833,96,1,0,Format0 ,0.984,1,100.000,0.984
1781551692999624,normal,1835,96,2,0,Format0 ,0.996,1,100.000,0.996
1781551693006583,normal,1842,96,8,1,Format1 ,0.525,1,75.694,0.506
1781551693008611,normal,1844,96,3,0,Format0 ,0.995,1,100.000,0.995
1781551693010649,normal,1846,96,9,0,Format0 ,0.994,1,100.000,0.994
1781551693025958,normal,1861,96,6,0,Format0 ,0.933,1,100.000,0.934
1781551693092175,normal,1926,96,8,1,Format1 ,0.510,1,72.917,0.494
1781551693112542,normal,1946,58592,8,1,Format2 ,0.533,2,67.361,0.431
1781551693239798,normal,2071,47785,6,1,Format2 ,0.518,2,72.917,0.432
1781551693246934,normal,2078,96,1,0,Format0 ,0.986,1,100.000,0.986
1781551693255083,normal,2086,96,8,1,Format1 ,0.513,1,76.389,0.486
1781551693280395,normal,2111,33348,6,1,Format2 ,0.511,2,69.444,0.461
1781551693287532,normal,2118,96,1,0,Format0 ,0.990,1,100.000,0.990
1781551693315989,normal,2146,96,8,1,Format1 ,0.503,1,74.306,0.483
1781551693317995,normal,2148,96,1,0,Format0 ,0.990,1,100.000,0.990
1781551693321041,normal,2151,96,6,1,Format1 ,0.513,1,76.389,0.496
1781551693358612,normal,2188,96,1,0,Format0 ,1.002,1,100.000,1.002
1781551693392154,normal,2221,60215,6,1,Format2 ,0.514,2,75.694,0.462
1781551693397216,normal,2226,55898,8,1,Format2 ,0.520,2,73.611,0.464
1781551693715631,normal,2531,96,6,0,Format0 ,0.994,1,100.000,0.994
1781551694416442,normal,3218,96,1,0,Format0 ,0.984,1,100.000,0.984
1781551694424593,normal,3226,43662,8,1,Format2 ,0.500,2,68.056,0.418
1781551694444977,normal,3246,96,8,1,Format1 ,0.522,1,77.778,0.504
1781551694448035,normal,3249,96,6,0,Format0 ,0.990,1,100.000,0.990
1781551694508135,normal,3308,96,1,0,Format0 ,0.993,1,100.000,0.993
1781551694546838,normal,3346,96,8,1,Format1 ,0.505,1,79.861,0.495
1781551694582519,normal,3381,96,6,1,Format1 ,0.515,1,75.000,0.496
1781551694637692,normal,3435,27891,2,1,Format2 ,0.513,2,75.000,0.470
1781551694643616,normal,3441,96,6,1,Format1 ,0.524,1,70.139,0.501
1781551694648777,normal,3446,325,8,1,Format2 ,0.517,2,69.444,0.408
1781551694704851,normal,3501,44956,6,1,Format2 ,0.503,1,73.611,0.462
1781551694709959,normal,3506,51209,8,1,Format2 ,0.502,2,70.139,0.458
1781551694740526,normal,3536,96,8,1,Format1 ,0.514,1,75.000,0.494
1781551694771130,normal,3566,62626,8,1,Format2 ,0.511,2,69.444,0.411
1781551694793463,normal,3588,96,1,0,Format0 ,1.010,1,100.000,1.010
1781551694857658,normal,3651,96,6,1,Format1 ,0.518,1,74.306,0.499
1781551695828092,normal,4602,96,7,0,Format0 ,0.994,1,100.000,0.994
1781551695834247,normal,4608,96,1,0,Format0 ,1.005,1,100.000,1.005
1781551695914030,normal,4686,38230,8,1,Format2 ,0.517,2,73.611,0.432
1781551695995750,normal,4766,96,8,1,Format1 ,0.511,1,76.389,0.495
1781551696346229,normal,5109,96,6,1,Format1 ,0.510,1,79.167,0.500
1781551696383968,normal,5146,2,0,3,Format1A,0.637,1,75.521,0.489
1781551696445337,normal,5206,106,0,1,Format1A,0.511,1,73.611,0.489
1781551696447365,normal,5208,96,1,0,Format0 ,1.008,1,100.000,1.008
1781551696465831,normal,5226,97,9,0,Format0 ,0.985,1,100.000,0.985
1781551696491419,normal,5251,63415,4,1,Format2 ,0.515,2,64.583,0.398
1781551696567912,normal,5326,97,9,0,Format0 ,0.992,1,100.000,0.992
1781551696710616,normal,5466,47634,4,1,Format2 ,0.509,2,70.833,0.381
1781551696835140,normal,5588,96,1,0,Format0 ,0.997,1,100.000,0.997
1781551697463245,normal,6206,107,4,1,Format1 ,0.519,1,77.083,0.502
1781551697483555,normal,6226,107,4,1,Format1 ,0.513,1,75.694,0.497
1781551700032566,normal,8660,97,3,0,Format0 ,0.992,1,100.000,0.992
1781551700038361,normal,8666,97,9,0,Format0 ,1.007,1,100.000,1.007
1781551700041432,normal,8669,17389,0,1,Format2 ,0.513,2,70.833,0.388
1781551700058785,normal,8686,97,9,0,Format0 ,0.996,1,100.000,0.996
1781551700061847,normal,8689,97,0,1,Format1 ,0.516,1,77.083,0.498
1781551700074061,normal,8701,25099,4,1,Format2 ,0.507,2,76.389,0.467
1781551700079125,normal,8706,97,9,0,Format0 ,0.993,1,100.000,0.993
1781551700082189,normal,8709,97,0,1,Format1 ,0.508,1,77.778,0.495
1781551700084225,normal,8711,97,4,1,Format1 ,0.510,1,72.917,0.495
1781551700094423,normal,8721,54547,4,2,Format1C,0.375,1,63.542,0.182
1781551700099491,normal,8726,97,9,0,Format0 ,0.995,1,100.000,0.995
1781551700102536,normal,8729,97,0,1,Format1 ,0.518,1,69.444,0.498
1781551700104626,normal,8731,27539,4,1,Format2 ,0.509,2,75.000,0.482
1781551700120011,normal,8746,97,9,0,Format0 ,0.999,1,100.000,0.999
1781551700123043,normal,8749,13082,0,1,Format2 ,0.512,2,70.833,0.414
1781551700125085,normal,8751,5474,4,1,Format2 ,0.509,2,79.167,0.457
1781551700140410,normal,8766,97,9,0,Format0 ,0.996,1,100.000,0.996
1781551700181133,normal,8806,97,9,0,Format0 ,0.995,1,100.000,0.995
1781551701508972,normal,10108,96,1,0,Format0 ,0.995,1,100.000,0.995
1781551701560107,normal,10158,96,1,0,Format0 ,1.008,1,100.000,1.008
1781552737358733,normal,6035,48421,14,1,Format1C,1.798,1,66.667,1.152
1781552737384115,normal,6049,39767,30,1,Format1C,2.017,1,65.278,1.437
1781552737421557,normal,6068,7362,6,1,Format2 ,2.172,2,81.250,1.779
1781552737523102,normal,6113,31544,16,1,Format1C,1.748,1,69.444,1.151
1781552737739882,normal,6229,54625,30,1,Format1C,1.590,1,65.278,1.070
1781552738209887,normal,6468,16583,0,3,Format1C,1.588,1,60.069,0.555
1781552738216899,normal,6471,40017,30,1,Format1C,1.034,1,70.139,0.608
1781552738363219,normal,6540,13061,8,2,Format1C,0.851,1,57.639,0.476
1781552738881083,normal,6812,37340,0,3,Format1C,0.708,1,57.812,0.195
1781552738888014,normal,6817,33885,0,1,Format1C,2.007,1,70.833,1.186
1781552738930967,normal,6840,42375,30,1,Format1C,0.729,1,65.278,0.515
1781552741212109,normal,9856,2,0,3,Format1A,0.515,1,77.257,0.499
1781552741257990,normal,9901,103,2,1,Format1A,0.509,1,73.611,0.496
1781552741259999,normal,9903,97,3,0,Format0 ,1.006,1,100.000,1.006
1781552741263057,normal,9906,97,9,0,Format0 ,0.991,1,100.000,0.991
1781552741266092,normal,9909,25099,0,1,Format2 ,0.512,2,75.000,0.468
1781552741283451,normal,9926,97,9,0,Format0 ,1.007,1,100.000,1.007
1781552741286461,normal,9929,49883,4,1,Format2 ,0.513,2,74.306,0.474
1781552741288492,normal,9931,97,4,1,Format1 ,0.514,1,73.611,0.495
1781552741298719,normal,9941,97,4,1,Format1 ,0.514,1,73.611,0.496
1781552741303802,normal,9946,97,9,0,Format0 ,1.008,1,100.000,1.008
1781552741305815,normal,9948,97,7,0,Format0 ,0.962,1,100.000,0.962
1781552741309846,normal,9952,11360,8,1,Format2 ,0.500,2,71.528,0.408
1781552741314960,normal,9957,97,9,0,Format0 ,0.991,1,100.000,0.991
1781552741316997,normal,9959,25099,0,1,Format2 ,0.521,2,75.000,0.477
1781552741324121,normal,9966,97,9,0,Format0 ,1.003,1,100.000,1.003
1781552741331232,normal,9973,97,3,0,Format0 ,0.994,1,100.000,0.994
1781552741334288,normal,9976,97,9,0,Format0 ,1.004,1,100.000,1.004
1781552741339400,normal,9981,97,4,1,Format1 ,0.510,1,75.694,0.500
1781552741344464,normal,9986,97,9,0,Format0 ,0.992,1,100.000,0.992
1781552741366864,normal,10008,97,7,0,Format0 ,1.008,1,100.000,1.008
1781552741369933,normal,10011,97,4,1,Format1 ,0.518,1,72.917,0.501
1781552741378083,normal,10019,97,0,1,Format1 ,0.510,1,79.167,0.499
1781552741380092,normal,10021,5747,4,1,Format2 ,0.508,2,69.444,0.415
1781552741385248,normal,10026,97,9,0,Format0 ,0.993,1,100.000,0.993
1781552741390329,normal,10031,17389,4,1,Format2 ,0.514,2,72.222,0.393
1781552741397479,normal,10038,25697,6,1,Format2 ,0.513,2,70.833,0.389
1781552741400509,normal,10041,27539,4,1,Format2 ,0.514,2,72.222,0.482
1781552741410702,normal,10051,97,4,1,Format1 ,0.572,1,77.778,0.485
1781552741413751,normal,10054,97,0,1,Format1 ,0.508,1,75.000,0.494
1781552741415826,normal,10056,97,9,0,Format0 ,0.989,1,100.000,0.989
1781552741420212,normal,10060,97,3,0,Format0 ,0.997,1,100.000,0.997
1781552741423963,normal,10064,97,9,0,Format0 ,0.997,1,100.000,0.997
1781552741425960,normal,10066,97,9,0,Format0 ,0.986,1,100.000,0.986
1781552741426976,normal,10067,97,9,0,Format0 ,1.004,1,100.000,1.004
1781552741431126,normal,10071,43517,4,2,Format2 ,0.515,2,71.875,0.348
1781552741433185,normal,10073,97,3,0,Format0 ,0.984,1,100.000,0.984
1781552741441341,normal,10081,97,4,1,Format1 ,0.515,1,76.389,0.496
1781552742098897,normal,486,2,0,3,Format1A,0.515,1,76.042,0.498
1781552742112049,normal,499,6007,2,1,Format0 ,1.000,2,81.944,0.649
1781552742137472,normal,524,104,0,3,Format1A,1.001,1,100.000,1.001
1781552742157903,normal,544,104,0,3,Format1 ,0.999,1,100.000,0.999
1781552744016864,normal,2372,104,9,0,Format0 ,0.949,1,98.611,0.949
1781552751460837,normal,9610,96,7,0,Format0 ,0.992,1,100.000,0.992
1781552751537880,normal,9686,18248,8,1,Format2 ,0.527,2,66.667,0.379
1781552751659316,normal,9805,12129,2,1,Format0 ,0.982,2,83.333,0.656
1781552751945649,normal,10086,97,9,0,Format0 ,0.990,1,100.000,0.990
1781552751948698,normal,10089,97,4,1,Format1 ,0.508,1,71.528,0.490
1781552751948698,normal,10089,43123,2,0,Format0 ,0.988,2,97.222,0.929
1781552751960919,normal,10101,25099,4,1,Format2 ,0.507,2,71.528,0.463
1781552751966022,normal,10106,97,9,0,Format0 ,1.009,1,100.000,1.009
1781552751969091,normal,10109,2400,0,1,Format2 ,0.525,2,72.917,0.477
1781552751971120,normal,10111,97,4,1,Format1 ,0.514,1,76.389,0.492
1781552751981294,normal,10121,25099,4,1,Format2 ,0.528,2,75.694,0.479
1781552751986408,normal,10126,97,9,0,Format0 ,1.004,1,100.000,1.004
1781552751989422,normal,10129,97,0,1,Format1 ,0.526,1,77.083,0.502
1781552751994518,normal,10134,97,9,0,Format0 ,0.996,1,100.000,0.996
1781552751997599,normal,10137,97,9,0,Format0 ,1.004,1,100.000,1.004
1781552752001683,normal,10141,13935,4,1,Format2 ,0.535,2,71.528,0.388
1781552752006808,normal,10146,97,9,0,Format0 ,1.007,1,100.000,1.007
1781552752009823,normal,10149,97,0,1,Format1 ,0.512,1,75.000,0.496
1781552752011863,normal,10151,25099,4,1,Format2 ,0.513,2,71.528,0.467
1781552752025093,normal,10164,97,9,0,Format0 ,1.001,1,100.000,1.001
1781552752027141,normal,10166,97,9,0,Format0 ,0.995,1,100.000,0.995
1781552752042425,normal,10181,10311,4,1,Format2 ,0.516,2,72.917,0.460
1781552752047535,normal,10186,97,9,0,Format0 ,0.995,1,100.000,0.995
1781552752050568,normal,10189,13935,0,1,Format2 ,0.508,2,72.222,0.387
1781552752052591,normal,10191,27539,4,1,Format2 ,0.518,2,70.833,0.486
1781552752062804,normal,10201,97,4,1,Format1 ,0.510,1,73.611,0.494
1781552752067891,normal,10206,97,9,0,Format0 ,0.985,1,100.000,0.985
1781552752088245,normal,10226,97,9,0,Format0 ,0.992,1,100.000,0.992
1781552752524152,normal,414,96,3,0,Format0 ,0.987,1,100.000,0.987
1781552752528241,normal,418,58759,2,1,Format2 ,0.513,2,71.528,0.420
1781552752536354,normal,426,96,8,1,Format1 ,0.573,1,79.167,0.475
1781552752538377,normal,428,96,1,0,Format0 ,0.970,1,100.000,0.970
1781552752548557,normal,438,96,1,0,Format0 ,0.996,1,100.000,0.996
1781552752586357,normal,475,96,2,0,Format0 ,0.992,1,100.000,0.992
1781552752591530,normal,480,96,7,0,Format0 ,0.988,1,100.000,0.988
1781552752593311,normal,482,96,8,1,Format1 ,0.523,1,79.861,0.505
1781552752595320,normal,484,96,3,0,Format0 ,1.009,1,100.000,1.009
1781552752597343,normal,486,96,9,0,Format0 ,1.001,1,100.000,1.001
1781552752599363,normal,488,96,2,1,Format1 ,0.526,1,73.611,0.497
1781552752601698,normal,490,96,7,0,Format0 ,0.990,1,100.000,0.990
1781552752603427,normal,492,96,8,1,Format1 ,0.513,1,70.833,0.488
1781552752609562,normal,498,96,2,1,Format1 ,0.511,1,72.917,0.491
1781552752612605,normal,501,96,6,1,Format1 ,0.518,1,70.833,0.497
1781552752617695,normal,506,59429,8,1,Format2 ,0.513,2,70.833,0.423
1781552752619753,normal,508,96,1,0,Format0 ,0.992,1,100.000,0.992
1781552752638073,normal,526,96,9,0,Format0 ,1.003,1,100.000,1.003
1781552752640133,normal,528,30888,0,3,Format1 ,0.330,1,60.243,0.135
1781552752645212,normal,533,96,1,0,Format0 ,0.995,1,100.000,0.995
1781552752652676,normal,540,96,6,0,Format0 ,1.013,1,100.000,1.013
1781552752656407,normal,544,96,2,1,Format1 ,0.479,1,79.167,0.467
1781552752658393,normal,546,23881,8,1,Format2 ,0.507,2,69.444,0.387
1781552752663509,normal,551,96,6,0,Format0 ,0.991,1,100.000,0.991
1781552752665540,normal,553,96,1,0,Format0 ,0.998,1,100.000,0.998
1781552752669619,normal,557,49744,0,3,Format1C,0.359,1,57.986,0.121
1781552752673741,normal,561,96,6,0,Format0 ,0.999,1,100.000,0.999
1781552752675743,normal,563,96,1,0,Format0 ,0.987,1,100.000,0.987
1781552752678816,normal,566,96,9,0,Format0 ,0.960,1,100.000,0.960
1781552752683892,normal,571,96,6,1,Format1 ,0.513,1,74.306,0.498
1781552752704266,normal,591,56915,6,1,Format2 ,0.517,2,77.778,0.473
1781552752725626,normal,612,96,7,0,Format0 ,1.005,1,100.000,1.005
1781552752726689,normal,613,96,1,0,Format0 ,0.989,1,100.000,0.989
1781552752739033,normal,625,50785,2,0,Format0 ,0.984,2,97.222,0.932
1781552752739033,normal,625,20580,3,0,Format0 ,0.979,1,81.944,0.642
1781552752762337,normal,648,96,2,1,Format1 ,0.523,1,73.611,0.488
1781552752764722,normal,650,27891,6,1,Format2 ,0.520,2,72.222,0.477
1781552752766415,normal,652,96,7,0,Format0 ,0.998,1,100.000,0.998
1781552752772497,normal,658,96,1,0,Format0 ,0.997,1,100.000,0.997
1781552752774911,normal,660,96,6,1,Format1 ,0.509,1,72.917,0.493
1781552752780637,normal,666,96,9,0,Format0 ,0.997,1,100.000,0.997
1781552752806069,normal,691,96,6,0,Format0 ,0.955,1,100.000,0.956
1781552752973931,normal,856,96,8,1,Format1 ,0.509,1,78.472,0.496
1781552752976970,normal,859,96,6,1,Format1 ,0.520,1,74.306,0.506
1781552753024818,normal,906,96,8,1,Format1 ,0.509,1,77.083,0.489
1781552753026841,normal,908,96,1,0,Format0 ,0.996,1,100.000,0.996
1781552753029904,normal,911,11984,6,1,Format2 ,0.495,2,69.444,0.427
1781552753077638,normal,958,96,1,0,Format0 ,1.000,1,100.000,1.000
1781552753195679,normal,1074,96,2,0,Format0 ,0.964,1,95.833,0.933
1781552753210973,normal,1089,96,6,1,Format1 ,0.499,1,72.222,0.482
1781552753228263,normal,1106,96,8,1,Format1 ,0.499,1,70.833,0.477
1781552753230325,normal,1108,96,1,0,Format0 ,0.994,1,100.000,0.994
1781552753233344,normal,1111,96,6,1,Format1 ,0.510,1,71.528,0.487
1781552753420856,normal,1294,96,2,0,Format0 ,0.947,1,91.667,0.908
1781552753449492,normal,1323,96,1,0,Format0 ,0.937,1,100.000,0.937
1781552753736869,normal,1605,23386,2,0,Format0 ,0.992,2,97.222,0.936
1781552753777564,normal,1645,12129,2,1,Format0 ,0.988,2,83.333,0.657
1781552753818313,normal,1685,55259,2,1,Format0 ,0.940,2,79.167,0.556
1781552754020882,normal,1884,96,2,1,Format1 ,0.464,1,71.528,0.444
1781552754131997,normal,1993,16355,0,2,Format1 ,0.387,1,62.847,0.242
1781552754140155,normal,2001,31961,6,1,Format2 ,0.521,2,69.444,0.437
1781552754149674,normal,2010,96,7,0,Format0 ,0.984,1,100.000,0.984
1781552754172838,normal,2033,96,1,0,Format0 ,1.023,1,100.000,1.023
1781552754186110,normal,2046,96,9,0,Format0 ,0.993,1,100.000,0.993
1781552754206516,normal,2066,96,8,1,Format1 ,0.583,1,74.306,0.474
1781552754211605,normal,2071,96,6,1,Format1 ,0.518,1,77.778,0.506
1781552754226887,normal,2086,96,8,1,Format1 ,0.507,1,70.833,0.482
1781552754241448,normal,2100,96,7,0,Format0 ,0.986,1,100.000,0.986
1781552754247276,normal,2106,18412,8,1,Format2 ,0.513,2,72.222,0.458
1781552754253366,normal,2112,38239,8,1,Format2 ,0.523,2,72.917,0.475
1781552754267678,normal,2126,96,8,1,Format1 ,0.519,1,73.611,0.503
1781552754284970,normal,2143,96,1,0,Format0 ,0.972,1,100.000,0.972
1781552754333892,normal,2191,96,6,0,Format0 ,0.998,1,100.000,0.998
1781552754335927,normal,2193,96,1,0,Format0 ,0.979,1,100.000,0.979
1781552754379808,normal,2236,43597,8,1,Format2 ,0.505,2,75.694,0.460
1781552754389985,normal,2246,13279,8,1,Format2 ,0.462,2,70.833,0.412
1781552754395130,normal,2251,56915,6,1,Format2 ,0.515,2,77.778,0.470
1781552754404667,normal,2260,96,6,1,Format1 ,0.509,1,81.250,0.498
1781552754408391,normal,2264,749,2,1,Format2 ,0.506,2,76.389,0.410
1781552754412448,normal,2268,44773,2,1,Format2 ,0.506,2,72.917,0.411
1781552754414921,normal,2270,96,6,0,Format0 ,0.932,1,100.000,0.932
1781552754417548,normal,2273,96,1,0,Format0 ,0.919,1,100.000,0.919
1781552754422630,normal,2278,96,1,0,Format0 ,0.853,1,93.056,0.791
1781552754427363,normal,2282,96,7,0,Format0 ,1.051,1,91.667,0.951
1781552754435956,normal,2291,96,6,0,Format0 ,1.005,1,100.000,1.005
1781552754446164,normal,2301,96,6,1,Format1 ,0.588,1,72.222,0.500
1781552754449230,normal,2304,96,2,1,Format1 ,0.525,1,78.472,0.507
1781552754507242,normal,2361,96,6,0,Format0 ,0.988,1,100.000,0.988
1781552754512284,normal,2366,96,9,0,Format0 ,0.995,1,100.000,0.995
1781552754524469,normal,2378,96,1,0,Format0 ,0.992,1,100.000,0.992
1781552754531791,normal,2385,50785,2,0,Format0 ,1.012,2,97.222,0.958
1781552754624393,normal,2476,96,8,1,Format1 ,0.603,1,72.917,0.496
1781552754626436,normal,2478,96,1,0,Format0 ,1.002,1,100.000,1.002
1781552754667177,normal,2518,96,1,0,Format0 ,0.960,1,100.000,0.960
1781552754674516,normal,2525,12129,2,1,Format0 ,0.938,2,83.333,0.625
1781552754676395,normal,2527,96,0,1,Format1 ,0.506,1,75.694,0.484
1781552754696083,normal,2546,96,8,0,Format0 ,0.999,1,95.833,0.963
1781552754705378,normal,2555,96,2,1,Format1 ,0.531,1,74.306,0.463
1781552754707246,normal,2557,96,0,1,Format1 ,0.526,1,75.694,0.503
1781552754716454,normal,2566,96,8,1,Format1 ,0.516,1,74.306,0.499
1781552754718487,normal,2568,96,2,1,Format1 ,0.522,1,73.611,0.499
1781552754748196,normal,2597,96,0,1,Format1 ,0.557,1,75.000,0.452
1781552754770690,normal,2619,96,6,1,Format1 ,0.507,1,68.750,0.487
1781552754800202,normal,2648,36457,2,1,Format2 ,0.519,2,77.083,0.473
1781552754816503,normal,2664,96,3,0,Format0 ,1.006,1,95.833,0.993
1781552754833067,normal,2680,96,7,0,Format0 ,1.051,1,100.000,1.051
1781552754834835,normal,2682,96,7,0,Format0 ,0.997,1,100.000,0.997
1781552754835849,normal,2683,96,1,0,Format0 ,1.019,1,100.000,1.020
1781552754838925,normal,2686,96,8,1,Format1 ,0.508,1,72.917,0.489
1781552754891908,normal,2738,96,1,0,Format0 ,1.000,1,100.000,1.000
1781552754894965,normal,2741,96,6,1,Format1 ,0.621,1,76.389,0.535
1781552754905137,normal,2751,18779,6,1,Format2 ,0.501,2,72.222,0.453
1781552754912298,normal,2758,96,1,0,Format0 ,0.985,1,100.000,0.985
1781552754915359,normal,2761,96,6,0,Format0 ,0.980,1,100.000,0.981
1781552754917377,normal,2763,96,1,0,Format0 ,0.993,1,100.000,0.993
1781552754919584,normal,2765,12129,2,1,Format0 ,0.959,2,83.333,0.645
1781552754925579,normal,2771,96,6,0,Format0 ,1.001,1,100.000,1.001
1781552754928613,normal,2774,9958,2,1,Format2 ,0.518,2,72.917,0.474
1781552754936762,normal,2782,96,7,0,Format0 ,0.951,1,98.611,0.948
1781552754938794,normal,2784,96,3,0,Format0 ,0.975,1,100.000,0.976
1781552754940817,normal,2786,96,8,1,Format1 ,0.516,1,78.472,0.501
1781552754943890,normal,2789,96,6,1,Format1 ,0.510,1,73.611,0.494
1781552754945928,normal,2791,26935,6,1,Format2 ,0.492,2,74.306,0.452
1781552754951003,normal,2796,96,8,0,Format0 ,0.776,1,91.667,0.740
1781552754964316,normal,2809,96,6,0,Format0 ,1.006,1,100.000,1.006
1781552754970554,normal,2815,96,2,1,Format1 ,0.514,1,79.167,0.500
1781552754972438,normal,2817,29875,0,1,Format2 ,0.518,2,77.778,0.478
1781552754978540,normal,2823,96,1,0,Format0 ,0.993,1,100.000,0.993
1781552754986686,normal,2831,96,6,1,Format1 ,0.518,1,72.917,0.503
1781552755024424,normal,2868,96,1,0,Format0 ,0.989,1,100.000,0.989
1781552755034637,normal,2878,96,1,0,Format0 ,0.991,1,100.000,0.991
1781552755103891,normal,2946,4593,8,1,Format2 ,0.523,2,74.306,0.469
1781552755116088,normal,2958,96,1,0,Format0 ,1.000,1,100.000,1.000
1781552755124225,normal,2966,96,8,1,Format1 ,0.516,1,77.083,0.495
1781552755134421,normal,2976,96,9,0,Format0 ,1.053,1,94.444,1.031
1781552755143823,normal,2985,28594,2,0,Format0 ,0.923,2,97.222,0.865
1781552755156897,normal,2998,96,1,0,Format0 ,0.932,1,100.000,0.932
1781552755159973,normal,3001,96,6,1,Format1 ,0.473,1,75.000,0.451
1781552755165042,normal,3006,96,8,1,Format1 ,0.550,1,80.556,0.484
1781552755176225,normal,3017,96,0,1,Format1 ,0.622,1,72.917,0.534
1781552755182389,normal,3023,26040,0,2,Format1C,0.390,1,59.028,0.182
1781552755192661,normal,3033,96,1,0,Format0 ,1.004,1,100.000,1.004
1781552755194872,normal,3035,96,2,0,Format0 ,0.983,1,100.000,0.983
1781552755267059,normal,3106,96,8,0,Format0 ,0.943,1,94.444,0.875
1781552755286531,normal,3125,23386,2,0,Format0 ,0.920,2,97.222,0.865
1781552755450145,normal,3285,23386,2,0,Format0 ,0.978,2,97.222,0.922
1781552755624248,normal,3456,436,8,1,Format2 ,0.530,2,77.778,0.479
1781552758206896,normal,5986,96,8,1,Format1 ,0.512,1,72.917,0.491
1781552758311650,normal,6089,43123,2,0,Format0 ,0.997,2,97.222,0.943
1781552758330956,normal,6108,96,1,0,Format0 ,0.988,1,100.000,0.988
1781552758349278,normal,6126,50939,8,1,Format2 ,0.515,2,76.389,0.474
1781552758456084,normal,6231,9056,6,1,Format2 ,0.511,2,70.833,0.413
1781552760304314,normal,8045,12129,2,1,Format0 ,0.991,2,83.333,0.661
1781552760325552,normal,8066,11390,8,1,Format2 ,0.521,2,79.167,0.481
1781552760345923,normal,8086,40575,8,1,Format2 ,0.521,2,74.306,0.461
1781552760368296,normal,8108,25744,0,2,Format1A,0.480,1,64.931,0.286
1781552760376451,normal,8116,96,9,0,Format0 ,1.027,1,100.000,1.027
1781552760386638,normal,8126,5093,8,1,Format2 ,0.512,2,75.694,0.467
1781552760473296,normal,8211,96,6,1,Format1 ,0.513,1,74.306,0.493
1781552760490593,normal,8228,96,1,0,Format0 ,1.008,1,100.000,1.008
1781552761167998,normal,8886,2,0,3,Format1A,0.521,1,75.347,0.501
1781552761290005,normal,9006,105,9,0,Format0 ,0.967,1,100.000,0.967
1781552761513757,normal,9226,96,8,1,Format1 ,0.512,1,73.611,0.490
1781552761976636,normal,9681,97,4,1,Format1 ,0.527,1,78.472,0.510
1781552761978658,normal,9683,97,3,0,Format0 ,0.992,1,100.000,0.992
1781552761981774,normal,9686,97,9,0,Format0 ,0.982,1,100.000,0.982
1781552761984805,normal,9689,5322,0,1,Format2 ,0.516,2,72.917,0.430
1781552762002126,normal,9706,97,9,0,Format0 ,0.986,1,100.000,0.986
1781552762005155,normal,9709,97,0,1,Format1 ,0.514,1,73.611,0.493
1781552762007164,normal,9711,97,4,1,Format1 ,0.509,1,77.778,0.491
1781552762022380,normal,9726,97,9,0,Format0 ,0.979,1,100.000,0.979
1781552762025433,normal,9729,97,0,1,Format1 ,0.534,1,79.167,0.512
1781552762042731,normal,9746,97,9,0,Format0 ,0.968,1,98.611,0.968
1781552762045799,normal,9749,97,0,2,Format1 ,0.304,1,66.319,0.258
1781552762047829,normal,9751,97,4,1,Format1 ,0.522,1,73.611,0.493
1781552762063102,normal,9766,97,9,0,Format0 ,0.992,1,100.000,0.992
1781552762066171,normal,9769,97,4,1,Format1 ,0.509,1,79.167,0.496
1781552762066171,normal,9769,43123,2,0,Format0 ,0.994,2,97.222,0.943
1781552762068202,normal,9771,97,4,1,Format1 ,0.507,1,78.472,0.495
1781552762078395,normal,9781,9864,4,1,Format2 ,0.517,2,76.389,0.472
1781552762083493,normal,9786,97,9,0,Format0 ,0.991,1,100.000,0.991
1781552762086537,normal,9789,97,0,1,Format1 ,0.519,1,79.861,0.509
1781552762090589,normal,9793,97,3,0,Format0 ,0.997,1,100.000,0.997
1781552762103820,normal,9806,97,9,0,Format0 ,1.002,1,100.000,1.002
1781552762106886,normal,9809,97,0,1,Format1 ,0.516,1,71.528,0.498
1781552762108894,normal,9811,97,4,1,Format1 ,0.522,1,72.917,0.499
1781552762124166,normal,9826,97,9,0,Format0 ,0.988,1,100.000,0.988
1781552763434709,normal,872,96,7,0,Format0 ,1.007,1,100.000,1.008
1781552763471352,normal,908,96,1,0,Format0 ,1.003,1,100.000,1.003
1781552764616063,normal,1966,97,9,0,Format0 ,1.009,1,100.000,1.009
1781552764697696,normal,2046,97,9,0,Format0 ,0.990,1,100.000,0.990
1781552772124183,normal,9326,97,9,0,Format0 ,0.998,1,100.000,0.998
1781552772127234,normal,9329,97,0,1,Format1 ,0.524,1,76.389,0.508
1781552772134363,normal,9336,97,9,0,Format0 ,0.916,1,98.611,0.907
1781552772144530,normal,9346,97,9,0,Format0 ,0.990,1,100.000,0.990
1781552772147653,normal,9349,18302,0,1,Format2 ,0.519,2,74.306,0.475
1781552772149626,normal,9351,7613,4,1,Format2 ,0.512,2,81.944,0.474
1781552772150767,normal,9352,97,8,1,Format1 ,0.508,1,71.528,0.486
1781552772164914,normal,9366,97,9,0,Format0 ,0.983,1,100.000,0.983
1781552772167985,normal,9369,47004,0,1,Format2 ,0.513,2,74.306,0.416
1781552772170017,normal,9371,45788,4,1,Format2 ,0.514,2,77.778,0.471
1781552772180221,normal,9381,15030,4,1,Format2 ,0.509,2,68.750,0.364
1781552772185308,normal,9386,97,9,0,Format0 ,0.995,1,100.000,0.995
1781552772188355,normal,9389,97,0,1,Format1 ,0.513,1,79.861,0.498
1781552772190371,normal,9391,97,4,1,Format1 ,0.509,1,75.000,0.490
1781552772205619,normal,9406,97,9,0,Format0 ,0.978,1,100.000,0.978
1781552772220931,normal,9421,97,4,1,Format1 ,0.515,1,74.306,0.495
1781552772222961,normal,9423,97,3,0,Format0 ,1.000,1,100.000,1.000
1781552772226015,normal,9426,97,9,0,Format0 ,0.994,1,100.000,0.994
1781552772229083,normal,9429,97,0,1,Format1 ,0.507,1,75.694,0.490
1781552772231091,normal,9431,97,4,1,Format1 ,0.514,1,75.000,0.496
1781552772240688,normal,9440,97,3,0,Format0 ,0.701,1,100.000,0.701
1781552772242358,normal,9442,97,8,1,Format1 ,0.577,1,74.306,0.468
1781552772246437,normal,9446,97,9,0,Format0 ,0.994,1,100.000,0.994
1781552772251504,normal,9451,6654,4,1,Format2 ,0.515,2,72.917,0.468
1781552772261049,normal,9460,97,3,0,Format0 ,0.952,1,100.000,0.952
1781552772264755,normal,9464,97,9,0,Format0 ,0.993,1,100.000,0.993
1781552772266762,normal,9466,97,9,0,Format0 ,0.989,1,100.000,0.989
1781552772269818,normal,9469,15856,0,1,Format2 ,0.511,2,75.000,0.470
1781552772271838,normal,9471,45087,4,1,Format2 ,0.505,2,72.222,0.461
1781552772287113,normal,9486,97,9,0,Format0 ,0.996,1,100.000,0.996
1781552776128829,normal,3006,96,8,1,Format1 ,0.511,1,75.694,0.489
1781552778169030,normal,5006,96,8,1,Format1 ,0.526,1,77.778,0.504
1781552782256041,normal,9001,97,4,1,Format1 ,0.515,1,73.611,0.495
1781552782261130,normal,9006,97,9,0,Format0 ,0.986,1,100.000,0.986
1781552782263146,normal,9008,97,7,0,Format0 ,0.993,1,100.000,0.993
1781552782266189,normal,9011,97,4,2,Format1 ,0.304,1,63.542,0.252
1781552782268253,normal,9013,97,3,0,Format0 ,1.004,1,100.000,1.004
1781552782281465,normal,9026,97,9,0,Format0 ,0.987,1,100.000,0.987
1781552782286552,normal,9031,952,4,1,Format2 ,0.522,2,73.611,0.474
1781552782296745,normal,9041,25099,4,1,Format2 ,0.505,2,78.472,0.466
1781552782301832,normal,9046,97,9,0,Format0 ,1.004,1,100.000,1.004
1781552782304883,normal,9049,45087,0,1,Format2 ,0.514,2,70.833,0.470
1781552782306899,normal,9051,97,4,1,Format1 ,0.510,1,77.778,0.499
1781552782317136,normal,9061,97,4,1,Format1 ,0.516,1,75.000,0.500
1781552782322209,normal,9066,97,9,0,Format0 ,0.989,1,100.000,0.989
1781552782327283,normal,9071,7613,4,1,Format2 ,0.510,2,79.861,0.469
1781552782342543,normal,9086,97,9,0,Format0 ,0.984,1,100.000,0.984
1781552782345602,normal,9089,97,0,1,Format1 ,0.521,1,66.667,0.482
1781552782357852,normal,9101,3657,4,1,Format2 ,0.503,2,75.000,0.458
1781552782362924,normal,9106,97,9,0,Format0 ,0.999,1,100.000,0.999
1781552782363960,normal,9107,97,9,0,Format0 ,1.002,1,100.000,1.002
1781552782365985,normal,9109,97,0,1,Format1 ,0.518,1,73.611,0.497
1781552782368075,normal,9111,97,4,1,Format1 ,0.513,1,73.611,0.485
1781552782371131,normal,9114,97,9,0,Format0 ,0.990,1,100.000,0.990
1781552782373130,normal,9116,97,9,0,Format0 ,0.982,1,100.000,0.982
1781552782383322,normal,9126,97,9,0,Format0 ,0.994,1,100.000,0.994
1781552782386387,normal,9129,7884,4,1,Format2 ,0.523,2,65.278,0.472
1781552782386387,normal,9129,43123,2,0,Format0 ,0.996,2,97.222,0.945
1781552782388421,normal,9131,97,4,1,Format1 ,0.557,1,75.000,0.448
1781552782393549,normal,9136,97,9,0,Format0 ,0.977,1,100.000,0.977
1781552782403752,normal,9146,97,9,0,Format0 ,0.999,1,100.000,0.999
1781552782444505,normal,9186,97,9,0,Format0 ,0.992,1,100.000,0.992
1781552785286368,normal,1738,96,2,1,Format1 ,0.514,1,73.611,0.494
1781552785294493,normal,1746,96,9,0,Format0 ,1.001,1,100.000,1.001
1781552785319177,normal,1770,96,7,0,Format0 ,0.996,1,100.000,0.996
1781552785329424,normal,1780,96,7,0,Format0 ,0.988,1,100.000,0.988
1781552785331121,normal,1782,37608,8,1,Format2 ,0.508,2,69.444,0.461
1781552785333141,normal,1784,96,3,0,Format0 ,1.012,1,100.000,1.012
1781552785335197,normal,1786,96,9,0,Format0 ,0.988,1,100.000,0.988
1781552785337226,normal,1788,96,2,1,Format1 ,0.511,1,77.778,0.495
1781552785340305,normal,1791,96,6,0,Format0 ,0.997,1,100.000,0.997
1781552785383070,normal,1833,96,1,0,Format0 ,0.984,1,100.000,0.984
1781552785385314,normal,1835,96,2,0,Format0 ,0.996,1,100.000,0.996
1781552785392259,normal,1842,96,8,1,Format1 ,0.525,1,75.694,0.506
1781552785394261,normal,1844,96,3,0,Format0 ,0.995,1,100.000,0.995
1781552785396308,normal,1846,96,9,0,Format0 ,0.994,1,100.000,0.994
1781552785406495,normal,1856,96,8,1,Format1 ,0.502,1,79.861,0.488
1781552785411559,normal,1861,96,6,0,Format0 ,0.933,1,100.000,0.934
1781552785477870,normal,1926,96,8,1,Format1 ,0.510,1,72.917,0.494
1781552785485952,normal,1934,96,2,1,Format1 ,0.517,1,75.694,0.496
1781552785498163,normal,1946,58592,8,1,Format2 ,0.533,2,67.361,0.431
1781552785625288,normal,2071,47785,6,1,Format2 ,0.518,2,72.917,0.432
1781552785632397,normal,2078,96,1,0,Format0 ,0.986,1,100.000,0.986
1781552785635471,normal,2081,325,6,1,Format2 ,0.514,2,71.528,0.404
1781552785640556,normal,2086,96,8,1,Format1 ,0.513,1,76.389,0.486
1781552785665929,normal,2111,33348,6,1,Format2 ,0.511,2,69.444,0.461
1781552785673057,normal,2118,96,1,0,Format0 ,0.990,1,100.000,0.990
1781552785701483,normal,2146,96,8,1,Format1 ,0.503,1,74.306,0.483
1781552785703501,normal,2148,96,1,0,Format0 ,0.990,1,100.000,0.990
1781552785706551,normal,2151,96,6,1,Format1 ,0.513,1,76.389,0.496
1781552785744145,normal,2188,96,1,0,Format0 ,1.002,1,100.000,1.002
1781552785844372,normal,2221,60215,6,1,Format2 ,0.514,2,75.694,0.462
1781552785849448,normal,2226,55898,8,1,Format2 ,0.520,2,73.611,0.464
1781552786159960,normal,2531,96,6,0,Format0 ,0.994,1,100.000,0.994
1781552786853134,normal,3209,43123,2,0,Format0 ,0.998,2,97.222,0.943
1781552786862260,normal,3218,96,1,0,Format0 ,0.984,1,100.000,0.984
1781552786870442,normal,3226,43662,8,1,Format2 ,0.500,2,68.056,0.418
1781552786890855,normal,3246,96,8,1,Format1 ,0.522,1,77.778,0.504
1781552786892890,normal,3248,96,2,1,Format1 ,0.518,1,70.833,0.497
1781552786933685,normal,3288,96,2,1,Format1 ,0.508,1,73.611,0.489
1781552786988842,normal,3342,96,7,0,Format0 ,0.982,1,100.000,0.982
1781552786992866,normal,3346,96,8,1,Format1 ,0.505,1,79.861,0.495
1781552787022697,normal,3375,28426,2,1,Format2 ,0.576,2,75.000,0.458
1781552787083919,normal,3435,27891,2,1,Format2 ,0.513,2,75.000,0.470
1781552787086830,normal,3438,96,1,0,Format0 ,0.997,1,100.000,0.997
1781552787094983,normal,3446,325,8,1,Format2 ,0.517,2,69.444,0.408
1781552787097020,normal,3448,96,1,0,Format0 ,0.991,1,100.000,0.991
1781552787151104,normal,3501,44956,6,1,Format2 ,0.503,1,73.611,0.462
1781552787156221,normal,3506,51209,8,1,Format2 ,0.502,2,70.139,0.458
1781552787186800,normal,3536,96,8,1,Format1 ,0.514,1,75.000,0.494
1781552787217421,normal,3566,62626,8,1,Format2 ,0.511,2,69.444,0.411
1781552787239889,normal,3588,96,1,0,Format0 ,1.010,1,100.000,1.010
1781552787254123,normal,3602,96,7,0,Format0 ,0.962,1,97.222,0.931
1781552787290852,normal,3638,96,1,0,Format0 ,0.988,1,100.000,0.988
1781552787304055,normal,3651,96,6,1,Format1 ,0.518,1,74.306,0.499
1781552788297883,normal,4626,96,8,0,Format0 ,0.912,1,100.000,0.913
1781552788359188,normal,4686,38230,8,1,Format2 ,0.517,2,73.611,0.432
1781552788440999,normal,4766,96,8,1,Format1 ,0.511,1,76.389,0.495
1781552788791833,normal,5109,96,6,1,Format1 ,0.510,1,79.167,0.500
1781552788829609,normal,5146,2,0,3,Format1A,0.637,1,75.521,0.489
1781552788890967,normal,5206,106,0,1,Format1A,0.511,1,73.611,0.489
1781552788893018,normal,5208,96,1,0,Format0 ,1.008,1,100.000,1.008
1781552788911402,normal,5226,97,9,0,Format0 ,0.985,1,100.000,0.985
1781552788937048,normal,5251,63415,4,1,Format2 ,0.515,2,64.583,0.398
1781552789013590,normal,5326,97,9,0,Format0 ,0.992,1,100.000,0.992
1781552789156283,normal,5466,47634,4,1,Format2 ,0.509,2,70.833,0.381
1781552789243917,normal,5552,107,0,1,Format1 ,0.519,1,75.694,0.500
1781552789280574,normal,5588,96,1,0,Format0 ,0.997,1,100.000,0.997
1781552789844982,normal,6143,107,9,0,Format0 ,0.989,1,100.000,0.989
1781552789909041,normal,6206,107,4,1,Format1 ,0.519,1,77.083,0.502
1781552789929343,normal,6226,107,4,1,Format1 ,0.513,1,75.694,0.497
1781552792421153,normal,8661,5322,4,1,Format2 ,0.506,2,75.000,0.432
1781552792426231,normal,8666,97,9,0,Format0 ,1.007,1,100.000,1.007
1781552792429293,normal,8669,17389,0,1,Format2 ,0.513,2,70.833,0.388
1781552792434378,normal,8674,97,9,0,Format0 ,1.002,1,100.000,1.002
1781552792446658,normal,8686,97,9,0,Format0 ,0.996,1,100.000,0.996
1781552792449678,normal,8689,97,0,1,Format1 ,0.516,1,77.083,0.498
1781552792461996,normal,8701,25099,4,1,Format2 ,0.507,2,76.389,0.467
1781552792467094,normal,8706,97,9,0,Format0 ,0.993,1,100.000,0.993
1781552792470125,normal,8709,97,0,1,Format1 ,0.508,1,77.778,0.495
1781552792472145,normal,8711,97,4,1,Format1 ,0.510,1,72.917,0.495
1781552792487435,normal,8726,97,9,0,Format0 ,0.995,1,100.000,0.995
1781552792492580,normal,8731,27539,4,1,Format2 ,0.509,2,75.000,0.482
1781552792507936,normal,8746,97,9,0,Format0 ,0.999,1,100.000,0.999
1781552792510987,normal,8749,13082,0,1,Format2 ,0.512,2,70.833,0.414
1781552792513026,normal,8751,5474,4,1,Format2 ,0.509,2,79.167,0.457
1781552792518125,normal,8756,97,9,0,Format0 ,0.987,1,100.000,0.987
1781552792528302,normal,8766,97,9,0,Format0 ,0.996,1,100.000,0.996
1781552792536413,normal,8774,97,9,0,Format0 ,0.996,1,100.000,0.996
1781552792569046,normal,8806,97,9,0,Format0 ,0.995,1,100.000,0.995
1781552793896988,normal,10108,96,1,0,Format0 ,0.995,1,100.000,0.995
1781552793948103,normal,10158,96,1,0,Format0 ,1.008,1,100.000,1.008
1781552961878085,normal,6129,55689,30,1,Format1C,1.685,1,62.500,1.118
1781552962061552,normal,6229,54625,30,1,Format1C,1.590,1,65.278,1.070
1781552962140583,normal,6269,30528,18,1,Format1C,2.473,1,66.667,1.707
1781552962244001,normal,6324,55640,0,2,Format1A,0.357,1,63.194,0.291
1781552962355528,normal,6377,40955,4,1,Format1C,0.989,1,70.139,0.695
1781552962355528,normal,6377,12180,13,0,Format0 ,1.507,1,93.056,1.484
1781552963382477,normal,6883,28160,30,1,Format1C,0.907,1,66.667,0.697
1781552965567038,normal,9901,103,2,1,Format1A,0.509,1,73.611,0.496
1781552965569041,normal,9903,97,3,0,Format0 ,1.006,1,100.000,1.006
1781552965572089,normal,9906,97,9,0,Format0 ,0.991,1,100.000,0.991
1781552965575110,normal,9909,25099,0,1,Format2 ,0.512,2,75.000,0.468
1781552965592394,normal,9926,97,9,0,Format0 ,1.007,1,100.000,1.007
1781552965595409,normal,9929,49883,4,1,Format2 ,0.513,2,74.306,0.474
1781552965597434,normal,9931,97,4,1,Format1 ,0.514,1,73.611,0.495
1781552965607610,normal,9941,97,4,1,Format1 ,0.514,1,73.611,0.496
1781552965612692,normal,9946,97,9,0,Format0 ,1.008,1,100.000,1.008
1781552965614692,normal,9948,97,7,0,Format0 ,0.962,1,100.000,0.962
1781552965618771,normal,9952,11360,8,1,Format2 ,0.500,2,71.528,0.408
1781552965623848,normal,9957,97,9,0,Format0 ,0.991,1,100.000,0.991
1781552965633005,normal,9966,97,9,0,Format0 ,1.003,1,100.000,1.003
1781552965643181,normal,9976,97,9,0,Format0 ,1.004,1,100.000,1.004
1781552965648229,normal,9981,97,4,1,Format1 ,0.510,1,75.694,0.500
1781552965650292,normal,9983,97,3,0,Format0 ,0.990,1,100.000,0.990
1781552965668553,normal,10001,97,4,1,Format1 ,0.508,1,74.306,0.495
1781552965676658,normal,10009,97,0,1,Format1 ,0.511,1,75.694,0.495
1781552965678679,normal,10011,97,4,1,Format1 ,0.518,1,72.917,0.501
1781552965680717,normal,10013,97,3,0,Format0 ,1.002,1,100.000,1.002
1781552965693943,normal,10026,97,9,0,Format0 ,0.993,1,100.000,0.993
1781552965698986,normal,10031,17389,4,1,Format2 ,0.514,2,72.222,0.393
1781552965706104,normal,10038,25697,6,1,Format2 ,0.513,2,70.833,0.389
1781552965709148,normal,10041,27539,4,1,Format2 ,0.514,2,72.222,0.482
1781552965717265,normal,10049,97,0,1,Format1 ,0.514,1,79.861,0.502
1781552965719295,normal,10051,97,4,1,Format1 ,0.572,1,77.778,0.485
1781552965722331,normal,10054,97,0,1,Format1 ,0.508,1,75.000,0.494
1781552965724362,normal,10056,97,9,0,Format0 ,0.989,1,100.000,0.989
1781552965733713,normal,10065,10528,4,1,Format2 ,0.501,2,67.361,0.375
1781552965739630,normal,10071,43517,4,2,Format2 ,0.515,2,71.875,0.348
1781552966405019,normal,486,2,0,3,Format1A,0.515,1,76.042,0.498
1781552966418248,normal,499,6007,2,1,Format0 ,1.000,2,81.944,0.649
1781552966443582,normal,524,104,0,3,Format1A,1.001,1,100.000,1.001
1781552966463922,normal,544,104,0,3,Format1 ,0.999,1,100.000,0.999
1781552968321501,normal,2372,104,9,0,Format0 ,0.949,1,98.611,0.949
1781552975822527,normal,9686,18248,8,1,Format2 ,0.527,2,66.667,0.379
1781552975943811,normal,9805,12129,2,1,Format0 ,0.982,2,83.333,0.656
1781552976229340,normal,10086,97,9,0,Format0 ,0.990,1,100.000,0.990
1781552976232382,normal,10089,97,4,1,Format1 ,0.508,1,71.528,0.490
1781552976232382,normal,10089,43123,2,0,Format0 ,0.988,2,97.222,0.929
1781552976243925,normal,10100,97,3,0,Format0 ,0.995,1,100.000,0.995
1781552976249695,normal,10106,97,9,0,Format0 ,1.009,1,100.000,1.009
1781552976252724,normal,10109,2400,0,1,Format2 ,0.525,2,72.917,0.477
1781552976254748,normal,10111,97,4,1,Format1 ,0.514,1,76.389,0.492
1781552976260857,normal,10117,97,9,0,Format0 ,1.003,1,100.000,1.003
1781552976264920,normal,10121,25099,4,1,Format2 ,0.528,2,75.694,0.479
1781552976269993,normal,10126,97,9,0,Format0 ,1.004,1,100.000,1.004
1781552976273044,normal,10129,97,0,1,Format1 ,0.526,1,77.083,0.502
1781552976280197,normal,10136,97,9,0,Format0 ,0.989,1,100.000,0.989
1781552976285252,normal,10141,13935,4,1,Format2 ,0.535,2,71.528,0.388
1781552976290349,normal,10146,97,9,0,Format0 ,1.007,1,100.000,1.007
1781552976293395,normal,10149,97,0,1,Format1 ,0.512,1,75.000,0.496
1781552976295431,normal,10151,25099,4,1,Format2 ,0.513,2,71.528,0.467
1781552976310699,normal,10166,97,9,0,Format0 ,0.995,1,100.000,0.995
1781552976313731,normal,10169,48239,0,1,Format2 ,0.517,2,71.528,0.416
1781552976326049,normal,10181,10311,4,1,Format2 ,0.516,2,72.917,0.460
1781552976331081,normal,10186,97,9,0,Format0 ,0.995,1,100.000,0.995
1781552976334105,normal,10189,13935,0,1,Format2 ,0.508,2,72.222,0.387
1781552976336126,normal,10191,27539,4,1,Format2 ,0.518,2,70.833,0.486
1781552976338150,normal,10193,97,3,0,Format0 ,0.997,1,100.000,0.997
1781552976341215,normal,10196,97,9,0,Format0 ,0.995,1,100.000,0.995
1781552976346308,normal,10201,97,4,1,Format1 ,0.510,1,73.611,0.494
1781552976351402,normal,10206,97,9,0,Format0 ,0.985,1,100.000,0.985
1781552976371719,normal,10226,97,9,0,Format0 ,0.992,1,100.000,0.992
1781552976806792,normal,414,96,3,0,Format0 ,0.987,1,100.000,0.987
1781552976810850,normal,418,58759,2,1,Format2 ,0.513,2,71.528,0.420
1781552976819016,normal,426,96,8,1,Format1 ,0.573,1,79.167,0.475
1781552976821002,normal,428,96,1,0,Format0 ,0.970,1,100.000,0.970
1781552976831188,normal,438,96,1,0,Format0 ,0.996,1,100.000,0.996
1781552976868939,normal,475,96,2,0,Format0 ,0.992,1,100.000,0.992
1781552976874917,normal,481,96,6,0,Format0 ,0.993,1,100.000,0.994
1781552976876932,normal,483,96,1,0,Format0 ,1.005,1,100.000,1.005
1781552976879150,normal,485,23386,2,0,Format0 ,0.995,2,97.222,0.942
1781552976881997,normal,488,96,2,1,Format1 ,0.526,1,73.611,0.497
1781552976884366,normal,490,96,7,0,Format0 ,0.990,1,100.000,0.990
1781552976886073,normal,492,96,8,1,Format1 ,0.513,1,70.833,0.488
1781552976892149,normal,498,96,2,1,Format1 ,0.511,1,72.917,0.491
1781552976894581,normal,500,55904,6,1,Format2 ,0.506,2,70.139,0.437
1781552976900352,normal,506,59429,8,1,Format2 ,0.513,2,70.833,0.423
1781552976920748,normal,526,96,9,0,Format0 ,1.003,1,100.000,1.003
1781552976923791,normal,529,96,6,0,Format0 ,0.915,1,100.000,0.915
1781552976935307,normal,540,96,6,0,Format0 ,1.013,1,100.000,1.013
1781552976936993,normal,542,96,8,1,Format1 ,0.514,1,70.139,0.497
1781552976939018,normal,544,96,2,1,Format1 ,0.479,1,79.167,0.467
1781552976941037,normal,546,23881,8,1,Format2 ,0.507,2,69.444,0.387
1781552976946202,normal,551,96,6,0,Format0 ,0.991,1,100.000,0.991
1781552976948216,normal,553,96,1,0,Format0 ,0.998,1,100.000,0.998
1781552976956344,normal,561,96,6,0,Format0 ,0.999,1,100.000,0.999
1781552976958363,normal,563,96,1,0,Format0 ,0.987,1,100.000,0.987
1781552976961442,normal,566,96,9,0,Format0 ,0.960,1,100.000,0.960
1781552976966531,normal,571,96,6,1,Format1 ,0.513,1,74.306,0.498
1781552976986885,normal,591,56915,6,1,Format2 ,0.517,2,77.778,0.473
1781552977008255,normal,612,96,7,0,Format0 ,1.005,1,100.000,1.005
1781552977009250,normal,613,96,1,0,Format0 ,0.989,1,100.000,0.989
1781552977013317,normal,617,96,0,1,Format1 ,0.520,1,77.083,0.501
1781552977021607,normal,625,50785,2,0,Format0 ,0.984,2,97.222,0.932
1781552977021607,normal,625,20580,3,0,Format0 ,0.979,1,81.944,0.642
1781552977044857,normal,648,96,2,1,Format1 ,0.523,1,73.611,0.488
1781552977047212,normal,650,27891,6,1,Format2 ,0.520,2,72.222,0.477
1781552977048949,normal,652,96,7,0,Format0 ,0.998,1,100.000,0.998
1781552977055023,normal,658,96,1,0,Format0 ,0.997,1,100.000,0.997
1781552977057378,normal,660,96,6,1,Format1 ,0.509,1,72.917,0.493
1781552977063147,normal,666,96,9,0,Format0 ,0.997,1,100.000,0.997
1781552977088564,normal,691,96,6,0,Format0 ,0.955,1,100.000,0.956
1781552977256305,normal,856,96,8,1,Format1 ,0.509,1,78.472,0.496
1781552977258344,normal,858,96,1,0,Format0 ,0.987,1,100.000,0.987
1781552977307338,normal,906,96,8,1,Format1 ,0.509,1,77.083,0.489
1781552977309384,normal,908,96,1,0,Format0 ,0.996,1,100.000,0.996
1781552977312412,normal,911,11984,6,1,Format2 ,0.495,2,69.444,0.427
1781552977317517,normal,916,57384,8,1,Format2 ,0.529,2,71.528,0.412
1781552977360341,normal,958,96,1,0,Format0 ,1.000,1,100.000,1.000
1781552977478473,normal,1074,96,2,0,Format0 ,0.964,1,95.833,0.933
1781552977493786,normal,1089,96,6,1,Format1 ,0.499,1,72.222,0.482
1781552977511054,normal,1106,96,8,1,Format1 ,0.499,1,70.833,0.477
1781552977513116,normal,1108,96,1,0,Format0 ,0.994,1,100.000,0.994
1781552977515526,normal,1110,96,7,0,Format0 ,0.969,1,100.000,0.969
1781552977518182,normal,1113,96,1,0,Format0 ,0.935,1,100.000,0.936
1781552977534538,normal,1129,43123,2,0,Format0 ,0.996,2,97.222,0.944
1781552977534538,normal,1129,15308,3,0,Format0 ,0.995,2,91.667,0.829
1781552977710570,normal,1294,96,2,0,Format0 ,0.947,1,91.667,0.908
1781552977739316,normal,1323,96,1,0,Format0 ,0.937,1,100.000,0.937
1781552977752609,normal,1336,96,8,1,Format1 ,0.507,1,70.139,0.488
1781552977802594,normal,1385,28594,2,0,Format0 ,0.989,2,97.222,0.931
1781552978026663,normal,1605,23386,2,0,Format0 ,0.992,2,97.222,0.936
1781552978067430,normal,1645,12129,2,1,Format0 ,0.988,2,83.333,0.657
1781552978108128,normal,1685,55259,2,1,Format0 ,0.940,2,79.167,0.556
1781552978310745,normal,1884,96,2,1,Format1 ,0.464,1,71.528,0.444
1781552978421706,normal,1993,16355,0,2,Format1 ,0.387,1,62.847,0.242
1781552978475686,normal,2046,96,9,0,Format0 ,0.993,1,100.000,0.993
1781552978477757,normal,2048,96,1,0,Format0 ,0.990,1,100.000,0.990
1781552978496073,normal,2066,96,8,1,Format1 ,0.583,1,74.306,0.474
1781552978498112,normal,2068,96,1,0,Format0 ,0.977,1,100.000,0.977
1781552978501171,normal,2071,96,6,1,Format1 ,0.518,1,77.778,0.506
1781552978516436,normal,2086,96,8,1,Format1 ,0.507,1,70.833,0.482
1781552978531104,normal,2100,96,7,0,Format0 ,0.986,1,100.000,0.986
1781552978536852,normal,2106,18412,8,1,Format2 ,0.513,2,72.222,0.458
1781552978544012,normal,2113,96,1,0,Format0 ,0.991,1,100.000,0.991
1781552978549076,normal,2118,96,1,0,Format0 ,0.999,1,100.000,0.999
1781552978557213,normal,2126,96,8,1,Format1 ,0.519,1,73.611,0.503
1781552978574561,normal,2143,96,1,0,Format0 ,0.972,1,100.000,0.972
1781552978588875,normal,2157,96,0,1,Format1 ,0.520,1,79.861,0.503
1781552978623505,normal,2191,96,6,0,Format0 ,0.998,1,100.000,0.998
1781552978625559,normal,2193,96,1,0,Format0 ,0.979,1,100.000,0.979
1781552978669369,normal,2236,43597,8,1,Format2 ,0.505,2,75.694,0.460
1781552978679572,normal,2246,13279,8,1,Format2 ,0.462,2,70.833,0.412
1781552978684642,normal,2251,56915,6,1,Format2 ,0.515,2,77.778,0.470
1781552978694490,normal,2260,96,6,1,Format1 ,0.509,1,81.250,0.498
1781552978698127,normal,2264,749,2,1,Format2 ,0.506,2,76.389,0.410
1781552978699271,normal,2265,28594,2,0,Format0 ,0.959,2,97.222,0.911
1781552978702141,normal,2268,44773,2,1,Format2 ,0.506,2,72.917,0.411
1781552978704561,normal,2270,96,6,0,Format0 ,0.932,1,100.000,0.932
1781552978707312,normal,2273,96,1,0,Format0 ,0.919,1,100.000,0.919
1781552978709491,normal,2275,3668,0,3,Format2 ,0.314,2,59.028,0.175
1781552978712383,normal,2278,96,1,0,Format0 ,0.853,1,93.056,0.791
1781552978717247,normal,2282,96,7,0,Format0 ,1.051,1,91.667,0.951
1781552978723606,normal,2289,96,6,1,Format1 ,0.499,1,68.750,0.427
1781552978725642,normal,2291,96,6,0,Format0 ,1.005,1,100.000,1.005
1781552978735897,normal,2301,96,6,1,Format1 ,0.588,1,72.222,0.500
1781552978796949,normal,2361,96,6,0,Format0 ,0.988,1,100.000,0.988
1781552978802053,normal,2366,96,9,0,Format0 ,0.995,1,100.000,0.995
1781552978814276,normal,2378,96,1,0,Format0 ,0.992,1,100.000,0.992
1781552978913997,normal,2476,96,8,1,Format1 ,0.603,1,72.917,0.496
1781552978916037,normal,2478,96,1,0,Format0 ,1.002,1,100.000,1.002
1781552978956818,normal,2518,96,1,0,Format0 ,0.960,1,100.000,0.960
1781552978964123,normal,2525,12129,2,1,Format0 ,0.938,2,83.333,0.625
1781552978965981,normal,2527,96,0,1,Format1 ,0.506,1,75.694,0.484
1781552978985408,normal,2546,96,8,0,Format0 ,0.999,1,95.833,0.963
1781552978994764,normal,2555,96,2,1,Format1 ,0.531,1,74.306,0.463
1781552979005739,normal,2566,96,8,1,Format1 ,0.516,1,74.306,0.499
1781552979007771,normal,2568,96,2,1,Format1 ,0.522,1,73.611,0.499
1781552979010102,normal,2570,96,6,1,Format1 ,0.517,1,78.472,0.502
1781552979037325,normal,2597,96,0,1,Format1 ,0.557,1,75.000,0.452
1781552979089274,normal,2648,36457,2,1,Format2 ,0.519,2,77.083,0.473
1781552979105628,normal,2664,96,3,0,Format0 ,1.006,1,95.833,0.993
1781552979122169,normal,2680,96,7,0,Format0 ,1.051,1,100.000,1.051
1781552979128014,normal,2686,96,8,1,Format1 ,0.508,1,72.917,0.489
1781552979130053,normal,2688,96,1,0,Format0 ,0.990,1,100.000,0.990
1781552979180873,normal,2738,96,1,0,Format0 ,1.000,1,100.000,1.000
1781552979183917,normal,2741,96,6,1,Format1 ,0.621,1,76.389,0.535
1781552979194025,normal,2751,18779,6,1,Format2 ,0.501,2,72.222,0.453
1781552979201198,normal,2758,96,1,0,Format0 ,0.985,1,100.000,0.985
1781552979207260,normal,2764,96,3,0,Format0 ,0.998,1,100.000,0.998
1781552979214376,normal,2771,96,6,0,Format0 ,1.001,1,100.000,1.001
1781552979217419,normal,2774,9958,2,1,Format2 ,0.518,2,72.917,0.474
1781552979225545,normal,2782,96,7,0,Format0 ,0.951,1,98.611,0.948
1781552979232676,normal,2789,96,6,1,Format1 ,0.510,1,73.611,0.494
1781552979234722,normal,2791,26935,6,1,Format2 ,0.492,2,74.306,0.452
1781552979239789,normal,2796,96,8,0,Format0 ,0.776,1,91.667,0.740
1781552979244950,normal,2801,96,6,0,Format0 ,0.966,1,100.000,0.966
1781552979253050,normal,2809,96,6,0,Format0 ,1.006,1,100.000,1.006
1781552979259304,normal,2815,96,2,1,Format1 ,0.514,1,79.167,0.500
1781552979260127,normal,2816,96,8,1,Format1 ,0.499,1,74.306,0.485
1781552979261142,normal,2817,29875,0,1,Format2 ,0.518,2,77.778,0.478
1781552979262158,normal,2818,96,1,0,Format0 ,0.980,1,100.000,0.980
1781552979275394,normal,2831,96,6,1,Format1 ,0.518,1,72.917,0.503
1781552979313046,normal,2868,96,1,0,Format0 ,0.989,1,100.000,0.989
1781552979392362,normal,2946,4593,8,1,Format2 ,0.523,2,74.306,0.469
1781552979404549,normal,2958,96,1,0,Format0 ,1.000,1,100.000,1.000
1781552979412688,normal,2966,96,8,1,Format1 ,0.516,1,77.083,0.495
1781552979422866,normal,2976,96,9,0,Format0 ,1.053,1,94.444,1.031
1781552979448405,normal,3001,96,6,1,Format1 ,0.473,1,75.000,0.451
1781552979453489,normal,3006,96,8,1,Format1 ,0.550,1,80.556,0.484
1781552979464659,normal,3017,96,0,1,Format1 ,0.622,1,72.917,0.534
1781552979470757,normal,3023,26040,0,2,Format1C,0.390,1,59.028,0.182
1781552979479922,normal,3032,96,8,0,Format0 ,1.052,1,100.000,1.052
1781552979481945,normal,3034,96,3,0,Format0 ,0.983,1,100.000,0.983
1781552979555296,normal,3106,96,8,0,Format0 ,0.943,1,94.444,0.875
1781552979574712,normal,3125,23386,2,0,Format0 ,0.920,2,97.222,0.865
1781552979737733,normal,3285,23386,2,0,Format0 ,0.978,2,97.222,0.922
1781552979904264,normal,3449,96,6,1,Format1 ,0.520,1,76.389,0.505
1781552980485158,normal,4020,96,6,0,Format0 ,0.967,1,97.222,0.942
1781552982484378,normal,5986,96,8,1,Format1 ,0.512,1,72.917,0.491
1781552982589224,normal,6089,43123,2,0,Format0 ,0.997,2,97.222,0.943
1781552982608523,normal,6108,96,1,0,Format0 ,0.988,1,100.000,0.988
1781552982626851,normal,6126,50939,8,1,Format2 ,0.515,2,76.389,0.474
1781552982799918,normal,6231,9056,6,1,Format2 ,0.511,2,70.833,0.413
1781552984644000,normal,8045,12129,2,1,Format0 ,0.991,2,83.333,0.661
1781552984665223,normal,8066,11390,8,1,Format2 ,0.521,2,79.167,0.481
1781552984685561,normal,8086,40575,8,1,Format2 ,0.521,2,74.306,0.461
1781552984707888,normal,8108,25744,0,2,Format1A,0.480,1,64.931,0.286
1781552984716056,normal,8116,96,9,0,Format0 ,1.027,1,100.000,1.027
1781552984726194,normal,8126,5093,8,1,Format2 ,0.512,2,75.694,0.467
1781552984812517,normal,8211,96,6,1,Format1 ,0.513,1,74.306,0.493
1781552984829828,normal,8228,96,1,0,Format0 ,1.008,1,100.000,1.008
1781552985499136,normal,8886,2,0,3,Format1A,0.521,1,75.347,0.501
1781552985621122,normal,9006,105,9,0,Format0 ,0.967,1,100.000,0.967
1781552985844472,normal,9226,96,8,1,Format1 ,0.512,1,73.611,0.490
1781552986312213,normal,9686,97,9,0,Format0 ,0.982,1,100.000,0.982
1781552986315224,normal,9689,5322,0,1,Format2 ,0.516,2,72.917,0.430
1781552986332571,normal,9706,97,9,0,Format0 ,0.986,1,100.000,0.986
1781552986335663,normal,9709,97,0,1,Format1 ,0.514,1,73.611,0.493
1781552986337687,normal,9711,97,4,1,Format1 ,0.509,1,77.778,0.491
1781552986347844,normal,9721,38213,4,1,Format2 ,0.518,2,71.528,0.401
1781552986352969,normal,9726,97,9,0,Format0 ,0.979,1,100.000,0.979
1781552986356019,normal,9729,97,0,1,Format1 ,0.534,1,79.167,0.512
1781552986373380,normal,9746,97,9,0,Format0 ,0.968,1,98.611,0.968
1781552986376435,normal,9749,97,0,2,Format1 ,0.304,1,66.319,0.258
1781552986378465,normal,9751,97,4,1,Format1 ,0.522,1,73.611,0.493
1781552986388671,normal,9761,97,4,1,Format1 ,0.516,1,72.222,0.501
1781552986393753,normal,9766,97,9,0,Format0 ,0.992,1,100.000,0.992
1781552986396839,normal,9769,97,4,1,Format1 ,0.509,1,79.167,0.496
1781552986396839,normal,9769,43123,2,0,Format0 ,0.994,2,97.222,0.943
1781552986409124,normal,9781,9864,4,1,Format2 ,0.517,2,76.389,0.472
1781552986414183,normal,9786,97,9,0,Format0 ,0.991,1,100.000,0.991
1781552986417258,normal,9789,97,0,1,Format1 ,0.519,1,79.861,0.509
1781552986419276,normal,9791,97,4,1,Format1 ,0.529,1,69.444,0.506
1781552986434603,normal,9806,97,9,0,Format0 ,1.002,1,100.000,1.002
1781552986437634,normal,9809,97,0,1,Format1 ,0.516,1,71.528,0.498
1781552986439661,normal,9811,97,4,1,Format1 ,0.522,1,72.917,0.499
1781552986455008,normal,9826,97,9,0,Format0 ,0.988,1,100.000,0.988
1781552988872390,normal,1949,96,6,1,Format1 ,0.523,1,75.694,0.501
1781552988889785,normal,1966,97,9,0,Format0 ,1.009,1,100.000,1.009
1781552988929717,normal,2005,55259,2,1,Format0 ,0.970,2,79.167,0.589
1781552988971350,normal,2046,97,9,0,Format0 ,0.990,1,100.000,0.990
1781552992930397,normal,5928,96,1,0,Format0 ,1.002,1,100.000,1.002
1781552996380383,normal,9321,97,4,1,Format1 ,0.505,1,72.917,0.488
1781552996385443,normal,9326,97,9,0,Format0 ,0.998,1,100.000,0.998
1781552996388508,normal,9329,97,0,1,Format1 ,0.524,1,76.389,0.508
1781552996395639,normal,9336,97,9,0,Format0 ,0.916,1,98.611,0.907
1781552996405816,normal,9346,97,9,0,Format0 ,0.990,1,100.000,0.990
1781552996408867,normal,9349,18302,0,1,Format2 ,0.519,2,74.306,0.475
1781552996410874,normal,9351,7613,4,1,Format2 ,0.512,2,81.944,0.474
1781552996426205,normal,9366,97,9,0,Format0 ,0.983,1,100.000,0.983
1781552996429228,normal,9369,47004,0,1,Format2 ,0.513,2,74.306,0.416
1781552996431247,normal,9371,45788,4,1,Format2 ,0.514,2,77.778,0.471
1781552996441511,normal,9381,15030,4,1,Format2 ,0.509,2,68.750,0.364
1781552996446507,normal,9386,97,9,0,Format0 ,0.995,1,100.000,0.995
1781552996448537,normal,9388,97,7,0,Format0 ,0.982,1,100.000,0.982
1781552996451574,normal,9391,97,4,1,Format1 ,0.509,1,75.000,0.490
1781552996453620,normal,9393,97,3,0,Format0 ,1.011,1,100.000,1.011
1781552996456686,normal,9396,97,9,0,Format0 ,0.992,1,100.000,0.992
1781552996466876,normal,9406,97,9,0,Format0 ,0.978,1,100.000,0.978
1781552996477088,normal,9416,97,9,0,Format0 ,0.996,1,100.000,0.996
1781552996482140,normal,9421,97,4,1,Format1 ,0.515,1,74.306,0.495
1781552996487242,normal,9426,97,9,0,Format0 ,0.994,1,100.000,0.994
1781552996490285,normal,9429,97,0,1,Format1 ,0.507,1,75.694,0.490
1781552996492345,normal,9431,97,4,1,Format1 ,0.514,1,75.000,0.496
1781552996501785,normal,9440,97,3,0,Format0 ,0.701,1,100.000,0.701
1781552996507628,normal,9446,97,9,0,Format0 ,0.994,1,100.000,0.994
1781552996512023,normal,9450,97,3,0,Format0 ,0.990,1,100.000,0.990
1781552996522248,normal,9460,97,3,0,Format0 ,0.952,1,100.000,0.952
1781552996526008,normal,9464,97,9,0,Format0 ,0.993,1,100.000,0.993
1781552996527994,normal,9466,97,9,0,Format0 ,0.989,1,100.000,0.989
1781552996531038,normal,9469,15856,0,1,Format2 ,0.511,2,75.000,0.470
1781552996533075,normal,9471,45087,4,1,Format2 ,0.505,2,72.222,0.461
1781552996548315,normal,9486,97,9,0,Format0 ,0.996,1,100.000,0.996
1781553000388952,normal,3006,96,8,1,Format1 ,0.511,1,75.694,0.489
1781553000998181,normal,3603,96,1,0,Format0 ,0.986,1,100.000,0.986
1781553002427960,normal,5006,96,8,1,Format1 ,0.526,1,77.778,0.504
1781553006575712,normal,9006,97,9,0,Format0 ,0.986,1,100.000,0.986
1781553006578707,normal,9009,97,0,1,Format1 ,0.523,1,75.000,0.506
1781553006580726,normal,9011,97,4,2,Format1 ,0.304,1,63.542,0.252
1781553006595998,normal,9026,97,9,0,Format0 ,0.987,1,100.000,0.987
1781553006616297,normal,9046,97,9,0,Format0 ,1.004,1,100.000,1.004
1781553006619398,normal,9049,45087,0,1,Format2 ,0.514,2,70.833,0.470
1781553006621419,normal,9051,97,4,1,Format1 ,0.510,1,77.778,0.499
1781553006636676,normal,9066,97,9,0,Format0 ,0.989,1,100.000,0.989
1781553006641767,normal,9071,7613,4,1,Format2 ,0.510,2,79.861,0.469
1781553006657057,normal,9086,97,9,0,Format0 ,0.984,1,100.000,0.984
1781553006660138,normal,9089,97,0,1,Format1 ,0.521,1,66.667,0.482
1781553006672354,normal,9101,3657,4,1,Format2 ,0.503,2,75.000,0.458
1781553006677405,normal,9106,97,9,0,Format0 ,0.999,1,100.000,0.999
1781553006680483,normal,9109,97,0,1,Format1 ,0.518,1,73.611,0.497
1781553006682601,normal,9111,97,4,1,Format1 ,0.513,1,73.611,0.485
1781553006693697,normal,9122,97,8,1,Format1 ,0.517,1,75.000,0.498
1781553006697763,normal,9126,97,9,0,Format0 ,0.994,1,100.000,0.994
1781553006700850,normal,9129,7884,4,1,Format2 ,0.523,2,65.278,0.472
1781553006700850,normal,9129,43123,2,0,Format0 ,0.996,2,97.222,0.945
1781553006718176,normal,9146,97,9,0,Format0 ,0.999,1,100.000,0.999
1781553006758918,normal,9186,97,9,0,Format0 ,0.992,1,100.000,0.992
1781553009665449,normal,1738,96,2,1,Format1 ,0.514,1,73.611,0.494
1781553009673606,normal,1746,96,9,0,Format0 ,1.001,1,100.000,1.001
1781553009698274,normal,1770,96,7,0,Format0 ,0.996,1,100.000,0.996
1781553009708541,normal,1780,96,7,0,Format0 ,0.988,1,100.000,0.988
1781553009710181,normal,1782,37608,8,1,Format2 ,0.508,2,69.444,0.461
1781553009713394,normal,1785,28594,2,0,Format0 ,0.998,2,97.222,0.942
1781553009716298,normal,1788,96,2,1,Format1 ,0.511,1,77.778,0.495
1781553009719347,normal,1791,96,6,0,Format0 ,0.997,1,100.000,0.997
1781553009726529,normal,1798,96,1,0,Format0 ,0.997,1,100.000,0.997
1781553009763205,normal,1834,96,3,0,Format0 ,0.985,1,100.000,0.985
1781553009771396,normal,1842,96,8,1,Format1 ,0.525,1,75.694,0.506
1781553009773414,normal,1844,96,3,0,Format0 ,0.995,1,100.000,0.995
1781553009775441,normal,1846,96,9,0,Format0 ,0.994,1,100.000,0.994
1781553009790712,normal,1861,96,6,0,Format0 ,0.933,1,100.000,0.934
1781553009856869,normal,1926,96,8,1,Format1 ,0.510,1,72.917,0.494
1781553009863962,normal,1933,96,1,0,Format0 ,0.989,1,100.000,0.989
1781553009877158,normal,1946,58592,8,1,Format2 ,0.533,2,67.361,0.431
1781553010004348,normal,2071,47785,6,1,Format2 ,0.518,2,72.917,0.432
1781553010019527,normal,2086,96,8,1,Format1 ,0.513,1,76.389,0.486
1781553010044952,normal,2111,33348,6,1,Format2 ,0.511,2,69.444,0.461
1781553010080499,normal,2146,96,8,1,Format1 ,0.503,1,74.306,0.483
1781553010085535,normal,2151,96,6,1,Format1 ,0.513,1,76.389,0.496
1781553010123073,normal,2188,96,1,0,Format0 ,1.002,1,100.000,1.002
1781553010156590,normal,2221,60215,6,1,Format2 ,0.514,2,75.694,0.462
1781553010161672,normal,2226,55898,8,1,Format2 ,0.520,2,73.611,0.464
1781553010471718,normal,2531,96,6,0,Format0 ,0.994,1,100.000,0.994
1781553011172867,normal,3218,96,1,0,Format0 ,0.984,1,100.000,0.984
1781553011181030,normal,3226,43662,8,1,Format2 ,0.500,2,68.056,0.418
1781553011201382,normal,3246,96,8,1,Format1 ,0.522,1,77.778,0.504
1781553011204429,normal,3249,96,6,0,Format0 ,0.990,1,100.000,0.990
1781553011244139,normal,3288,96,2,1,Format1 ,0.508,1,73.611,0.489
1781553011303253,normal,3346,96,8,1,Format1 ,0.505,1,79.861,0.495
1781553011338898,normal,3381,96,6,1,Format1 ,0.515,1,75.000,0.496
1781553011394070,normal,3435,27891,2,1,Format2 ,0.513,2,75.000,0.470
1781553011396972,normal,3438,96,1,0,Format0 ,0.997,1,100.000,0.997
1781553011400000,normal,3441,96,6,1,Format1 ,0.524,1,70.139,0.501
1781553011402029,normal,3443,96,1,0,Format0 ,0.988,1,100.000,0.988
1781553011405128,normal,3446,325,8,1,Format2 ,0.517,2,69.444,0.408
1781553011407141,normal,3448,96,1,0,Format0 ,0.991,1,100.000,0.991
1781553011420428,normal,3461,96,6,1,Format1 ,0.507,1,72.917,0.487
1781553011461168,normal,3501,44956,6,1,Format2 ,0.503,1,73.611,0.462
1781553011465395,normal,3505,50785,2,0,Format0 ,0.988,2,97.222,0.938
1781553011496846,normal,3536,96,8,1,Format1 ,0.514,1,75.000,0.494
1781553011527381,normal,3566,62626,8,1,Format2 ,0.511,2,69.444,0.411
1781553011549776,normal,3588,96,1,0,Format0 ,1.010,1,100.000,1.010
1781553011564042,normal,3602,96,7,0,Format0 ,0.962,1,97.222,0.931
1781553011594580,normal,3632,96,7,0,Format0 ,0.984,1,100.000,0.984
1781553011600692,normal,3638,96,1,0,Format0 ,0.988,1,100.000,0.988
1781553012588450,normal,4608,96,1,0,Format0 ,1.005,1,100.000,1.005
1781553012606888,normal,4626,96,8,0,Format0 ,0.912,1,100.000,0.913
1781553012668186,normal,4686,38230,8,1,Format2 ,0.517,2,73.611,0.432
1781553012737626,normal,4754,96,2,1,Format1 ,0.530,1,77.778,0.504
1781553012749957,normal,4766,96,8,1,Format1 ,0.511,1,76.389,0.495
1781553013100535,normal,5109,96,6,1,Format1 ,0.510,1,79.167,0.500
1781553013138315,normal,5146,2,0,3,Format1A,0.637,1,75.521,0.489
1781553013199541,normal,5206,106,0,1,Format1A,0.511,1,73.611,0.489
1781553013219968,normal,5226,97,9,0,Format0 ,0.985,1,100.000,0.985
1781553013245561,normal,5251,63415,4,1,Format2 ,0.515,2,64.583,0.398
1781553013322080,normal,5326,97,9,0,Format0 ,0.992,1,100.000,0.992
1781553013464691,normal,5466,47634,4,1,Format2 ,0.509,2,70.833,0.381
1781553013588887,normal,5588,96,1,0,Format0 ,0.997,1,100.000,0.997
1781553014282347,normal,6206,107,4,1,Format1 ,0.519,1,77.083,0.502
1781553014302669,normal,6226,107,4,1,Format1 ,0.513,1,75.694,0.497
1781553016386249,normal,8268,96,1,0,Format0 ,0.991,1,100.000,0.991
1781553016787325,normal,8660,97,3,0,Format0 ,0.992,1,100.000,0.992
1781553016793156,normal,8666,97,9,0,Format0 ,1.007,1,100.000,1.007
1781553016796184,normal,8669,17389,0,1,Format2 ,0.513,2,70.833,0.388
1781553016808414,normal,8681,97,4,1,Format1 ,0.513,1,73.611,0.493
1781553016813501,normal,8686,97,9,0,Format0 ,0.996,1,100.000,0.996
1781553016816583,normal,8689,97,0,1,Format1 ,0.516,1,77.083,0.498
1781553016818599,normal,8691,952,4,1,Format2 ,0.521,2,72.222,0.475
1781553016828822,normal,8701,25099,4,1,Format2 ,0.507,2,76.389,0.467
1781553016833877,normal,8706,97,9,0,Format0 ,0.993,1,100.000,0.993
1781553016836955,normal,8709,97,0,1,Format1 ,0.508,1,77.778,0.495
1781553016838968,normal,8711,97,4,1,Format1 ,0.510,1,72.917,0.495
1781553016854279,normal,8726,97,9,0,Format0 ,0.995,1,100.000,0.995
1781553016857338,normal,8729,97,0,1,Format1 ,0.518,1,69.444,0.498
1781553016859452,normal,8731,27539,4,1,Format2 ,0.509,2,75.000,0.482
1781553016874851,normal,8746,97,9,0,Format0 ,0.999,1,100.000,0.999
1781553016877961,normal,8749,13082,0,1,Format2 ,0.512,2,70.833,0.414
1781553016879998,normal,8751,5474,4,1,Format2 ,0.509,2,79.167,0.457
1781553016895377,normal,8766,97,9,0,Format0 ,0.996,1,100.000,0.996
1781553016898417,normal,8769,27539,0,1,Format2 ,0.511,2,73.611,0.480
1781553016936232,normal,8806,97,9,0,Format0 ,0.995,1,100.000,0.995
1781553018263156,normal,10108,96,1,0,Format0 ,0.995,1,100.000,0.995
1781553018314235,normal,10158,96,1,0,Format0 ,1.008,1,100.000,1.008
1782150951835712,normal,6035,48421,14,1,Format1C,1.798,1,66.667,1.152
1782150952046372,normal,6129,55689,30,1,Format1C,1.685,1,62.500,1.118
1782150952244874,normal,6229,54625,30,1,Format1C,1.590,1,65.278,1.070
1782150952445266,normal,6324,55640,0,2,Format1A,0.357,1,63.194,0.291
1782150952458401,normal,6329,3861,34,1,Format1C,1.957,1,65.972,1.723
1782150952759903,normal,6468,16583,0,3,Format1C,1.588,1,60.069,0.555
1782150952767281,normal,6471,40017,30,1,Format1C,1.034,1,70.139,0.608
1782150952797179,normal,6487,14111,30,1,Format1C,1.505,1,63.889,1.130
1782150952847876,normal,6509,26745,34,1,Format1C,2.016,1,61.806,1.404
1782150953228911,normal,6688,33617,8,3,Format1 ,0.512,1,62.153,0.220
1782150953318473,normal,6730,5384,3,0,Format0 ,1.481,1,77.778,1.227
1782150953480734,normal,6812,37340,0,3,Format1C,0.708,1,57.812,0.195
1782150953526033,normal,6835,30296,30,1,Format1C,1.072,1,62.500,0.772
1782150953643551,normal,6894,38929,28,2,Format1C,0.502,1,59.375,0.250
1782150955839979,normal,9901,103,2,1,Format1A,0.509,1,73.611,0.496
1782150955842022,normal,9903,97,3,0,Format0 ,1.006,1,100.000,1.006
1782150955845099,normal,9906,97,9,0,Format0 ,0.991,1,100.000,0.991
1782150955848154,normal,9909,25099,0,1,Format2 ,0.512,2,75.000,0.468
1782150955865585,normal,9926,97,9,0,Format0 ,1.007,1,100.000,1.007
1782150955868696,normal,9929,49883,4,1,Format2 ,0.513,2,74.306,0.474
1782150955870793,normal,9931,97,4,1,Format1 ,0.514,1,73.611,0.495
1782150955881033,normal,9941,97,4,1,Format1 ,0.514,1,73.611,0.496
1782150955886244,normal,9946,97,9,0,Format0 ,1.008,1,100.000,1.008
1782150955888294,normal,9948,97,7,0,Format0 ,0.962,1,100.000,0.962
1782150955892404,normal,9952,11360,8,1,Format2 ,0.500,2,71.528,0.408
1782150955894451,normal,9954,97,9,0,Format0 ,0.999,1,100.000,0.999
1782150955896544,normal,9956,97,0,1,Format1 ,0.515,1,75.694,0.496
1782150955906832,normal,9966,97,9,0,Format0 ,1.003,1,100.000,1.003
1782150955922300,normal,9981,97,4,1,Format1 ,0.510,1,75.694,0.500
1782156240115906,normal,6190,52170,8,2,Format1C,1.040,1,61.458,0.646
1782156240146533,normal,6207,25372,8,2,Format1C,1.544,1,59.722,0.822
1782156240256426,normal,6324,55640,0,2,Format1A,0.357,1,63.194,0.291
1782156240657881,normal,6688,33617,8,3,Format1 ,0.512,1,62.153,0.220
1782156240823621,normal,6862,1614,2,1,Format0 ,1.558,1,75.694,1.237
1782156242883494,normal,9901,103,2,1,Format1A,0.509,1,73.611,0.496
1782156242885509,normal,9903,97,3,0,Format0 ,1.006,1,100.000,1.006
1782156242888564,normal,9906,97,9,0,Format0 ,0.991,1,100.000,0.991
1782156242891623,normal,9909,25099,0,1,Format2 ,0.512,2,75.000,0.468
1782156242908926,normal,9926,97,9,0,Format0 ,1.007,1,100.000,1.007
1782156242911979,normal,9929,49883,4,1,Format2 ,0.513,2,74.306,0.474
1782156242914023,normal,9931,97,4,1,Format1 ,0.514,1,73.611,0.495
1782156242924212,normal,9941,97,4,1,Format1 ,0.514,1,73.611,0.496
1782156242929277,normal,9946,97,9,0,Format0 ,1.008,1,100.000,1.008
1782156242931312,normal,9948,97,7,0,Format0 ,0.962,1,100.000,0.962
1782156242940466,normal,9957,97,9,0,Format0 ,0.991,1,100.000,0.991
1782156242949627,normal,9966,97,9,0,Format0 ,1.003,1,100.000,1.003
1782156242959822,normal,9976,97,9,0,Format0 ,1.004,1,100.000,1.004
1782156242964910,normal,9981,97,4,1,Format1 ,0.510,1,75.694,0.500
1782156242966961,normal,9983,97,3,0,Format0 ,0.990,1,100.000,0.990
1782156242969996,normal,9986,97,9,0,Format0 ,0.992,1,100.000,0.992
1782156242995816,normal,10001,97,4,1,Format1 ,0.508,1,74.306,0.495
1782156243004074,normal,10009,97,0,1,Format1 ,0.511,1,75.694,0.495
1782156243006158,normal,10011,97,4,1,Format1 ,0.518,1,72.917,0.501
1782156243021544,normal,10026,97,9,0,Format0 ,0.993,1,100.000,0.993
1782156243026697,normal,10031,17389,4,1,Format2 ,0.514,2,72.222,0.393
1782156243033903,normal,10038,25697,6,1,Format2 ,0.513,2,70.833,0.389
1782156243037033,normal,10041,27539,4,1,Format2 ,0.514,2,72.222,0.482
1782156243048307,normal,10052,97,8,0,Format0 ,0.923,1,100.000,0.923
1782156243050357,normal,10054,97,0,1,Format1 ,0.508,1,75.000,0.494
1782156243052422,normal,10056,97,9,0,Format0 ,0.989,1,100.000,0.989
1782156243060635,normal,10064,97,9,0,Format0 ,0.997,1,100.000,0.997
1782156243062709,normal,10066,97,9,0,Format0 ,0.986,1,100.000,0.986
1782156243063710,normal,10067,97,9,0,Format0 ,1.004,1,100.000,1.004
1782156243067831,normal,10071,43517,4,2,Format2 ,0.515,2,71.875,0.348
1782156243069890,normal,10073,97,3,0,Format0 ,0.984,1,100.000,0.984
1782156243078072,normal,10081,97,4,1,Format1 ,0.515,1,76.389,0.496
1782156243741825,normal,486,2,0,3,Format1A,0.515,1,76.042,0.498
1782156243755181,normal,499,6007,2,1,Format0 ,1.000,2,81.944,0.649
1782156243780928,normal,524,104,0,3,Format1A,1.001,1,100.000,1.001
1782156243801583,normal,544,104,0,3,Format1 ,0.999,1,100.000,0.999
1782156244077718,normal,812,104,9,0,Format0 ,0.998,1,100.000,0.998
1782156245684308,normal,2372,104,9,0,Format0 ,0.949,1,98.611,0.949
1782156671780444,normal,6106,33495,22,1,Format1C,2.159,1,69.444,1.593
1782156671805652,normal,6113,31544,16,1,Format1C,1.748,1,69.444,1.151
1782156671961647,normal,6190,52170,8,2,Format1C,1.040,1,61.458,0.646
1782156672035298,normal,6229,54625,30,1,Format1C,1.590,1,65.278,1.070
1782156672121324,normal,6269,30528,18,1,Format1C,2.473,1,66.667,1.707
1782156672573752,normal,6487,14111,30,1,Format1C,1.505,1,63.889,1.130
1782156675642380,normal,9901,103,2,1,Format1A,0.509,1,73.611,0.496
1782156675644436,normal,9903,97,3,0,Format0 ,1.006,1,100.000,1.006
1782156675647484,normal,9906,97,9,0,Format0 ,0.991,1,100.000,0.991
1782156675650546,normal,9909,25099,0,1,Format2 ,0.512,2,75.000,0.468
1782156675657669,normal,9916,97,9,0,Format0 ,0.995,1,100.000,0.995
1782156675667838,normal,9926,97,9,0,Format0 ,1.007,1,100.000,1.007
1782156675670898,normal,9929,49883,4,1,Format2 ,0.513,2,74.306,0.474
1782156675672936,normal,9931,97,4,1,Format1 ,0.514,1,73.611,0.495
1782156675683147,normal,9941,97,4,1,Format1 ,0.514,1,73.611,0.496
1782156675685173,normal,9943,97,3,0,Format0 ,1.000,1,100.000,1.000
1782156675688222,normal,9946,97,9,0,Format0 ,1.008,1,100.000,1.008
1782156675690269,normal,9948,97,7,0,Format0 ,0.962,1,100.000,0.962
1782156675694340,normal,9952,11360,8,1,Format2 ,0.500,2,71.528,0.408
1782156675699426,normal,9957,97,9,0,Format0 ,0.991,1,100.000,0.991
1782156675708571,normal,9966,97,9,0,Format0 ,1.003,1,100.000,1.003
1782156675719767,normal,9977,97,9,0,Format0 ,0.995,1,100.000,0.995
1782156675723839,normal,9981,97,4,1,Format1 ,0.510,1,75.694,0.500
1782156675728916,normal,9986,97,9,0,Format0 ,0.992,1,100.000,0.992
1782156675744189,normal,10001,97,4,1,Format1 ,0.508,1,74.306,0.495
1782156675752315,normal,10009,97,0,1,Format1 ,0.511,1,75.694,0.495
1782156675769598,normal,10026,97,9,0,Format0 ,0.993,1,100.000,0.993
1782156675774678,normal,10031,17389,4,1,Format2 ,0.514,2,72.222,0.393
1782156675781803,normal,10038,25697,6,1,Format2 ,0.513,2,70.833,0.389
1782156675784860,normal,10041,27539,4,1,Format2 ,0.514,2,72.222,0.482
1782156675795007,normal,10051,97,4,1,Format1 ,0.572,1,77.778,0.485
1782156675798060,normal,10054,97,0,1,Format1 ,0.508,1,75.000,0.494
1782156675800094,normal,10056,97,9,0,Format0 ,0.989,1,100.000,0.989
1782156675807225,normal,10063,97,3,0,Format0 ,0.985,1,100.000,0.985
1782156675810272,normal,10066,97,9,0,Format0 ,0.986,1,100.000,0.986
1782156675815375,normal,10071,43517,4,2,Format2 ,0.515,2,71.875,0.348
1782156675831664,normal,10087,97,9,0,Format0 ,0.999,1,100.000,0.999
1782156676481747,normal,486,2,0,3,Format1A,0.515,1,76.042,0.498
1782156676494966,normal,499,6007,2,1,Format0 ,1.000,2,81.944,0.649
1782156676520374,normal,524,104,0,3,Format1A,1.001,1,100.000,1.001
1782156676540741,normal,544,104,0,3,Format1 ,0.999,1,100.000,0.999
1782156676813432,normal,812,104,9,0,Format0 ,0.998,1,100.000,0.998
1782156678400615,normal,2372,104,9,0,Format0 ,0.949,1,98.611,0.949
1782156685923063,normal,9686,18248,8,1,Format2 ,0.527,2,66.667,0.379
1782156686045812,normal,9805,12129,2,1,Format0 ,0.982,2,83.333,0.656
1782156686325318,normal,10077,97,9,0,Format0 ,1.006,1,100.000,1.006
1782156686334579,normal,10086,97,9,0,Format0 ,0.990,1,100.000,0.990
1782156686337668,normal,10089,97,4,1,Format1 ,0.508,1,71.528,0.490
1782156686337668,normal,10089,43123,2,0,Format0 ,0.988,2,97.222,0.929
1782156686349323,normal,10100,97,3,0,Format0 ,0.995,1,100.000,0.995
1782156686355140,normal,10106,97,9,0,Format0 ,1.009,1,100.000,1.009
1782156686357209,normal,10108,97,7,0,Format0 ,1.001,1,100.000,1.001
1782156686360270,normal,10111,97,4,1,Format1 ,0.514,1,76.389,0.492
1782156686371556,normal,10122,97,8,1,Format1 ,0.519,1,73.611,0.502
1782156686375654,normal,10126,97,9,0,Format0 ,1.004,1,100.000,1.004
1782156686378762,normal,10129,97,0,1,Format1 ,0.526,1,77.083,0.502
1782156686391147,normal,10141,13935,4,1,Format2 ,0.535,2,71.528,0.388
1782156686396304,normal,10146,97,9,0,Format0 ,1.007,1,100.000,1.007
1782156686399404,normal,10149,97,0,1,Format1 ,0.512,1,75.000,0.496
1782156686401442,normal,10151,25099,4,1,Format2 ,0.513,2,71.528,0.467
1782156686407665,normal,10157,97,9,0,Format0 ,1.001,1,100.000,1.001
1782156686416884,normal,10166,97,9,0,Format0 ,0.995,1,100.000,0.995
1782156686419957,normal,10169,48239,0,1,Format2 ,0.517,2,71.528,0.416
1782156686427181,normal,10176,97,9,0,Format0 ,1.005,1,100.000,1.005
1782156686432324,normal,10181,10311,4,1,Format2 ,0.516,2,72.917,0.460
1782156686437451,normal,10186,97,9,0,Format0 ,0.995,1,100.000,0.995
1782156686440561,normal,10189,13935,0,1,Format2 ,0.508,2,72.222,0.387
1782156686442580,normal,10191,27539,4,1,Format2 ,0.518,2,70.833,0.486
1782156686458011,normal,10206,97,9,0,Format0 ,0.985,1,100.000,0.985
1782156686478694,normal,10226,97,9,0,Format0 ,0.992,1,100.000,0.992
1782156686919056,normal,414,96,3,0,Format0 ,0.987,1,100.000,0.987
1782156686923162,normal,418,58759,2,1,Format2 ,0.513,2,71.528,0.420
1782156686931365,normal,426,96,8,1,Format1 ,0.573,1,79.167,0.475
1782156686933430,normal,428,96,1,0,Format0 ,0.970,1,100.000,0.970
1782156686943710,normal,438,96,1,0,Format0 ,0.996,1,100.000,0.996
1782156686982033,normal,475,96,2,0,Format0 ,0.992,1,100.000,0.992
1782156686988022,normal,481,96,6,0,Format0 ,0.993,1,100.000,0.994
1782156686992338,normal,485,23386,2,0,Format0 ,0.995,2,97.222,0.942
1782156686996275,normal,489,43123,2,0,Format0 ,0.995,2,97.222,0.941
1782156686998310,normal,491,96,6,0,Format0 ,0.992,1,100.000,0.992
1782156687005530,normal,498,96,2,1,Format1 ,0.511,1,72.917,0.491
1782156687008597,normal,501,96,6,1,Format1 ,0.518,1,70.833,0.497
1782156687013750,normal,506,59429,8,1,Format2 ,0.513,2,70.833,0.423
1782156687034314,normal,526,96,9,0,Format0 ,1.003,1,100.000,1.003
1782156687036340,normal,528,30888,0,3,Format1 ,0.330,1,60.243,0.135
1782156687041499,normal,533,96,1,0,Format0 ,0.995,1,100.000,0.995
1782156687046604,normal,538,96,2,0,Format0 ,0.928,1,91.667,0.871
1782156687051791,normal,543,96,1,0,Format0 ,1.004,1,100.000,1.004
1782156687054890,normal,546,23881,8,1,Format2 ,0.507,2,69.444,0.387
1782156687060034,normal,551,96,6,0,Format0 ,0.991,1,100.000,0.991
1782156687063127,normal,554,5093,2,1,Format2 ,0.510,2,72.917,0.461
1782156687070327,normal,561,96,6,0,Format0 ,0.999,1,100.000,0.999
1782156687072407,normal,563,96,1,0,Format0 ,0.987,1,100.000,0.987
1782156687075548,normal,566,96,9,0,Format0 ,0.960,1,100.000,0.960
1782156687080685,normal,571,96,6,1,Format1 ,0.513,1,74.306,0.498
1782156687101225,normal,591,56915,6,1,Format2 ,0.517,2,77.778,0.473
1782156687124177,normal,612,96,7,0,Format0 ,1.005,1,100.000,1.005
1782156687136828,normal,625,50785,2,0,Format0 ,0.984,2,97.222,0.932
1782156687136828,normal,625,20580,3,0,Format0 ,0.979,1,81.944,0.642
1782156687160275,normal,648,96,2,1,Format1 ,0.523,1,73.611,0.488
1782156687162602,normal,650,27891,6,1,Format2 ,0.520,2,72.222,0.477
1782156687163348,normal,651,96,6,0,Format0 ,0.981,1,100.000,0.981
1782156687166419,normal,654,96,2,1,Format1 ,0.510,1,75.694,0.481
1782156687170549,normal,658,96,1,0,Format0 ,0.997,1,100.000,0.997
1782156687172982,normal,660,96,6,1,Format1 ,0.509,1,72.917,0.493
1782156687178779,normal,666,96,9,0,Format0 ,0.997,1,100.000,0.997
1782156687204503,normal,691,96,6,0,Format0 ,0.955,1,100.000,0.956
1782156687374423,normal,856,96,8,1,Format1 ,0.509,1,78.472,0.496
1782156687376469,normal,858,96,1,0,Format0 ,0.987,1,100.000,0.987
1782156687425925,normal,906,96,8,1,Format1 ,0.509,1,77.083,0.489
1782156687427980,normal,908,96,1,0,Format0 ,0.996,1,100.000,0.996
1782156687431051,normal,911,11984,6,1,Format2 ,0.495,2,69.444,0.427
1782156687492827,normal,971,96,6,1,Format1 ,0.517,1,78.472,0.504
1782156687599048,normal,1074,96,2,0,Format0 ,0.964,1,95.833,0.933
1782156687632390,normal,1106,96,8,1,Format1 ,0.499,1,70.833,0.477
1782156687634411,normal,1108,96,1,0,Format0 ,0.994,1,100.000,0.994
1782156687637516,normal,1111,96,6,1,Format1 ,0.510,1,71.528,0.487
1782156687869585,normal,1336,96,8,1,Format1 ,0.507,1,70.139,0.488
1782156687920191,normal,1385,28594,2,0,Format0 ,0.989,2,97.222,0.931
1782156688147309,normal,1605,23386,2,0,Format0 ,0.992,2,97.222,0.936
1782156688188683,normal,1645,12129,2,1,Format0 ,0.988,2,83.333,0.657
1782156688229914,normal,1685,55259,2,1,Format0 ,0.940,2,79.167,0.556
1782156688434516,normal,1884,96,2,1,Format1 ,0.464,1,71.528,0.444
1782156688546828,normal,1993,16355,0,2,Format1 ,0.387,1,62.847,0.242
1782156688555033,normal,2001,31961,6,1,Format2 ,0.521,2,69.444,0.437
1782156688587952,normal,2033,96,1,0,Format0 ,1.023,1,100.000,1.023
1782156688601292,normal,2046,96,9,0,Format0 ,0.993,1,100.000,0.993
1782156688621860,normal,2066,96,8,1,Format1 ,0.583,1,74.306,0.474
1782156688623901,normal,2068,96,1,0,Format0 ,0.977,1,100.000,0.977
1782156688626991,normal,2071,96,6,1,Format1 ,0.518,1,77.778,0.506
1782156688642403,normal,2086,96,8,1,Format1 ,0.507,1,70.833,0.482
1782156688657157,normal,2100,96,7,0,Format0 ,0.986,1,100.000,0.986
1782156688662952,normal,2106,18412,8,1,Format2 ,0.513,2,72.222,0.458
1782156688670150,normal,2113,96,1,0,Format0 ,0.991,1,100.000,0.991
1782156688682647,normal,2125,12129,2,1,Format0 ,0.987,2,83.333,0.661
1782156688700970,normal,2143,96,1,0,Format0 ,0.972,1,100.000,0.972
1782156688750321,normal,2191,96,6,0,Format0 ,0.998,1,100.000,0.998
1782156688752347,normal,2193,96,1,0,Format0 ,0.979,1,100.000,0.979
1782156688796550,normal,2236,43597,8,1,Format2 ,0.505,2,75.694,0.460
1782156688806837,normal,2246,13279,8,1,Format2 ,0.462,2,70.833,0.412
1782156688811959,normal,2251,56915,6,1,Format2 ,0.515,2,77.778,0.470
1782156688821531,normal,2260,96,6,1,Format1 ,0.509,1,81.250,0.498
1782156688825273,normal,2264,749,2,1,Format2 ,0.506,2,76.389,0.410
1782156688830416,normal,2269,96,6,0,Format0 ,0.989,1,100.000,0.991
1782156688834530,normal,2273,96,1,0,Format0 ,0.919,1,100.000,0.919
1782156688839700,normal,2278,96,1,0,Format0 ,0.853,1,93.056,0.791
1782156688851072,normal,2289,96,6,1,Format1 ,0.499,1,68.750,0.427
1782156688853112,normal,2291,96,6,0,Format0 ,1.005,1,100.000,1.005
1782156688854283,normal,2292,60988,8,1,Format2 ,0.509,2,71.528,0.401
1782156688863527,normal,2301,96,6,1,Format1 ,0.588,1,72.222,0.500
1782156688865593,normal,2303,96,1,0,Format0 ,0.977,1,100.000,0.977
1782156688925345,normal,2361,96,6,0,Format0 ,0.988,1,100.000,0.988
1782156688930502,normal,2366,96,9,0,Format0 ,0.995,1,100.000,0.995
1782156688942872,normal,2378,96,1,0,Format0 ,0.992,1,100.000,0.992
1782156689040533,normal,2473,96,1,0,Format0 ,0.948,1,100.000,0.948
1782156689043618,normal,2476,96,8,1,Format1 ,0.603,1,72.917,0.496
1782156689086773,normal,2518,96,1,0,Format0 ,0.960,1,100.000,0.960
1782156689094152,normal,2525,12129,2,1,Format0 ,0.938,2,83.333,0.625
1782156689096023,normal,2527,96,0,1,Format1 ,0.506,1,75.694,0.484
1782156689115599,normal,2546,96,8,0,Format0 ,0.999,1,95.833,0.963
1782156689124961,normal,2555,96,2,1,Format1 ,0.531,1,74.306,0.463
1782156689126841,normal,2557,96,0,1,Format1 ,0.526,1,75.694,0.503
1782156689136094,normal,2566,96,8,1,Format1 ,0.516,1,74.306,0.499
1782156689138145,normal,2568,96,2,1,Format1 ,0.522,1,73.611,0.499
1782156689140480,normal,2570,96,6,1,Format1 ,0.517,1,78.472,0.502
1782156689167999,normal,2597,96,0,1,Format1 ,0.557,1,75.000,0.452
1782156689190833,normal,2619,96,6,1,Format1 ,0.507,1,68.750,0.487
1782156689220693,normal,2648,36457,2,1,Format2 ,0.519,2,77.083,0.473
1782156689237320,normal,2664,96,3,0,Format0 ,1.006,1,95.833,0.993
1782156689254122,normal,2680,96,7,0,Format0 ,1.051,1,100.000,1.051
1782156689259996,normal,2686,96,8,1,Format1 ,0.508,1,72.917,0.489
1782156689262075,normal,2688,96,1,0,Format0 ,0.990,1,100.000,0.990
1782156689316469,normal,2741,96,6,1,Format1 ,0.621,1,76.389,0.535
1782156689326708,normal,2751,18779,6,1,Format2 ,0.501,2,72.222,0.453
1782156689333916,normal,2758,96,1,0,Format0 ,0.985,1,100.000,0.985
1782156689336987,normal,2761,96,6,0,Format0 ,0.980,1,100.000,0.981
1782156689340065,normal,2764,96,3,0,Format0 ,0.998,1,100.000,0.998
1782156689342129,normal,2766,96,8,1,Format1 ,0.507,1,75.000,0.490
1782156689347264,normal,2771,96,6,0,Format0 ,1.001,1,100.000,1.001
1782156689350357,normal,2774,9958,2,1,Format2 ,0.518,2,72.917,0.474
1782156689354466,normal,2778,96,1,0,Format0 ,0.972,1,100.000,0.972
1782156689358566,normal,2782,96,7,0,Format0 ,0.951,1,98.611,0.948
1782156689362656,normal,2786,96,8,1,Format1 ,0.516,1,78.472,0.501
1782156689365738,normal,2789,96,6,1,Format1 ,0.510,1,73.611,0.494
1782156689367802,normal,2791,26935,6,1,Format2 ,0.492,2,74.306,0.452
1782156689372905,normal,2796,96,8,0,Format0 ,0.776,1,91.667,0.740
1782156689386458,normal,2809,96,6,0,Format0 ,1.006,1,100.000,1.006
1782156689392833,normal,2815,96,2,1,Format1 ,0.514,1,79.167,0.500
1782156689394723,normal,2817,29875,0,1,Format2 ,0.518,2,77.778,0.478
1782156689409159,normal,2831,96,6,1,Format1 ,0.518,1,72.917,0.503
1782156689447338,normal,2868,96,1,0,Format0 ,0.989,1,100.000,0.989
1782156689527640,normal,2946,4593,8,1,Format2 ,0.523,2,74.306,0.469
1782156689540013,normal,2958,96,1,0,Format0 ,1.000,1,100.000,1.000
1782156689548238,normal,2966,96,8,1,Format1 ,0.516,1,77.083,0.495
1782156689558556,normal,2976,96,9,0,Format0 ,1.053,1,94.444,1.031
1782156689581137,normal,2998,96,1,0,Format0 ,0.932,1,100.000,0.932
1782156689584270,normal,3001,96,6,1,Format1 ,0.473,1,75.000,0.451
1782156689589415,normal,3006,96,8,1,Format1 ,0.550,1,80.556,0.484
1782156689600721,normal,3017,96,0,1,Format1 ,0.622,1,72.917,0.534
1782156689606871,normal,3023,26040,0,2,Format1C,0.390,1,59.028,0.182
1782156689617273,normal,3033,96,1,0,Format0 ,1.004,1,100.000,1.004
1782156689633716,normal,3049,43123,2,0,Format0 ,0.995,2,97.222,0.943
1782156689633716,normal,3049,15308,3,0,Format0 ,0.991,2,91.667,0.828
1782156689692402,normal,3106,96,8,0,Format0 ,0.943,1,94.444,0.875
1782156689712178,normal,3125,23386,2,0,Format0 ,0.920,2,97.222,0.865
1782156689719390,normal,3132,96,7,0,Format0 ,0.979,1,100.000,0.979
1782156689877228,normal,3285,23386,2,0,Format0 ,0.978,2,97.222,0.922
1782156692668575,normal,5986,96,8,1,Format1 ,0.512,1,72.917,0.491
1782156692776085,normal,6089,43123,2,0,Format0 ,0.997,2,97.222,0.943
1782156692795876,normal,6108,96,1,0,Format0 ,0.988,1,100.000,0.988
1782156692814339,normal,6126,50939,8,1,Format2 ,0.515,2,76.389,0.474
1782156692922697,normal,6231,9056,6,1,Format2 ,0.511,2,70.833,0.413
1782156694794533,normal,8045,12129,2,1,Format0 ,0.991,2,83.333,0.661
1782156694815961,normal,8066,11390,8,1,Format2 ,0.521,2,79.167,0.481
1782156694836556,normal,8086,40575,8,1,Format2 ,0.521,2,74.306,0.461
1782156694859189,normal,8108,25744,0,2,Format1A,0.480,1,64.931,0.286
1782156694867437,normal,8116,96,9,0,Format0 ,1.027,1,100.000,1.027
1782156694877717,normal,8126,5093,8,1,Format2 ,0.512,2,75.694,0.467
1782156694965038,normal,8211,96,6,1,Format1 ,0.513,1,74.306,0.493
1782156694983511,normal,8229,96,6,1,Format1 ,0.520,1,78.472,0.504
1782156695662075,normal,8886,2,0,3,Format1A,0.521,1,75.347,0.501
1782156695785964,normal,9006,105,9,0,Format0 ,0.967,1,100.000,0.967
1782156696012324,normal,9225,28594,2,0,Format0 ,0.980,2,97.222,0.923
1782156696484066,normal,9681,97,4,1,Format1 ,0.527,1,78.472,0.510
1782156696489211,normal,9686,97,9,0,Format0 ,0.982,1,100.000,0.982
1782156696492274,normal,9689,5322,0,1,Format2 ,0.516,2,72.917,0.430
1782156696499594,normal,9696,97,9,0,Format0 ,1.009,1,100.000,1.009
1782156696506857,normal,9703,97,3,0,Format0 ,0.984,1,100.000,0.984
1782156696509962,normal,9706,97,9,0,Format0 ,0.986,1,100.000,0.986
1782156696513101,normal,9709,97,0,1,Format1 ,0.514,1,73.611,0.493
1782156696515333,normal,9711,97,4,1,Format1 ,0.509,1,77.778,0.491
1782156696523534,normal,9719,97,0,1,Format1 ,0.517,1,72.222,0.495
1782156696525588,normal,9721,38213,4,1,Format2 ,0.518,2,71.528,0.401
1782156696530765,normal,9726,97,9,0,Format0 ,0.979,1,100.000,0.979
1782156696533939,normal,9729,97,0,1,Format1 ,0.534,1,79.167,0.512
1782156696547317,normal,9742,97,8,1,Format1 ,0.516,1,74.306,0.495
1782156696551401,normal,9746,97,9,0,Format0 ,0.968,1,98.611,0.968
1782156696554614,normal,9749,97,0,2,Format1 ,0.304,1,66.319,0.258
1782156696556679,normal,9751,97,4,1,Format1 ,0.522,1,73.611,0.493
1782156696572120,normal,9766,97,9,0,Format0 ,0.992,1,100.000,0.992
1782156696575216,normal,9769,97,4,1,Format1 ,0.509,1,79.167,0.496
1782156696575216,normal,9769,43123,2,0,Format0 ,0.994,2,97.222,0.943
1782156696577306,normal,9771,97,4,1,Format1 ,0.507,1,78.472,0.495
1782156696587619,normal,9781,9864,4,1,Format2 ,0.517,2,76.389,0.472
1782156696592795,normal,9786,97,9,0,Format0 ,0.991,1,100.000,0.991
1782156696595921,normal,9789,97,0,1,Format1 ,0.519,1,79.861,0.509
1782156696598006,normal,9791,97,4,1,Format1 ,0.529,1,69.444,0.506
1782156696613455,normal,9806,97,9,0,Format0 ,1.002,1,100.000,1.002
1782156696616525,normal,9809,97,0,1,Format1 ,0.516,1,71.528,0.498
1782156696618588,normal,9811,97,4,1,Format1 ,0.522,1,72.917,0.499
1782156696634086,normal,9826,97,9,0,Format0 ,0.988,1,100.000,0.988
1782156698003382,normal,908,96,1,0,Format0 ,1.003,1,100.000,1.003
1782156699093823,normal,1966,97,9,0,Format0 ,1.009,1,100.000,1.009
1782156699134415,normal,2005,55259,2,1,Format0 ,0.970,2,79.167,0.589
1782156699176341,normal,2046,97,9,0,Format0 ,0.990,1,100.000,0.990
1782156702686251,normal,5449,43123,2,0,Format0 ,0.999,2,97.222,0.944
1782156703179215,normal,5928,96,1,0,Format0 ,1.002,1,100.000,1.002
1782156706689606,normal,9319,97,0,1,Format1 ,0.511,1,72.222,0.489
1782156706691636,normal,9321,97,4,1,Format1 ,0.505,1,72.917,0.488
1782156706697070,normal,9326,97,9,0,Format0 ,0.998,1,100.000,0.998
1782156706707961,normal,9336,97,9,0,Format0 ,0.916,1,98.611,0.907
1782156706718678,normal,9346,97,9,0,Format0 ,0.990,1,100.000,0.990
1782156706721922,normal,9349,18302,0,1,Format2 ,0.519,2,74.306,0.475
1782156706724157,normal,9351,7613,4,1,Format2 ,0.512,2,81.944,0.474
1782156706740495,normal,9366,97,9,0,Format0 ,0.983,1,100.000,0.983
1782156706743713,normal,9369,47004,0,1,Format2 ,0.513,2,74.306,0.416
1782156706745942,normal,9371,45788,4,1,Format2 ,0.514,2,77.778,0.471
1782156706756918,normal,9381,15030,4,1,Format2 ,0.509,2,68.750,0.364
1782156706762357,normal,9386,97,9,0,Format0 ,0.995,1,100.000,0.995
1782156706765585,normal,9389,97,0,1,Format1 ,0.513,1,79.861,0.498
1782156706767792,normal,9391,97,4,1,Format1 ,0.509,1,75.000,0.490
1782156706784423,normal,9406,97,9,0,Format0 ,0.978,1,100.000,0.978
1782156706799842,normal,9421,97,4,1,Format1 ,0.515,1,74.306,0.495
1782156706805000,normal,9426,97,9,0,Format0 ,0.994,1,100.000,0.994
1782156706808070,normal,9429,97,0,1,Format1 ,0.507,1,75.694,0.490
1782156706810140,normal,9431,97,4,1,Format1 ,0.514,1,75.000,0.496
1782156706815264,normal,9436,97,9,0,Format0 ,0.985,1,100.000,0.985
1782156706819636,normal,9440,97,3,0,Format0 ,0.701,1,100.000,0.701
1782156706821409,normal,9442,97,8,1,Format1 ,0.577,1,74.306,0.468
1782156706825526,normal,9446,97,9,0,Format0 ,0.994,1,100.000,0.994
1782156706828602,normal,9449,43556,4,1,Format2 ,0.522,2,73.611,0.475
1782156706828602,normal,9449,43123,2,0,Format0 ,0.994,2,97.222,0.939
1782156706830671,normal,9451,6654,4,1,Format2 ,0.515,2,72.917,0.468
1782156706835790,normal,9456,97,9,0,Format0 ,1.007,1,100.000,1.007
1782156706840219,normal,9460,97,3,0,Format0 ,0.952,1,100.000,0.952
1782156706843983,normal,9464,97,9,0,Format0 ,0.993,1,100.000,0.993
1782156706846036,normal,9466,97,9,0,Format0 ,0.989,1,100.000,0.989
1782156706849109,normal,9469,15856,0,1,Format2 ,0.511,2,75.000,0.470
1782156706851180,normal,9471,45087,4,1,Format2 ,0.505,2,72.222,0.461
1782156706856293,normal,9476,97,9,0,Format0 ,1.002,1,100.000,1.002
1782156706866668,normal,9486,97,9,0,Format0 ,0.996,1,100.000,0.996
1782156708249796,normal,588,96,1,0,Format0 ,0.988,1,100.000,0.988
1782156709508108,normal,1805,12129,2,1,Format0 ,0.993,2,83.333,0.660
1782156710748428,normal,3006,96,8,1,Format1 ,0.511,1,75.694,0.489
1782156712826351,normal,5006,96,8,1,Format1 ,0.526,1,77.778,0.504
1782156716960524,normal,9004,97,9,0,Format0 ,0.994,1,100.000,0.994
1782156716962602,normal,9006,97,9,0,Format0 ,0.986,1,100.000,0.986
1782156716965815,normal,9009,97,0,1,Format1 ,0.523,1,75.000,0.506
1782156716967819,normal,9011,97,4,2,Format1 ,0.304,1,63.542,0.252
1782156716981395,normal,9024,97,9,0,Format0 ,1.015,1,100.000,1.015
1782156716983455,normal,9026,97,9,0,Format0 ,0.987,1,100.000,0.987
1782156717004080,normal,9046,97,9,0,Format0 ,1.004,1,100.000,1.004
1782156717007161,normal,9049,45087,0,1,Format2 ,0.514,2,70.833,0.470
1782156717009218,normal,9051,97,4,1,Format1 ,0.510,1,77.778,0.499
1782156717019637,normal,9061,97,4,1,Format1 ,0.516,1,75.000,0.500
1782156717024776,normal,9066,97,9,0,Format0 ,0.989,1,100.000,0.989
1782156717029942,normal,9071,7613,4,1,Format2 ,0.510,2,79.861,0.469
1782156717045404,normal,9086,97,9,0,Format0 ,0.984,1,100.000,0.984
1782156717048508,normal,9089,97,0,1,Format1 ,0.521,1,66.667,0.482
1782156717061070,normal,9101,3657,4,1,Format2 ,0.503,2,75.000,0.458
1782156717066292,normal,9106,97,9,0,Format0 ,0.999,1,100.000,0.999
1782156717069443,normal,9109,97,0,1,Format1 ,0.518,1,73.611,0.497
1782156717071533,normal,9111,97,4,1,Format1 ,0.513,1,73.611,0.485
1782156717076705,normal,9116,97,9,0,Format0 ,0.982,1,100.000,0.982
1782156717087314,normal,9126,97,9,0,Format0 ,0.994,1,100.000,0.994
1782156717090469,normal,9129,7884,4,1,Format2 ,0.523,2,65.278,0.472
1782156717090469,normal,9129,43123,2,0,Format0 ,0.996,2,97.222,0.945
1782156717092543,normal,9131,97,4,1,Format1 ,0.557,1,75.000,0.448
1782156717097689,normal,9136,97,9,0,Format0 ,0.977,1,100.000,0.977
1782156717108267,normal,9146,97,9,0,Format0 ,0.999,1,100.000,0.999
1782156717149579,normal,9186,97,9,0,Format0 ,0.992,1,100.000,0.992
1782156720040205,normal,1738,96,2,1,Format1 ,0.514,1,73.611,0.494
1782156720048460,normal,1746,96,9,0,Format0 ,1.001,1,100.000,1.001
1782156720073496,normal,1770,96,7,0,Format0 ,0.996,1,100.000,0.996
1782156720083942,normal,1780,96,7,0,Format0 ,0.988,1,100.000,0.988
1782156720085690,normal,1782,37608,8,1,Format2 ,0.508,2,69.444,0.461
1782156720088992,normal,1785,28594,2,0,Format0 ,0.998,2,97.222,0.942
1782156720091886,normal,1788,96,2,1,Format1 ,0.511,1,77.778,0.495
1782156720094968,normal,1791,96,6,0,Format0 ,0.997,1,100.000,0.997
1782156720102199,normal,1798,96,1,0,Format0 ,0.997,1,100.000,0.997
1782156720138411,normal,1833,96,1,0,Format0 ,0.984,1,100.000,0.984
1782156720147643,normal,1842,96,8,1,Format1 ,0.525,1,75.694,0.506
1782156720149753,normal,1844,96,3,0,Format0 ,0.995,1,100.000,0.995
1782156720151896,normal,1846,96,9,0,Format0 ,0.994,1,100.000,0.994
1782156720167511,normal,1861,96,6,0,Format0 ,0.933,1,100.000,0.934
1782156720237890,normal,1926,96,8,1,Format1 ,0.510,1,72.917,0.494
1782156720258501,normal,1946,58592,8,1,Format2 ,0.533,2,67.361,0.431
1782156720387252,normal,2071,47785,6,1,Format2 ,0.518,2,72.917,0.432
1782156720397518,normal,2081,325,6,1,Format2 ,0.514,2,71.528,0.404
1782156720402658,normal,2086,96,8,1,Format1 ,0.513,1,76.389,0.486
1782156720428294,normal,2111,33348,6,1,Format2 ,0.511,2,69.444,0.461
1782156720435512,normal,2118,96,1,0,Format0 ,0.990,1,100.000,0.990
1782156720464474,normal,2146,96,8,1,Format1 ,0.503,1,74.306,0.483
1782156720466502,normal,2148,96,1,0,Format0 ,0.990,1,100.000,0.990
1782156720469583,normal,2151,96,6,1,Format1 ,0.513,1,76.389,0.496
1782156720507767,normal,2188,96,1,0,Format0 ,1.002,1,100.000,1.002
1782156720541668,normal,2221,60215,6,1,Format2 ,0.514,2,75.694,0.462
1782156720546809,normal,2226,55898,8,1,Format2 ,0.520,2,73.611,0.464
1782156720853481,normal,2523,96,1,0,Format0 ,0.968,1,100.000,0.968
1782156720862729,normal,2532,96,7,0,Format0 ,0.996,1,100.000,0.996
1782156721579184,normal,3226,43662,8,1,Format2 ,0.500,2,68.056,0.418
1782156721599864,normal,3246,96,8,1,Format1 ,0.522,1,77.778,0.504
1782156721603000,normal,3249,96,6,0,Format0 ,0.990,1,100.000,0.990
1782156721643472,normal,3288,96,2,1,Format1 ,0.508,1,73.611,0.489
1782156721664057,normal,3308,96,1,0,Format0 ,0.993,1,100.000,0.993
1782156721689260,normal,3332,96,7,0,Format0 ,1.012,1,100.000,1.012
1782156721691331,normal,3334,21814,2,1,Format2 ,0.518,2,72.222,0.470
1782156721703705,normal,3346,96,8,1,Format1 ,0.505,1,79.861,0.495
1782156721705767,normal,3348,96,1,0,Format0 ,0.990,1,100.000,0.990
1782156721739409,normal,3380,96,6,1,Format1 ,0.515,1,77.083,0.496
1782156721796203,normal,3435,27891,2,1,Format2 ,0.513,2,75.000,0.470
1782156721802195,normal,3441,96,6,1,Format1 ,0.524,1,70.139,0.501
1782156721805351,normal,3444,47785,2,1,Format2 ,0.522,2,69.444,0.434
1782156721807473,normal,3446,325,8,1,Format2 ,0.517,2,69.444,0.408
1782156721809570,normal,3448,96,1,0,Format0 ,0.991,1,100.000,0.991
1782156721816071,normal,3454,96,2,1,Format1 ,0.524,1,77.083,0.507
1782156721820341,normal,3458,96,1,0,Format0 ,1.008,1,100.000,1.008
1782156721823512,normal,3461,96,6,1,Format1 ,0.507,1,72.917,0.487
1782156721865450,normal,3501,44956,6,1,Format2 ,0.503,1,73.611,0.462
1782156721870647,normal,3506,51209,8,1,Format2 ,0.502,2,70.139,0.458
1782156721901715,normal,3536,96,8,1,Format1 ,0.514,1,75.000,0.494
1782156721932712,normal,3566,62626,8,1,Format2 ,0.511,2,69.444,0.411
1782156721954269,normal,3587,5093,0,1,Format2 ,0.517,2,75.694,0.475
1782156722006866,normal,3638,96,1,0,Format0 ,0.988,1,100.000,0.988
1782156722020243,normal,3651,96,6,1,Format1 ,0.518,1,74.306,0.499
1782156723005521,normal,4608,96,1,0,Format0 ,1.005,1,100.000,1.005
1782156723010694,normal,4613,96,1,0,Format0 ,0.990,1,100.000,0.990
1782156723085657,normal,4686,38230,8,1,Format2 ,0.517,2,73.611,0.432
1782156723168147,normal,4766,96,8,1,Format1 ,0.511,1,76.389,0.495
1782156723521836,normal,5109,96,6,1,Format1 ,0.510,1,79.167,0.500
1782156723560029,normal,5146,2,0,3,Format1A,0.637,1,75.521,0.489
1782156723597156,normal,5182,107,9,0,Format0 ,0.992,1,100.000,0.992
1782156723621807,normal,5206,106,0,1,Format1A,0.511,1,73.611,0.489
1782156723623868,normal,5208,96,1,0,Format0 ,1.008,1,100.000,1.008
1782156723642434,normal,5226,97,9,0,Format0 ,0.985,1,100.000,0.985
1782156723668199,normal,5251,63415,4,1,Format2 ,0.515,2,64.583,0.398
1782156723745550,normal,5326,97,9,0,Format0 ,0.992,1,100.000,0.992
1782156723802494,normal,5381,27097,4,1,Format2 ,0.513,2,68.750,0.460
1782156723890297,normal,5466,47634,4,1,Format2 ,0.509,2,70.833,0.381
1782156724016060,normal,5588,96,1,0,Format0 ,0.997,1,100.000,0.997
1782156724653060,normal,6206,107,4,1,Format1 ,0.519,1,77.083,0.502
1782156724673650,normal,6226,107,4,1,Format1 ,0.513,1,75.694,0.497
1782156726796351,normal,8268,96,1,0,Format0 ,0.991,1,100.000,0.991
1782156727201187,normal,8660,97,3,0,Format0 ,0.992,1,100.000,0.992
1782156727207006,normal,8666,97,9,0,Format0 ,1.007,1,100.000,1.007
1782156727210113,normal,8669,17389,0,1,Format2 ,0.513,2,70.833,0.388
1782156727222468,normal,8681,97,4,1,Format1 ,0.513,1,73.611,0.493
1782156727227626,normal,8686,97,9,0,Format0 ,0.996,1,100.000,0.996
1782156727230767,normal,8689,97,0,1,Format1 ,0.516,1,77.083,0.498
1782156727243177,normal,8701,25099,4,1,Format2 ,0.507,2,76.389,0.467
1782156727248342,normal,8706,97,9,0,Format0 ,0.993,1,100.000,0.993
1782156727250421,normal,8708,97,7,0,Format0 ,0.995,1,100.000,0.995
1782156727252901,normal,8710,97,3,0,Format0 ,0.995,1,100.000,0.995
1782156727264903,normal,8722,97,8,1,Format1 ,0.568,1,69.444,0.498
1782156727269029,normal,8726,97,9,0,Format0 ,0.995,1,100.000,0.995
1782156727272131,normal,8729,97,0,1,Format1 ,0.518,1,69.444,0.498
1782156727274142,normal,8731,27539,4,1,Format2 ,0.509,2,75.000,0.482
1782156727289664,normal,8746,97,9,0,Format0 ,0.999,1,100.000,0.999
1782156727292749,normal,8749,13082,0,1,Format2 ,0.512,2,70.833,0.414
1782156727294827,normal,8751,5474,4,1,Format2 ,0.509,2,79.167,0.457
1782156727310293,normal,8766,97,9,0,Format0 ,0.996,1,100.000,0.996
1782156727313390,normal,8769,27539,0,1,Format2 ,0.511,2,73.611,0.480
1782156727318555,normal,8774,97,9,0,Format0 ,0.996,1,100.000,0.996
1782156727351509,normal,8806,97,9,0,Format0 ,0.995,1,100.000,0.995
1782156728692631,normal,10108,96,1,0,Format0 ,0.995,1,100.000,0.995
1782156728744088,normal,10158,96,1,0,Format0 ,1.008,1,100.000,1.008
1782158059027655,normal,6106,33495,22,1,Format1C,2.159,1,69.444,1.593
1782158059285299,normal,6229,54625,30,1,Format1C,1.590,1,65.278,1.070
1782158059601750,normal,6377,40955,4,1,Format1C,0.989,1,70.139,0.695
1782158059601750,normal,6377,12180,13,0,Format0 ,1.507,1,93.056,1.484
1782158059827781,normal,6487,14111,30,1,Format1C,1.505,1,63.889,1.130
1782158060651213,normal,6894,38929,28,2,Format1C,0.502,1,59.375,0.250
1782158062871417,normal,9901,103,2,1,Format1A,0.509,1,73.611,0.496
1782158062873464,normal,9903,97,3,0,Format0 ,1.006,1,100.000,1.006
1782158062876541,normal,9906,97,9,0,Format0 ,0.991,1,100.000,0.991
1782158062879661,normal,9909,25099,0,1,Format2 ,0.512,2,75.000,0.468
1782158062888051,normal,9917,97,9,0,Format0 ,0.999,1,100.000,0.999
1782158062897286,normal,9926,97,9,0,Format0 ,1.007,1,100.000,1.007
1782158062900377,normal,9929,49883,4,1,Format2 ,0.513,2,74.306,0.474
1782158062912808,normal,9941,97,4,1,Format1 ,0.514,1,73.611,0.496
1782158062917912,normal,9946,97,9,0,Format0 ,1.008,1,100.000,1.008
1782158062920005,normal,9948,97,7,0,Format0 ,0.962,1,100.000,0.962
1782158062924137,normal,9952,11360,8,1,Format2 ,0.500,2,71.528,0.408
1782158062929255,normal,9957,97,9,0,Format0 ,0.991,1,100.000,0.991
1782158062938486,normal,9966,97,9,0,Format0 ,1.003,1,100.000,1.003
1782158062953935,normal,9981,97,4,1,Format1 ,0.510,1,75.694,0.500
1782158062959057,normal,9986,97,9,0,Format0 ,0.992,1,100.000,0.992
1782158062974523,normal,10001,97,4,1,Format1 ,0.508,1,74.306,0.495
1782158062982977,normal,10009,97,0,1,Format1 ,0.511,1,75.694,0.495
1782158062985021,normal,10011,97,4,1,Format1 ,0.518,1,72.917,0.501
1782158063000585,normal,10026,97,9,0,Format0 ,0.993,1,100.000,0.993
1782158063005786,normal,10031,17389,4,1,Format2 ,0.514,2,72.222,0.393
1782158063013014,normal,10038,25697,6,1,Format2 ,0.513,2,70.833,0.389
1782158063026478,normal,10051,97,4,1,Format1 ,0.572,1,77.778,0.485
1782158063029584,normal,10054,97,0,1,Format1 ,0.508,1,75.000,0.494
1782158063031635,normal,10056,97,9,0,Format0 ,0.989,1,100.000,0.989
1782158063039964,normal,10064,97,9,0,Format0 ,0.997,1,100.000,0.997
1782158063042007,normal,10066,97,9,0,Format0 ,0.986,1,100.000,0.986
1782158063047278,normal,10071,43517,4,2,Format2 ,0.515,2,71.875,0.348
1782158063053657,normal,10077,97,9,0,Format0 ,1.005,1,100.000,1.005
1782158063057887,normal,10081,97,4,1,Format1 ,0.515,1,76.389,0.496
1782158063723329,normal,486,2,0,3,Format1A,0.515,1,76.042,0.498
1782158063736587,normal,499,6007,2,1,Format0 ,1.000,2,81.944,0.649
1782158063762012,normal,524,104,0,3,Format1A,1.001,1,100.000,1.001
1782158063782468,normal,544,104,0,3,Format1 ,0.999,1,100.000,0.999
1782158064055546,normal,812,104,9,0,Format0 ,0.998,1,100.000,0.998
1782158065647121,normal,2372,104,9,0,Format0 ,0.949,1,98.611,0.949
1782158073177270,normal,9686,18248,8,1,Format2 ,0.527,2,66.667,0.379
1782158073287162,normal,9794,96,2,1,Format1 ,0.510,1,72.917,0.492
1782158073308877,normal,9805,12129,2,1,Format0 ,0.982,2,83.333,0.656
1782158073594803,normal,10086,97,9,0,Format0 ,0.990,1,100.000,0.990
1782158073597857,normal,10089,97,4,1,Format1 ,0.508,1,71.528,0.490
1782158073597857,normal,10089,43123,2,0,Format0 ,0.988,2,97.222,0.929
1782158073599879,normal,10091,97,4,1,Format1 ,0.512,1,77.083,0.498
1782158073602940,normal,10094,97,9,0,Format0 ,0.998,1,100.000,0.998
1782158073609368,normal,10100,97,3,0,Format0 ,0.995,1,100.000,0.995
1782158073612087,normal,10103,97,3,0,Format0 ,0.986,1,100.000,0.986
1782158073615145,normal,10106,97,9,0,Format0 ,1.009,1,100.000,1.009
1782158073618213,normal,10109,2400,0,1,Format2 ,0.525,2,72.917,0.477
1782158073620223,normal,10111,97,4,1,Format1 ,0.514,1,76.389,0.492
1782158073630383,normal,10121,25099,4,1,Format2 ,0.528,2,75.694,0.479
1782158073635486,normal,10126,97,9,0,Format0 ,1.004,1,100.000,1.004
1782158073638590,normal,10129,97,0,1,Format1 ,0.526,1,77.083,0.502
1782158073650867,normal,10141,13935,4,1,Format2 ,0.535,2,71.528,0.388
1782158073655919,normal,10146,97,9,0,Format0 ,1.007,1,100.000,1.007
1782158073658966,normal,10149,97,0,1,Format1 ,0.512,1,75.000,0.496
1782158073660992,normal,10151,25099,4,1,Format2 ,0.513,2,71.528,0.467
1782158073666084,normal,10156,97,9,0,Format0 ,0.979,1,100.000,0.979
1782158073676253,normal,10166,97,9,0,Format0 ,0.995,1,100.000,0.995
1782158073679305,normal,10169,48239,0,1,Format2 ,0.517,2,71.528,0.416
1782158073691547,normal,10181,10311,4,1,Format2 ,0.516,2,72.917,0.460
1782158073696647,normal,10186,97,9,0,Format0 ,0.995,1,100.000,0.995
1782158073699718,normal,10189,13935,0,1,Format2 ,0.508,2,72.222,0.387
1782158073701726,normal,10191,27539,4,1,Format2 ,0.518,2,70.833,0.486
1782158073716988,normal,10206,97,9,0,Format0 ,0.985,1,100.000,0.985
1782158073737337,normal,10226,97,9,0,Format0 ,0.992,1,100.000,0.992
1782158074172778,normal,414,96,3,0,Format0 ,0.987,1,100.000,0.987
1782158074176867,normal,418,58759,2,1,Format2 ,0.513,2,71.528,0.420
1782158074181973,normal,423,96,1,0,Format0 ,0.993,1,100.000,0.993
1782158074185025,normal,426,96,8,1,Format1 ,0.573,1,79.167,0.475
1782158074187060,normal,428,96,1,0,Format0 ,0.970,1,100.000,0.970
1782158074197268,normal,438,96,1,0,Format0 ,0.996,1,100.000,0.996
1782158074235103,normal,475,96,2,0,Format0 ,0.992,1,100.000,0.992
1782158074241021,normal,481,96,6,0,Format0 ,0.993,1,100.000,0.994
1782158074243060,normal,483,96,1,0,Format0 ,1.005,1,100.000,1.005
1782158074245265,normal,485,23386,2,0,Format0 ,0.995,2,97.222,0.942
1782158074248154,normal,488,96,2,1,Format1 ,0.526,1,73.611,0.497
1782158074250509,normal,490,96,7,0,Format0 ,0.990,1,100.000,0.990
1782158074252234,normal,492,96,8,1,Format1 ,0.513,1,70.833,0.488
1782158074258394,normal,498,96,2,1,Format1 ,0.511,1,72.917,0.491
1782158074261430,normal,501,96,6,1,Format1 ,0.518,1,70.833,0.497
1782158074266538,normal,506,59429,8,1,Format2 ,0.513,2,70.833,0.423
1782158074268555,normal,508,96,1,0,Format0 ,0.992,1,100.000,0.992
1782158074286917,normal,526,96,9,0,Format0 ,1.003,1,100.000,1.003
1782158074288933,normal,528,30888,0,3,Format1 ,0.330,1,60.243,0.135
1782158074299105,normal,538,96,2,0,Format0 ,0.928,1,91.667,0.871
1782158074304210,normal,543,96,1,0,Format0 ,1.004,1,100.000,1.004
1782158074307250,normal,546,23881,8,1,Format2 ,0.507,2,69.444,0.387
1782158074312360,normal,551,96,6,0,Format0 ,0.991,1,100.000,0.991
1782158074314417,normal,553,96,1,0,Format0 ,0.998,1,100.000,0.998
1782158074328763,normal,557,49744,0,3,Format1C,0.359,1,57.986,0.121
1782158074332775,normal,561,96,6,0,Format0 ,0.999,1,100.000,0.999
1782158074334804,normal,563,96,1,0,Format0 ,0.987,1,100.000,0.987
1782158074337930,normal,566,96,9,0,Format0 ,0.960,1,100.000,0.960
1782158074343004,normal,571,96,6,1,Format1 ,0.513,1,74.306,0.498
1782158074346046,normal,574,96,2,1,Format1 ,0.521,1,75.000,0.492
1782158074363339,normal,591,56915,6,1,Format2 ,0.517,2,77.778,0.473
1782158074384713,normal,612,96,7,0,Format0 ,1.005,1,100.000,1.005
1782158074385817,normal,613,96,1,0,Format0 ,0.989,1,100.000,0.989
1782158074398171,normal,625,50785,2,0,Format0 ,0.984,2,97.222,0.932
1782158074398171,normal,625,20580,3,0,Format0 ,0.979,1,81.944,0.642
1782158074421622,normal,648,96,2,1,Format1 ,0.523,1,73.611,0.488
1782158074423983,normal,650,27891,6,1,Format2 ,0.520,2,72.222,0.477
1782158074425692,normal,652,96,7,0,Format0 ,0.998,1,100.000,0.998
1782158074431814,normal,658,96,1,0,Format0 ,0.997,1,100.000,0.997
1782158074434176,normal,660,96,6,1,Format1 ,0.509,1,72.917,0.493
1782158074439954,normal,666,96,9,0,Format0 ,0.997,1,100.000,0.997
1782158074465417,normal,691,96,6,0,Format0 ,0.955,1,100.000,0.956
1782158074633312,normal,856,96,8,1,Format1 ,0.509,1,78.472,0.496
1782158074635342,normal,858,96,1,0,Format0 ,0.987,1,100.000,0.987
1782158074684596,normal,906,96,8,1,Format1 ,0.509,1,77.083,0.489
1782158074686631,normal,908,96,1,0,Format0 ,0.996,1,100.000,0.996
1782158074689677,normal,911,11984,6,1,Format2 ,0.495,2,69.444,0.427
1782158074694760,normal,916,57384,8,1,Format2 ,0.529,2,71.528,0.412
1782158074737556,normal,958,96,1,0,Format0 ,1.000,1,100.000,1.000
1782158074750821,normal,971,96,6,1,Format1 ,0.517,1,78.472,0.504
1782158074856424,normal,1074,96,2,0,Format0 ,0.964,1,95.833,0.933
1782158074888717,normal,1106,96,8,1,Format1 ,0.499,1,70.833,0.477
1782158074890748,normal,1108,96,1,0,Format0 ,0.994,1,100.000,0.994
1782158074893803,normal,1111,96,6,1,Format1 ,0.510,1,71.528,0.487
1782158075185564,normal,1385,28594,2,0,Format0 ,0.989,2,97.222,0.931
1782158075420025,normal,1605,23386,2,0,Format0 ,0.992,2,97.222,0.936
1782158075461574,normal,1645,12129,2,1,Format0 ,0.988,2,83.333,0.657
1782158075502257,normal,1685,55259,2,1,Format0 ,0.940,2,79.167,0.556
1782158075704655,normal,1884,96,2,1,Format1 ,0.464,1,71.528,0.444
1782158075815556,normal,1993,16355,0,2,Format1 ,0.387,1,62.847,0.242
1782158075869467,normal,2046,96,9,0,Format0 ,0.993,1,100.000,0.993
1782158075871497,normal,2048,96,1,0,Format0 ,0.990,1,100.000,0.990
1782158075889821,normal,2066,96,8,1,Format1 ,0.583,1,74.306,0.474
1782158075894901,normal,2071,96,6,1,Format1 ,0.518,1,77.778,0.506
1782158075910159,normal,2086,96,8,1,Format1 ,0.507,1,70.833,0.482
1782158075916287,normal,2092,96,7,0,Format0 ,0.971,1,100.000,0.971
1782158075924829,normal,2100,96,7,0,Format0 ,0.986,1,100.000,0.986
1782158075930494,normal,2106,18412,8,1,Format2 ,0.513,2,72.222,0.458
1782158075937670,normal,2113,96,1,0,Format0 ,0.991,1,100.000,0.991
1782158075950911,normal,2126,96,8,1,Format1 ,0.519,1,73.611,0.503
1782158075968190,normal,2143,96,1,0,Format0 ,0.972,1,100.000,0.972
1782158076017064,normal,2191,96,6,0,Format0 ,0.998,1,100.000,0.998
1782158076019114,normal,2193,96,1,0,Format0 ,0.979,1,100.000,0.979
1782158076027235,normal,2201,96,6,1,Format1 ,0.524,1,77.083,0.503
1782158076062828,normal,2236,43597,8,1,Format2 ,0.505,2,75.694,0.460
1782158076072996,normal,2246,13279,8,1,Format2 ,0.462,2,70.833,0.412
1782158076078098,normal,2251,56915,6,1,Format2 ,0.515,2,77.778,0.470
1782158076087736,normal,2260,96,6,1,Format1 ,0.509,1,81.250,0.498
1782158076091389,normal,2264,749,2,1,Format2 ,0.506,2,76.389,0.410
1782158076095439,normal,2268,44773,2,1,Format2 ,0.506,2,72.917,0.411
1782158076097916,normal,2270,96,6,0,Format0 ,0.932,1,100.000,0.932
1782158076100521,normal,2273,96,1,0,Format0 ,0.919,1,100.000,0.919
1782158076102753,normal,2275,3668,0,3,Format2 ,0.314,2,59.028,0.175
1782158076105635,normal,2278,96,1,0,Format0 ,0.853,1,93.056,0.791
1782158076109946,normal,2282,96,7,0,Format0 ,1.051,1,91.667,0.951
1782158076117073,normal,2289,96,6,1,Format1 ,0.499,1,68.750,0.427
1782158076119115,normal,2291,96,6,0,Format0 ,1.005,1,100.000,1.005
1782158076129352,normal,2301,96,6,1,Format1 ,0.588,1,72.222,0.500
1782158076191464,normal,2362,96,7,0,Format0 ,0.993,1,100.000,0.993
1782158076195496,normal,2366,96,9,0,Format0 ,0.995,1,100.000,0.995
1782158076207738,normal,2378,96,1,0,Format0 ,0.992,1,100.000,0.992
1782158076299480,normal,2468,96,2,1,Format1 ,0.517,1,72.222,0.493
1782158076307615,normal,2476,96,8,1,Format1 ,0.603,1,72.917,0.496
1782158076309658,normal,2478,96,1,0,Format0 ,1.002,1,100.000,1.002
1782158076350327,normal,2518,96,1,0,Format0 ,0.960,1,100.000,0.960
1782158076357627,normal,2525,12129,2,1,Format0 ,0.938,2,83.333,0.625
1782158076360545,normal,2528,96,1,0,Format0 ,0.994,1,100.000,0.994
1782158076378870,normal,2546,96,8,0,Format0 ,0.999,1,95.833,0.963
1782158076388212,normal,2555,96,2,1,Format1 ,0.531,1,74.306,0.463
1782158076390062,normal,2557,96,0,1,Format1 ,0.526,1,75.694,0.503
1782158076399216,normal,2566,96,8,1,Format1 ,0.516,1,74.306,0.499
1782158076401241,normal,2568,96,2,1,Format1 ,0.522,1,73.611,0.499
1782158076403580,normal,2570,96,6,1,Format1 ,0.517,1,78.472,0.502
1782158076430776,normal,2597,96,0,1,Format1 ,0.557,1,75.000,0.452
1782158076483411,normal,2648,36457,2,1,Format2 ,0.519,2,77.083,0.473
1782158076499770,normal,2664,96,3,0,Format0 ,1.006,1,95.833,0.993
1782158076516377,normal,2680,96,7,0,Format0 ,1.051,1,100.000,1.051
1782158076522226,normal,2686,96,8,1,Format1 ,0.508,1,72.917,0.489
1782158076578244,normal,2741,96,6,1,Format1 ,0.621,1,76.389,0.535
1782158076585361,normal,2748,96,1,0,Format0 ,0.990,1,100.000,0.990
1782158076588412,normal,2751,18779,6,1,Format2 ,0.501,2,72.222,0.453
1782158076601676,normal,2764,96,3,0,Format0 ,0.998,1,100.000,0.998
1782158076603721,normal,2766,96,8,1,Format1 ,0.507,1,75.000,0.490
1782158076608808,normal,2771,96,6,0,Format0 ,1.001,1,100.000,1.001
1782158076611872,normal,2774,9958,2,1,Format2 ,0.518,2,72.917,0.474
1782158076615942,normal,2778,96,1,0,Format0 ,0.972,1,100.000,0.972
1782158076620012,normal,2782,96,7,0,Format0 ,0.951,1,98.611,0.948
1782158076622048,normal,2784,96,3,0,Format0 ,0.975,1,100.000,0.976
1782158076624088,normal,2786,96,8,1,Format1 ,0.516,1,78.472,0.501
1782158076627146,normal,2789,96,6,1,Format1 ,0.510,1,73.611,0.494
1782158076629184,normal,2791,26935,6,1,Format2 ,0.492,2,74.306,0.452
1782158076634262,normal,2796,96,8,0,Format0 ,0.776,1,91.667,0.740
1782158076639365,normal,2801,96,6,0,Format0 ,0.966,1,100.000,0.966
1782158076647612,normal,2809,96,6,0,Format0 ,1.006,1,100.000,1.006
1782158076653873,normal,2815,96,2,1,Format1 ,0.514,1,79.167,0.500
1782158076654738,normal,2816,96,8,1,Format1 ,0.499,1,74.306,0.485
1782158076655754,normal,2817,29875,0,1,Format2 ,0.518,2,77.778,0.478
1782158076670007,normal,2831,96,6,1,Format1 ,0.518,1,72.917,0.503
1782158076707668,normal,2868,96,1,0,Format0 ,0.989,1,100.000,0.989
1782158076717852,normal,2878,96,1,0,Format0 ,0.991,1,100.000,0.991
1782158076787005,normal,2946,4593,8,1,Format2 ,0.523,2,74.306,0.469
1782158076799209,normal,2958,96,1,0,Format0 ,1.000,1,100.000,1.000
1782158076807363,normal,2966,96,8,1,Format1 ,0.516,1,77.083,0.495
1782158076817513,normal,2976,96,9,0,Format0 ,1.053,1,94.444,1.031
1782158076839945,normal,2998,96,1,0,Format0 ,0.932,1,100.000,0.932
1782158076842985,normal,3001,96,6,1,Format1 ,0.473,1,75.000,0.451
1782158076848089,normal,3006,96,8,1,Format1 ,0.550,1,80.556,0.484
1782158076859300,normal,3017,96,0,1,Format1 ,0.622,1,72.917,0.534
1782158076865395,normal,3023,26040,0,2,Format1C,0.390,1,59.028,0.182
1782158076875570,normal,3033,96,1,0,Format0 ,1.004,1,100.000,1.004
1782158076877772,normal,3035,96,2,0,Format0 ,0.983,1,100.000,0.983
1782158076949821,normal,3106,96,8,0,Format0 ,0.943,1,94.444,0.875
1782158076969343,normal,3125,23386,2,0,Format0 ,0.920,2,97.222,0.865
1782158077132319,normal,3285,23386,2,0,Format0 ,0.978,2,97.222,0.922
1782158079962603,normal,5986,96,8,1,Format1 ,0.512,1,72.917,0.491
1782158080068514,normal,6089,43123,2,0,Format0 ,0.997,2,97.222,0.943
1782158080088107,normal,6108,96,1,0,Format0 ,0.988,1,100.000,0.988
1782158080106531,normal,6126,50939,8,1,Format2 ,0.515,2,76.389,0.474
1782158080214749,normal,6231,9056,6,1,Format2 ,0.511,2,70.833,0.413
1782158082078773,normal,8045,12129,2,1,Format0 ,0.991,2,83.333,0.661
1782158082099937,normal,8066,11390,8,1,Format2 ,0.521,2,79.167,0.481
1782158082120284,normal,8086,40575,8,1,Format2 ,0.521,2,74.306,0.461
1782158082142657,normal,8108,25744,0,2,Format1A,0.480,1,64.931,0.286
1782158082150810,normal,8116,96,9,0,Format0 ,1.027,1,100.000,1.027
1782158082156930,normal,8122,96,7,0,Format0 ,0.997,1,100.000,0.998
1782158082161003,normal,8126,5093,8,1,Format2 ,0.512,2,75.694,0.467
1782158082247571,normal,8211,96,6,1,Format1 ,0.513,1,74.306,0.493
1782158082264859,normal,8228,96,1,0,Format0 ,1.008,1,100.000,1.008
1782158082977007,normal,8886,2,0,3,Format1A,0.521,1,75.347,0.501
1782158083099650,normal,9006,105,9,0,Format0 ,0.967,1,100.000,0.967
1782158083335335,normal,9226,96,8,1,Format1 ,0.512,1,73.611,0.490
1782158083810793,normal,9681,97,4,1,Format1 ,0.527,1,78.472,0.510
1782158083815882,normal,9686,97,9,0,Format0 ,0.982,1,100.000,0.982
1782158083818925,normal,9689,5322,0,1,Format2 ,0.516,2,72.917,0.430
1782158083844561,normal,9704,97,9,0,Format0 ,0.995,1,100.000,0.995
1782158083846432,normal,9706,97,9,0,Format0 ,0.986,1,100.000,0.986
1782158083849516,normal,9709,97,0,1,Format1 ,0.514,1,73.611,0.493
1782158083851553,normal,9711,97,4,1,Format1 ,0.509,1,77.778,0.491
1782158083854635,normal,9714,97,9,0,Format0 ,0.998,1,100.000,0.998
1782158083861810,normal,9721,38213,4,1,Format2 ,0.518,2,71.528,0.401
1782158083866914,normal,9726,97,9,0,Format0 ,0.979,1,100.000,0.979
1782158083868950,normal,9728,97,7,0,Format0 ,0.997,1,100.000,0.997
1782158083887331,normal,9746,97,9,0,Format0 ,0.968,1,98.611,0.968
1782158083890447,normal,9749,97,0,2,Format1 ,0.304,1,66.319,0.258
1782158083892479,normal,9751,97,4,1,Format1 ,0.522,1,73.611,0.493
1782158083902680,normal,9761,97,4,1,Format1 ,0.516,1,72.222,0.501
1782158083907769,normal,9766,97,9,0,Format0 ,0.992,1,100.000,0.992
1782158083910823,normal,9769,97,4,1,Format1 ,0.509,1,79.167,0.496
1782158083910823,normal,9769,43123,2,0,Format0 ,0.994,2,97.222,0.943
1782158083912855,normal,9771,97,4,1,Format1 ,0.507,1,78.472,0.495
1782158083923030,normal,9781,9864,4,1,Format2 ,0.517,2,76.389,0.472
1782158083928139,normal,9786,97,9,0,Format0 ,0.991,1,100.000,0.991
1782158083931188,normal,9789,97,0,1,Format1 ,0.519,1,79.861,0.509
1782158083933248,normal,9791,97,4,1,Format1 ,0.529,1,69.444,0.506
1782158083944487,normal,9802,27539,8,1,Format2 ,0.515,2,72.917,0.479
1782158083948585,normal,9806,97,9,0,Format0 ,1.002,1,100.000,1.002
1782158083951668,normal,9809,97,0,1,Format1 ,0.516,1,71.528,0.498
1782158083953781,normal,9811,97,4,1,Format1 ,0.522,1,72.917,0.499
1782158083969116,normal,9826,97,9,0,Format0 ,0.988,1,100.000,0.988
1782158085353902,normal,908,96,1,0,Format0 ,1.003,1,100.000,1.003
1782158086465842,normal,1966,97,9,0,Format0 ,1.009,1,100.000,1.009
1782158086548848,normal,2046,97,9,0,Format0 ,0.990,1,100.000,0.990
1782158090580828,normal,5928,96,1,0,Format0 ,1.002,1,100.000,1.002
1782158094043735,normal,9316,97,9,0,Format0 ,0.980,1,100.000,0.980
1782158094048829,normal,9321,97,4,1,Format1 ,0.505,1,72.917,0.488
1782158094053912,normal,9326,97,9,0,Format0 ,0.998,1,100.000,0.998
1782158094056998,normal,9329,97,0,1,Format1 ,0.524,1,76.389,0.508
1782158094064089,normal,9336,97,9,0,Format0 ,0.916,1,98.611,0.907
1782158094074260,normal,9346,97,9,0,Format0 ,0.990,1,100.000,0.990
1782158094077318,normal,9349,18302,0,1,Format2 ,0.519,2,74.306,0.475
1782158094079351,normal,9351,7613,4,1,Format2 ,0.512,2,81.944,0.474
1782158094083573,normal,9355,97,3,0,Format0 ,0.993,1,100.000,0.993
1782158094094609,normal,9366,97,9,0,Format0 ,0.983,1,100.000,0.983
1782158094097658,normal,9369,47004,0,1,Format2 ,0.513,2,74.306,0.416
1782158094099771,normal,9371,45788,4,1,Format2 ,0.514,2,77.778,0.471
1782158094109910,normal,9381,15030,4,1,Format2 ,0.509,2,68.750,0.364
1782158094115001,normal,9386,97,9,0,Format0 ,0.995,1,100.000,0.995
1782158094118048,normal,9389,97,0,1,Format1 ,0.513,1,79.861,0.498
1782158094120083,normal,9391,97,4,1,Format1 ,0.509,1,75.000,0.490
1782158094135349,normal,9406,97,9,0,Format0 ,0.978,1,100.000,0.978
1782158094150628,normal,9421,97,4,1,Format1 ,0.515,1,74.306,0.495
1782158094155720,normal,9426,97,9,0,Format0 ,0.994,1,100.000,0.994
1782158094158767,normal,9429,97,0,1,Format1 ,0.507,1,75.694,0.490
1782158094160806,normal,9431,97,4,1,Format1 ,0.514,1,75.000,0.496
1782158094170230,normal,9440,97,3,0,Format0 ,0.701,1,100.000,0.701
1782158094176063,normal,9446,97,9,0,Format0 ,0.994,1,100.000,0.994
1782158094179123,normal,9449,43556,4,1,Format2 ,0.522,2,73.611,0.475
1782158094179123,normal,9449,43123,2,0,Format0 ,0.994,2,97.222,0.939
1782158094181153,normal,9451,6654,4,1,Format2 ,0.515,2,72.917,0.468
1782158094190650,normal,9460,97,3,0,Format0 ,0.952,1,100.000,0.952
1782158094194381,normal,9464,97,9,0,Format0 ,0.993,1,100.000,0.993
1782158094196411,normal,9466,97,9,0,Format0 ,0.989,1,100.000,0.989
1782158094199466,normal,9469,15856,0,1,Format2 ,0.511,2,75.000,0.470
1782158094201497,normal,9471,45087,4,1,Format2 ,0.505,2,72.222,0.461
1782158094206582,normal,9476,97,9,0,Format0 ,1.002,1,100.000,1.002
1782158094216762,normal,9486,97,9,0,Format0 ,0.996,1,100.000,0.996
1782158095647485,normal,588,96,1,0,Format0 ,0.988,1,100.000,0.988
1782158098113099,normal,3006,96,8,1,Format1 ,0.511,1,75.694,0.489
1782158100152791,normal,5006,96,8,1,Format1 ,0.526,1,77.778,0.504
1782158104293677,normal,9001,97,4,1,Format1 ,0.515,1,73.611,0.495
1782158104298818,normal,9006,97,9,0,Format0 ,0.986,1,100.000,0.986
1782158104301892,normal,9009,97,0,1,Format1 ,0.523,1,75.000,0.506
1782158104316173,normal,9023,97,3,0,Format0 ,0.998,1,100.000,0.998
1782158104319242,normal,9026,97,9,0,Format0 ,0.987,1,100.000,0.987
1782158104339721,normal,9046,97,9,0,Format0 ,1.004,1,100.000,1.004
1782158104342805,normal,9049,45087,0,1,Format2 ,0.514,2,70.833,0.470
1782158104344838,normal,9051,97,4,1,Format1 ,0.510,1,77.778,0.499
1782158104355129,normal,9061,97,4,1,Format1 ,0.516,1,75.000,0.500
1782158104360251,normal,9066,97,9,0,Format0 ,0.989,1,100.000,0.989
1782158104365392,normal,9071,7613,4,1,Format2 ,0.510,2,79.861,0.469
1782158104380731,normal,9086,97,9,0,Format0 ,0.984,1,100.000,0.984
1782158104383814,normal,9089,97,0,1,Format1 ,0.521,1,66.667,0.482
1782158104387897,normal,9093,97,3,0,Format0 ,0.997,1,100.000,0.997
1782158104396075,normal,9101,3657,4,1,Format2 ,0.503,2,75.000,0.458
1782158104401173,normal,9106,97,9,0,Format0 ,0.999,1,100.000,0.999
1782158104404241,normal,9109,97,0,1,Format1 ,0.518,1,73.611,0.497
1782158104406282,normal,9111,97,4,1,Format1 ,0.513,1,73.611,0.485
1782158104417529,normal,9122,97,8,1,Format1 ,0.517,1,75.000,0.498
1782158104421622,normal,9126,97,9,0,Format0 ,0.994,1,100.000,0.994
1782158104424674,normal,9129,7884,4,1,Format2 ,0.523,2,65.278,0.472
1782158104424674,normal,9129,43123,2,0,Format0 ,0.996,2,97.222,0.945
1782158104442106,normal,9146,97,9,0,Format0 ,0.999,1,100.000,0.999
1782158104482918,normal,9186,97,9,0,Format0 ,0.992,1,100.000,0.992
1782158107394610,normal,1737,35602,0,2,Format2 ,0.511,2,67.708,0.322
1782158107396644,normal,1739,53086,6,1,Format2 ,0.511,2,75.694,0.459
1782158107403784,normal,1746,96,9,0,Format0 ,1.001,1,100.000,1.001
1782158107428547,normal,1770,96,7,0,Format0 ,0.996,1,100.000,0.996
1782158107438828,normal,1780,96,7,0,Format0 ,0.988,1,100.000,0.988
1782158107440507,normal,1782,37608,8,1,Format2 ,0.508,2,69.444,0.461
1782158107443743,normal,1785,28594,2,0,Format0 ,0.998,2,97.222,0.942
1782158107449658,normal,1791,96,6,0,Format0 ,0.997,1,100.000,0.997
1782158107492470,normal,1833,96,1,0,Format0 ,0.984,1,100.000,0.984
1782158107494658,normal,1835,96,2,0,Format0 ,0.996,1,100.000,0.996
1782158107501627,normal,1842,96,8,1,Format1 ,0.525,1,75.694,0.506
1782158107503680,normal,1844,96,3,0,Format0 ,0.995,1,100.000,0.995
1782158107505722,normal,1846,96,9,0,Format0 ,0.994,1,100.000,0.994
1782158107520986,normal,1861,96,6,0,Format0 ,0.933,1,100.000,0.934
1782158107587407,normal,1926,96,8,1,Format1 ,0.510,1,72.917,0.494
1782158107607766,normal,1946,58592,8,1,Format2 ,0.533,2,67.361,0.431
1782158107735287,normal,2071,47785,6,1,Format2 ,0.518,2,72.917,0.432
1782158107750600,normal,2086,96,8,1,Format1 ,0.513,1,76.389,0.486
1782158107776121,normal,2111,33348,6,1,Format2 ,0.511,2,69.444,0.461
1782158107783271,normal,2118,96,1,0,Format0 ,0.990,1,100.000,0.990
1782158107811749,normal,2146,96,8,1,Format1 ,0.503,1,74.306,0.483
1782158107816837,normal,2151,96,6,1,Format1 ,0.513,1,76.389,0.496
1782158107888049,normal,2221,60215,6,1,Format2 ,0.514,2,75.694,0.462
1782158107893143,normal,2226,55898,8,1,Format2 ,0.520,2,73.611,0.464
1782158108205411,normal,2532,96,7,0,Format0 ,0.996,1,100.000,0.996
1782158108905514,normal,3218,96,1,0,Format0 ,0.984,1,100.000,0.984
1782158108913660,normal,3226,43662,8,1,Format2 ,0.500,2,68.056,0.418
1782158108934009,normal,3246,96,8,1,Format1 ,0.522,1,77.778,0.504
1782158108936025,normal,3248,96,2,1,Format1 ,0.518,1,70.833,0.497
1782158108976734,normal,3288,96,2,1,Format1 ,0.508,1,73.611,0.489
1782158108997360,normal,3308,96,1,0,Format0 ,0.993,1,100.000,0.993
1782158109021800,normal,3332,96,7,0,Format0 ,1.012,1,100.000,1.012
1782158109036032,normal,3346,96,8,1,Format1 ,0.505,1,79.861,0.495
1782158109038060,normal,3348,96,1,0,Format0 ,0.990,1,100.000,0.990
1782158109071666,normal,3381,96,6,1,Format1 ,0.515,1,75.000,0.496
1782158109126755,normal,3435,27891,2,1,Format2 ,0.513,2,75.000,0.470
1782158109137802,normal,3446,325,8,1,Format2 ,0.517,2,69.444,0.408
1782158109139831,normal,3448,96,1,0,Format0 ,0.991,1,100.000,0.991
1782158109145954,normal,3454,96,2,1,Format1 ,0.524,1,77.083,0.507
1782158109147988,normal,3456,96,8,1,Format1 ,0.520,1,77.083,0.503
1782158109153061,normal,3461,96,6,1,Format1 ,0.507,1,72.917,0.487
1782158109193767,normal,3501,44956,6,1,Format2 ,0.503,1,73.611,0.462
1782158109198840,normal,3506,51209,8,1,Format2 ,0.502,2,70.139,0.458
1782158109229420,normal,3536,96,8,1,Format1 ,0.514,1,75.000,0.494
1782158109259955,normal,3566,62626,8,1,Format2 ,0.511,2,69.444,0.411
1782158109346476,normal,3651,96,6,1,Format1 ,0.518,1,74.306,0.499
1782158110339661,normal,4626,96,8,0,Format0 ,0.912,1,100.000,0.913
1782158110400703,normal,4686,38230,8,1,Format2 ,0.517,2,73.611,0.432
1782158110469908,normal,4754,96,2,1,Format1 ,0.530,1,77.778,0.504
1782158110482096,normal,4766,96,8,1,Format1 ,0.511,1,76.389,0.495
1782158110831387,normal,5109,96,6,1,Format1 ,0.510,1,79.167,0.500
1782158110869044,normal,5146,2,0,3,Format1A,0.637,1,75.521,0.489
1782158110905727,normal,5182,107,9,0,Format0 ,0.992,1,100.000,0.992
1782158110930137,normal,5206,106,0,1,Format1A,0.511,1,73.611,0.489
1782158110932197,normal,5208,96,1,0,Format0 ,1.008,1,100.000,1.008
1782158110950653,normal,5226,97,9,0,Format0 ,0.985,1,100.000,0.985
1782158110976105,normal,5251,63415,4,1,Format2 ,0.515,2,64.583,0.398
1782158111052419,normal,5326,97,9,0,Format0 ,0.992,1,100.000,0.992
1782158111194908,normal,5466,47634,4,1,Format2 ,0.509,2,70.833,0.381
1782158111282457,normal,5552,107,0,1,Format1 ,0.519,1,75.694,0.500
1782158111319250,normal,5588,96,1,0,Format0 ,0.997,1,100.000,0.997
1782158111955868,normal,6206,107,4,1,Format1 ,0.519,1,77.083,0.502
1782158111976218,normal,6226,107,4,1,Format1 ,0.513,1,75.694,0.497
1782158114458422,normal,8660,97,3,0,Format0 ,0.992,1,100.000,0.992
1782158114464183,normal,8666,97,9,0,Format0 ,1.007,1,100.000,1.007
1782158114467230,normal,8669,17389,0,1,Format2 ,0.513,2,70.833,0.388
1782158114484554,normal,8686,97,9,0,Format0 ,0.996,1,100.000,0.996
1782158114487627,normal,8689,97,0,1,Format1 ,0.516,1,77.083,0.498
1782158114489661,normal,8691,952,4,1,Format2 ,0.521,2,72.222,0.475
1782158114499835,normal,8701,25099,4,1,Format2 ,0.507,2,76.389,0.467
1782158114504918,normal,8706,97,9,0,Format0 ,0.993,1,100.000,0.993
1782158114507971,normal,8709,97,0,1,Format1 ,0.508,1,77.778,0.495
1782158114509998,normal,8711,97,4,1,Format1 ,0.510,1,72.917,0.495
1782158114520230,normal,8721,54547,4,2,Format1C,0.375,1,63.542,0.182
1782158114525306,normal,8726,97,9,0,Format0 ,0.995,1,100.000,0.995
1782158114528381,normal,8729,97,0,1,Format1 ,0.518,1,69.444,0.498
1782158114530419,normal,8731,27539,4,1,Format2 ,0.509,2,75.000,0.482
1782158114535524,normal,8736,97,9,0,Format0 ,0.992,1,100.000,0.992
1782158114545688,normal,8746,97,9,0,Format0 ,0.999,1,100.000,0.999
1782158114548798,normal,8749,13082,0,1,Format2 ,0.512,2,70.833,0.414
1782158114550814,normal,8751,5474,4,1,Format2 ,0.509,2,79.167,0.457
1782158114566069,normal,8766,97,9,0,Format0 ,0.996,1,100.000,0.996
1782158114569123,normal,8769,27539,0,1,Format2 ,0.511,2,73.611,0.480
1782158114606746,normal,8806,97,9,0,Format0 ,0.995,1,100.000,0.995
1782158115931051,normal,10108,96,1,0,Format0 ,0.995,1,100.000,0.995
1782158115981881,normal,10158,96,1,0,Format0 ,1.008,1,100.000,1.008
