5490	1025	
5493	560	
5494	569	
5495	530	
5496	552	
5497	809	
5498	540	
5499	521	
5500	538	
5502	561	
5503	547	
5504	534	
5505	1799	
5508	562	
5509	685	
5510	566	
5512	532	
5513	526	
5514	525	
5515	543	
5516	551	
5517	524	
5518	416	
5519	414	
5520	420	
5521	608	
5522	423	
5523	425	
5524	444	
5525	1444	
5527	425	
5528	417	
5529	421	
5530	556	
5532	534	
5533	533	
5534	535	
5535	542	
5536	558	
5537	534	
5538	529	
5539	536	
5540	530	
5542	519	
5543	701	
5544	561	
5545	1447	
5547	688	
5548	561	
5549	528	
5550	834	
5552	586	
5553	536	
5554	531	
5555	632	
5556	554	
5557	544	
5558	530	
5559	709	
5560	541	
5561	573	
5562	535	
5563	535	
5564	531	
5565	1503	
5567	552	
5568	561	
5569	544	
5570	542	
5571	804	
5572	549	
5573	524	
5574	522	
5575	532	
5576	540	
5577	522	
5578	548	
5579	542	
5580	544	
5582	530	
5583	529	
5584	544	
5585	1567	
5587	532	
5588	559	
5589	527	
5590	541	
5592	551	
5593	524	
5594	522	
5595	523	
5596	544	
5597	522	
5598	525	
5599	523	
5600	544	
5602	527	
5603	564	
5604	531	
5605	1455	
5607	556	
5608	533	
5609	1815	
5611	538	
5612	568	
5613	542	
5614	534	
5615	539	
5616	531	
5617	537	
5618	523	
5619	1641	
5621	531	
5622	522	
5623	528	
5624	526	
5625	1436	
5627	535	
5628	530	
5629	526	
5630	521	
5632	554	
5633	736	
5634	534	
5635	527	
5636	544	
5637	536	
5638	528	
5639	543	
5640	548	
5641	525	
5642	527	
5643	538	
5644	579	
5645	1499	
5647	567	
5648	439	
5649	534	
5650	564	
5652	546	
5653	541	
5654	543	
5655	553	
5656	541	
5657	536	
5658	539	
5659	537	
5660	574	
5662	537	
5663	565	
5664	552	
5665	1488	
5667	571	
5668	541	
5669	540	
5670	661	
5672	546	
5673	534	
5674	533	
5675	543	
5676	544	
5677	540	
5678	538	
5679	568	
5680	569	
5682	540	
5683	570	
5684	554	
5685	1491	
5687	580	
5688	638	
5689	551	
5690	622	
5692	580	
5693	532	
5694	539	
5695	542	
5696	535	
5697	546	
5698	532	
5699	563	
5700	568	
5702	541	
5703	573	
5704	545	
5705	1536	
5707	574	
5708	555	
5709	537	
5710	563	
5712	547	
5713	540	
5714	537	
5715	563	
5716	541	
5717	535	
5718	533	
5719	562	
5720	569	
5722	538	
5723	565	
5724	537	
5725	1528	
5727	562	
5728	548	
5729	542	
5730	577	
5732	545	
5733	562	
5734	714	
5735	525	
5736	531	
5737	532	
5738	534	
5739	530	
5740	531	
5742	421	
5743	416	
5744	419	
5745	1511	
5747	418	
5748	416	
5749	415	
5750	824	
5752	420	
5753	557	
5754	549	
5755	530	
5757	555	
5758	529	
5759	526	
5760	530	
5761	528	
5762	525	
5763	527	
5764	531	
5765	1571	
5767	501	
5768	486	
5769	1468	
5771	475	
5772	445	
5773	434	
5774	424	
5775	409	
5776	406	
5777	397	
5778	392	
5779	1176	
5780	386	
5781	371	
5782	367	
5783	366	
5784	345	
5785	984	
5787	371	
5788	339	
5789	341	
5790	379	
5791	730	
5792	340	
5793	376	
5794	339	
5795	365	
5796	380	
5797	345	
5798	376	
5799	377	
5800	372	
5801	379	
5802	353	
5803	373	
5804	365	
5805	988	
5807	371	
5808	363	
5809	342	
5810	370	
5811	367	
5812	369	
5813	340	
5814	372	
5815	376	
5816	748	
5817	347	
5818	335	
5819	377	
5820	697	
5822	378	
5823	375	
5824	375	
5825	936	
5827	377	
5828	372	
5829	354	
5830	370	
5831	380	
5832	370	
5833	377	
5834	371	
5835	374	
5836	353	
5837	386	
5838	369	
5839	382	
5840	378	
5841	370	
5842	337	
5843	370	
5844	370	
5845	935	
5847	372	
5848	369	
5849	342	
5850	355	
5851	303	
5852	375	
5853	595	
5854	373	
5855	635	
5856	323	
5857	529	
5858	276	
5859	273	
5860	299	
5861	282	
5862	270	
5863	356	
5864	373	
5865	924	
5867	377	
5868	375	
5869	357	
5870	376	
5871	374	
5872	371	
5873	352	
5874	352	
5875	373	
5876	372	
5877	343	
5878	355	
5879	370	
5880	373	
5881	752	
5882	406	
5883	671	
5884	373	
5885	926	
5887	362	
5888	387	
5889	346	
5890	343	
5891	385	
5892	641	
5893	364	
5894	344	
5895	369	
5896	367	
5897	396	
5898	376	
5899	366	
5900	370	
5901	415	
5902	398	
5903	367	
5904	366	
5905	1037	
5907	375	
5908	365	
5909	439	
5910	348	
5911	733	
5912	365	
5913	407	
5914	346	
5915	339	
5916	744	
5917	426	
5918	385	
5919	376	
5920	368	
5921	456	
5922	354	
5923	338	
5924	373	
5925	1015	
5927	361	
5928	369	
5929	1282	
5930	374	
5931	374	
5932	371	
5933	504	
5934	402	
5935	375	
5936	372	
5937	482	
5938	406	
5939	1139	
5940	383	
5941	482	
5942	353	
5943	343	
5944	373	
5945	1036	
5947	358	
5948	377	
5949	471	
5950	383	
5951	373	
5952	369	
5953	453	
5954	378	
5955	294	
5956	292	
5957	443	
5958	394	
5959	339	
5960	365	
5961	290	
5962	343	
5963	273	
5964	293	
5965	1475	
5967	393	
5968	297	
5969	293	
5970	326	
5971	275	
5972	376	
5973	376	
5974	344	
5975	452	
5976	375	
5977	406	
5978	450	
5979	381	
5980	366	
5981	398	
5982	400	
5983	778	
5984	468	
5985	1222	
5987	560	
5988	366	
5989	369	
5990	412	
5991	397	
5992	371	
5993	370	
5994	361	
5995	397	
5996	382	
5997	377	
5998	451	
5999	387	
6000	381	
6001	378	
6002	353	
6003	341	
6004	371	
6005	1755	
6007	366	
6008	375	
6009	374	
6010	394	
6011	344	
6012	6135	
6013	4776	
6018	4600	
6020	15527	
6026	9769	
6030	14979	
6038	4668	
6041	11567	
6048	6510	
6050	4247	
6053	9866	
6058	11796	
6064	11836	
6068	4610	
6071	10026	
6076	16107	
6084	8320	
6086	10238	
6090	17134	
6097	4296	
6099	2811	
6100	15195	
6107	15870	
6112	4225	
6113	9908	
6117	4679	
6119	1854	
6120	4417	
6124	2808	
6126	9824	
6130	4621	
6131	10525	
6137	15683	
6143	450	
6144	2223	
6146	10806	
6149	6081	
6153	1216	
6155	21005	
6163	11490	
6169	15085	
6175	10148	
6180	4498	
6184	6308	
6188	9929	
6192	4594	
6193	9515	
6198	4340	
6202	4594	
6205	4377	
6208	5018	
6210	16436	
6217	4773	
6220	4526	
6224	11710	
6230	13169	
6237	5112	
6240	15718	
6247	15764	
6253	9437	
6257	14843	
6264	884	
6265	9502	
6270	14992	
6275	9594	
6281	9703	
6287	4394	
6290	14636	
6296	9729	
6303	486	
6304	9068	
6308	10800	
6312	6176	
6313	818	
6314	3174	
6316	9696	
6323	9646	
6327	4366	
6329	15175	
6333	10639	
6338	12860	
6343	10704	
6348	4784	
6352	4880	
6354	9714	
6357	915	
6359	941	
6360	10910	
6366	10639	
6371	10399	
6375	10553	
6380	4493	
6383	10486	
6388	16282	
6393	1454	
6394	4940	
6398	10497	
6402	4812	
6405	9947	
6411	10142	
6417	4635	
6419	2371	
6420	9962	
6424	6410	
6426	9977	
6430	15880	
6438	4667	
6440	4937	
6444	8658	
6447	4842	
6450	16301	
6457	4777	
6459	854	
6460	4607	
6465	4741	
6468	7675	
6471	16648	
6479	1261	
6480	5127	
6484	9976	
6489	16533	
6494	4457	
6496	11964	
6503	10651	
6508	16862	
6514	3168	
6516	9579	
6520	15962	
6528	17148	
6534	3648	
6536	10768	
6541	10644	
6545	10835	
6550	4635	
6552	4533	
6554	8043	
6559	1084	
6561	4457	
6562	4625	
6564	4193	
6566	10344	
6570	4440	
6573	9838	
6577	4580	
6579	2742	
6580	14938	
6586	4618	
6588	4318	
6591	9896	
6596	9636	
6602	4266	
6604	9363	
6608	4335	
6610	15235	
6617	4364	
6620	4310	
6623	532	
6624	967	
6626	4438	
6629	15152	
6637	4496	
6638	5133	
6640	4475	
6644	3036	
6646	10014	
6652	4431	
6654	2928	
6656	9810	
6663	15175	
6669	14760	
6675	15010	
6682	4521	
6685	15408	
6691	16101	
6699	1353	
6700	9882	
6704	3943	
6707	4548	
6708	11200	
6714	4834	
6717	4499	
6720	5032	
6723	15371	
6730	4334	
6733	9770	
6738	10130	
6744	4110	
6747	4401	
6749	15159	
6754	4025	
6756	11719	
6764	4370	
6766	10672	
6771	10145	
6775	10016	
6778	4455	
6781	9738	
6788	10081	
6795	4524	
6798	4425	
6802	4611	
6805	9794	
6810	4914	
6812	8579	
6818	4829	
6820	16512	
6828	5092	
6832	4351	
6834	9304	
6838	10164	
6843	10228	
6847	4306	
6849	4522	
6850	4417	
6854	6771	
6858	4533	
6862	4483	
6865	10148	
6870	4593	
6874	4152	
6877	4430	
6880	17072	
6887	5585	
6889	10995	
6895	4942	
6896	9975	
6903	4656	
6906	10524	
6912	4574	
6913	16220	
6921	10464	
6925	5200	
6928	501	
6929	520	
7840	629	
7842	363	
7843	484	
7844	382	
7845	1055	
7847	384	
7848	382	
7849	1113	
7850	351	
7851	351	
7852	379	
7853	382	
7854	377	
7855	367	
7856	375	
7857	346	
7858	350	
7859	1148	
7860	398	
7861	379	
7862	353	
7863	378	
7864	374	
7865	1300	
7867	389	
7868	377	
7869	384	
7870	354	
7871	761	
7872	380	
7873	377	
7874	350	
7875	380	
7876	385	
7877	346	
7878	358	
7879	352	
7880	381	
7881	660	
7882	641	
7883	349	
7884	377	
7885	1011	
7887	349	
7888	370	
7889	386	
7890	351	
7891	364	
7892	379	
7893	404	
7894	375	
7895	378	
7896	377	
7897	381	
7898	913	
7899	359	
7900	746	
7902	385	
7903	347	
7904	395	
7905	1025	
7907	355	
7908	378	
7909	382	
7910	358	
7911	288	
7912	296	
7913	296	
7914	298	
7915	280	
7916	299	
7917	293	
7918	277	
7919	290	
7920	299	
7921	310	
7922	372	
7923	370	
7924	368	
7925	912	
7927	342	
7928	369	
7929	369	
7930	345	
7931	744	
7932	367	
7933	373	
7934	375	
7935	345	
7936	375	
7937	376	
7938	348	
7939	358	
7940	372	
7941	374	
7942	349	
7943	347	
7944	367	
7945	923	
7947	393	
7948	382	
7949	374	
7950	389	
7951	672	
7952	370	
7953	368	
7954	347	
7955	341	
7956	371	
7957	367	
7958	344	
7959	346	
7960	374	
7961	673	
7962	378	
7963	344	
7964	376	
7965	998	
7967	346	
7968	375	
7969	374	
7970	345	
7971	336	
7972	348	
7973	369	
7974	374	
7975	349	
7976	358	
7977	369	
7978	342	
7979	368	
7980	379	
7981	366	
7982	372	
7983	347	
7984	368	
7985	993	
7987	347	
7988	369	
7989	371	
7990	341	
7991	705	
7992	470	
7993	374	
7994	348	
7995	358	
7996	350	
7997	376	
7998	380	
7999	342	
8000	369	
8001	371	
8002	354	
8003	348	
8004	343	
8005	987	
8007	405	
8008	350	
8009	1199	
8010	349	
8011	347	
8012	379	
8013	372	
8014	365	
8015	380	
8016	383	
8017	369	
8018	380	
8019	1167	
8020	376	
8021	369	
8022	360	
8023	340	
8024	336	
8025	979	
8027	351	
8028	375	
8029	376	
8030	381	
8031	375	
8032	341	
8033	374	
8034	376	
8035	342	
8036	345	
8037	376	
8038	379	
8039	347	
8040	368	
8041	367	
8042	370	
8043	343	
8044	337	
8045	990	
8047	373	
8048	378	
8049	370	
8050	371	
8051	356	
8052	340	
8053	365	
8054	368	
8055	340	
8056	338	
8057	376	
8058	374	
8059	387	
8060	528	
8061	746	
8062	378	
8063	385	
8064	348	
8065	997	
8067	359	
8068	354	
8069	380	
8070	374	
8071	386	
8072	341	
8073	338	
8074	395	
8075	443	
8076	366	
8077	377	
8078	381	
8079	496	
8080	351	
8081	369	
8082	369	
8083	372	
8084	345	
8085	1013	
8087	363	
8088	371	
8089	377	
8090	380	
8091	779	
8092	352	
8093	343	
8094	381	
8095	376	
8096	748	
8097	338	
8098	374	
8099	344	
8100	340	
8101	345	
8102	378	
8103	376	
8104	346	
8105	1024	
8107	450	
8108	379	
8109	341	
8110	373	
8111	373	
8112	341	
8113	373	
8114	385	
8115	433	
8116	376	
8117	369	
8118	370	
8119	355	
8120	342	
8121	338	
8122	371	
8123	381	
8124	349	
8125	1014	
8127	375	
8128	372	
8129	337	
8130	378	
8131	741	
8132	396	
8133	344	
8134	379	
8135	387	
8136	354	
8137	383	
8138	1228	
8140	356	
8141	276	
8142	317	
8143	305	
8144	302	
8145	939	
8147	374	
8148	354	
8149	339	
8150	718	
8152	353	
8153	377	
8154	381	
8155	372	
8156	371	
8157	351	
8158	371	
8159	716	
8160	381	
8161	362	
8162	372	
8163	372	
8164	347	
8165	1041	
8167	402	
8168	402	
8169	1202	
8170	349	
8171	381	
8172	387	
8173	691	
8174	379	
8175	377	
8176	383	
8177	391	
8178	346	
8179	1139	
8180	359	
8181	356	
8182	361	
8183	373	
8184	379	
8185	948	
8187	494	
8188	585	
8189	367	
8190	381	
8191	371	
8192	383	
8193	380	
8194	370	
8195	375	
8196	349	
8197	346	
8198	355	
8199	373	
8200	796	
8202	346	
8203	372	
8204	373	
8205	1462	
8207	389	
8208	381	
8209	653	
8210	375	
8211	386	
8212	578	
8213	382	
8214	377	
8215	356	
8216	395	
8217	518	
8218	341	
8219	355	
8220	373	
8221	346	
8222	351	
8223	407	
8224	372	
8225	996	
8227	376	
8228	369	
8229	362	
8230	361	
8231	373	
8232	384	
8233	384	
8234	379	
8235	380	
8236	387	
8237	364	
8238	349	
8239	391	
8240	382	
8241	704	
8242	396	
8243	375	
8244	377	
8245	918	
8247	281	
8248	525	
8249	335	
8250	276	
8251	289	
8252	295	
8253	325	
8254	299	
8255	303	
8256	296	
8257	380	
8258	360	
8259	370	
8260	378	
8261	371	
8262	346	
8263	376	
8264	370	
8265	955	
8267	341	
8268	378	
8269	375	
8270	353	
8271	343	
8272	378	
8273	373	
8274	389	
8275	343	
8276	382	
8277	375	
8278	811	
8279	630	
8280	372	
8281	387	
8282	359	
8283	346	
8284	371	
8285	972	
8287	380	
8288	397	
8289	381	
8290	384	
8291	375	
8292	377	
8293	354	
8294	345	
8295	352	
8296	375	
8297	373	
8298	352	
8299	354	
8300	380	
8301	380	
8302	406	
8303	676	
8304	372	
8305	1443	
8307	356	
8308	385	
8309	370	
8310	555	
8311	559	
8312	465	
8313	429	
8314	360	
8315	350	
8316	380	
8317	384	
8318	362	
8319	377	
8320	389	
8321	381	
8322	384	
8323	355	
8324	384	
8325	992	
8327	355	
8328	381	
8329	1204	
8330	351	
8331	388	
8332	389	
8333	389	
8334	358	
8335	354	
8336	362	
8337	388	
8338	351	
8339	1085	
8340	384	
8341	388	
8342	387	
8343	352	
8344	349	
8345	999	
8347	357	
8348	367	
8349	384	
8350	359	
8351	351	
8352	381	
8353	385	
8354	861	
8355	548	
8356	335	
8357	302	
8358	322	
8359	284	
8360	311	
8361	312	
8362	311	
8363	293	
8364	277	
8365	987	
8367	374	
8368	391	
8369	384	
8370	465	
8371	399	
8372	375	
8373	662	
8374	376	
8375	351	
8376	343	
8377	368	
8378	385	
8379	358	
8380	378	
8381	380	
8382	387	
8383	357	
8384	369	
8385	1502	
8387	491	
8388	370	
8389	379	
8390	384	
8391	405	
8392	346	
8393	376	
8394	390	
8395	411	
8396	345	
8397	380	
8398	395	
8399	455	
8400	351	
8401	387	
8402	380	
8403	432	
8404	353	
8405	1056	
8407	528	
8408	394	
8409	383	
8410	386	
8411	496	
8412	351	
8413	343	
8414	375	
8415	652	
8416	359	
8417	378	
8418	378	
8419	500	
8420	352	
8421	371	
8422	377	
8423	473	
8424	357	
8425	1037	
8427	435	
8428	387	
8429	378	
8430	396	
8431	897	
8432	356	
8433	345	
8434	380	
8435	389	
8436	524	
8437	387	
8438	385	
8439	381	
8440	363	
8441	346	
8442	383	
8443	352	
8444	359	
8445	1026	
8447	436	
8448	397	
8449	360	
8450	376	
8451	369	
8452	378	
8453	360	
8454	370	
8455	377	
8456	373	
8457	346	
8458	361	
8459	371	
8460	402	
8461	818	
8462	418	
8463	375	
8464	348	
8465	1038	
8467	299	
8468	297	
8469	269	
8470	294	
8471	594	
8472	272	
8473	271	
8474	302	
8475	298	
8476	561	
8477	295	
8478	369	
8479	369	
8480	337	
8481	368	
8482	387	
8483	404	
8484	397	
8485	944	
8487	375	
8488	367	
8489	1062	
8490	372	
8491	370	
8492	356	
8493	349	
8494	374	
8495	471	
8496	708	
8497	356	
8498	383	
8499	1224	
8500	347	
8501	362	
8502	370	
8503	375	
8504	418	
8505	991	
8507	377	
8508	365	
8509	346	
8510	373	
8511	375	
8512	354	
8513	375	
8514	345	
8515	375	
8516	555	
8517	377	
8518	343	
8519	373	
8520	375	
8521	358	
8522	355	
8523	374	
8524	372	
8525	944	
8527	376	
8528	359	
8529	370	
8530	373	
8531	371	
8532	349	
8533	383	
8534	383	
8535	373	
8536	373	
8537	378	
8538	342	
8539	382	
8540	422	
8541	668	
8542	344	
8543	372	
8544	373	
8545	938	
8547	373	
8548	370	
8549	369	
8550	397	
8551	391	
8552	375	
8553	380	
8554	361	
8555	376	
8556	368	
8557	348	
8558	337	
8559	378	
8560	375	
8561	360	
8562	387	
8563	378	
8564	372	
8565	1017	
8567	372	
8568	375	
8569	341	
8570	359	
8571	380	
8572	605	
8573	581	
8574	595	
8575	380	
8576	583	
8577	808	
8578	626	
8579	377	
8580	376	
8581	418	
8582	375	
8583	352	
8584	396	
8585	933	
8587	368	
8588	369	
8589	353	
8590	385	
8591	376	
8592	372	
8593	377	
8594	354	
8595	374	
8596	372	
8597	351	
8598	343	
8599	382	
8600	449	
8601	745	
8602	377	
8603	376	
8604	374	
8605	1229	
8607	355	
8608	379	
8609	351	
8610	374	
8611	346	
8612	378	
8613	375	
8614	378	
8615	350	
8616	373	
8617	376	
8618	351	
8619	352	
8620	369	
8621	373	
8622	350	
8623	357	
8624	381	
8625	969	
8627	458	
8628	386	
8629	354	
8630	396	
8631	373	
8632	370	
8633	371	
8634	347	
8635	338	
8636	371	
8637	371	
8638	362	
8639	340	
8640	386	
8641	376	
8642	375	
8643	342	
8644	376	
8645	1593	
8647	386	
8648	376	
8649	1170	
8650	354	
8651	347	
8652	343	
8653	376	
8654	338	
8655	365	
8656	372	
8657	381	
8658	373	
8659	1144	
8660	377	
8661	372	
8662	370	
8663	362	
8664	367	
8665	1007	
8667	360	
8668	372	
8669	384	
8670	598	
8671	423	
8672	373	
8673	369	
8674	343	
8675	370	
8676	742	
8677	374	
8678	376	
8679	345	
8680	342	
8681	372	
8682	340	
8683	341	
8684	340	
8685	997	
8687	381	
8688	340	
8689	370	
8690	347	
8691	451	
8692	299	
8693	297	
8694	319	
8695	353	
8696	309	
8697	300	
8698	299	
8699	310	
8700	273	
8701	300	
8702	371	
8703	340	
8704	372	
8705	1086	
8707	354	
8708	382	
8709	377	
8710	433	
8711	752	
8712	339	
8713	378	
8714	403	
8715	359	
8716	342	
8717	417	
8718	434	
8719	426	
8720	385	
8721	385	
8722	398	
8723	405	
8724	346	
8725	1057	
8727	449	
8728	381	
8729	364	
8730	366	
8731	422	
8732	346	
8733	376	
8734	377	
8735	430	
8736	350	
8737	385	
8738	378	
8739	543	
8740	358	
8741	377	
8742	387	
8743	458	
8744	390	
8745	1627	
8747	377	
8748	348	
8749	340	
8750	484	
8751	355	
8752	347	
8753	338	
8754	374	
8755	351	
8756	346	
8757	372	
8758	369	
8759	388	
8760	372	
8761	346	
8762	369	
8763	360	
8764	356	
8765	1060	
8767	443	
8768	366	
8769	375	
8770	398	
8771	373	
8772	343	
8773	370	
8774	374	
8775	379	
8776	376	
8777	372	
8778	373	
8779	343	
8780	340	
8781	685	
8782	370	
8783	376	
8784	356	
8785	976	
8787	373	
8788	658	
8789	339	
8790	368	
8791	379	
8792	353	
8793	361	
8794	383	
8795	382	
8796	408	
8797	380	
8798	379	
8799	383	
8800	365	
8801	345	
8802	305	
8803	313	
8804	268	
8805	933	
8807	311	
8808	296	
8809	1072	
8810	457	
8811	306	
8812	305	
8813	348	
8814	373	
8815	464	
8816	364	
8817	391	
8818	376	
8819	1476	
8821	354	
8822	340	
8823	368	
8824	448	
8825	999	
8827	374	
8828	414	
8829	339	
8830	369	
8831	370	
8832	364	
8833	341	
8834	377	
8835	409	
8836	375	
8837	347	
8838	368	
8839	368	
8840	405	
8841	386	
8842	370	
8843	371	
8844	374	
8845	939	
8847	377	
8848	379	
8849	350	
8850	374	
8851	377	
8852	379	
8853	383	
8854	348	
8855	370	
8856	422	
8857	378	
8858	347	
8859	394	
8860	483	
8861	415	
8862	372	
8863	374	
8864	375	
8865	975	
8867	374	
8868	357	
8869	340	
8870	343	
8871	740	
8872	426	
8873	372	
8874	374	
8875	377	
8876	494	
8877	363	
8878	339	
8879	374	
8880	416	
8881	354	
8882	381	
8883	377	
8884	342	
8885	1010	
8887	380	
8888	378	
8889	374	
8890	379	
8891	378	
8892	374	
8893	370	
8894	341	
8895	369	
8896	370	
8897	350	
8898	356	
8899	369	
8900	378	
8901	370	
8902	397	
8903	394	
8904	374	
8905	1126	
8907	389	
8908	384	
8909	389	
8910	358	
8911	384	
8912	384	
8913	280	
8914	306	
8915	406	
8916	531	
8917	268	
8918	271	
8919	300	
8920	537	
8921	409	
8922	298	
8923	286	
8924	297	
8925	862	
8927	546	
8928	373	
8929	381	
8930	351	
8931	388	
8932	367	
8933	407	
8934	349	
8935	374	
8936	370	
8937	369	
8938	375	
8939	376	
8940	636	
8942	374	
8943	385	
8944	375	
8945	1826	
8947	345	
8948	407	
8949	391	
8950	377	
8951	377	
8952	380	
8953	384	
8954	384	
8955	370	
8956	373	
8957	382	
8958	345	
8959	362	
8960	370	
8961	417	
8962	389	
8963	366	
8964	368	
8965	1008	
8967	417	
8968	464	
8969	1291	
8970	396	
8971	377	
8972	378	
8973	408	
8974	401	
8975	345	
8976	371	
8977	393	
8978	358	
8979	1098	
8980	376	
8981	414	
8982	389	
8983	344	
8984	513	
8985	1039	
8987	387	
8988	400	
8989	393	
8990	383	
8991	387	
8992	384	
8993	358	
8994	346	
8995	343	
8996	372	
8997	377	
8998	343	
8999	373	
9000	719	
9002	382	
9003	377	
9004	379	
9005	976	
9007	353	
9008	378	
9009	385	
9010	366	
9011	374	
9012	375	
9013	376	
9014	339	
9015	457	
9016	377	
9017	372	
9018	355	
9019	374	
9020	369	
9021	368	
9022	366	
9023	339	
9024	358	
9025	1074	
9027	404	
9028	393	
9029	387	
9030	395	
9031	937	
9032	768	
9033	443	
9034	376	
9035	442	
9036	386	
9037	374	
9038	386	
9039	345	
9040	535	
9041	463	
9042	349	
9043	347	
9044	343	
9045	995	
9047	402	
9048	447	
9049	758	
9050	373	
9051	372	
9052	372	
9053	370	
9054	367	
9055	355	
9056	365	
9057	946	
9059	400	
9060	392	
9061	373	
9062	345	
9063	349	
9064	374	
9065	993	
9067	410	
9068	347	
9069	370	
9070	407	
9071	627	
9072	364	
9073	385	
9074	390	
9075	378	
9076	345	
9077	390	
9078	382	
9079	376	
9080	370	
9081	372	
9082	374	
9083	384	
9084	381	
9085	996	
9087	393	
9088	373	
9089	373	
9090	501	
9091	462	
9092	491	
9093	497	
9094	455	
9095	456	
9096	513	
9097	789	
9098	750	
9099	339	
9100	344	
9101	744	
9102	378	
9103	362	
9104	346	
9105	995	
9107	381	
9108	669	
9109	374	
9110	369	
9111	377	
9112	346	
9113	395	
9114	440	
9115	407	
9116	361	
9117	374	
9118	573	
9119	351	
9120	357	
9121	773	
9122	491	
9123	373	
9124	343	
9125	1130	
9127	386	
9128	359	
9129	1263	
9130	348	
9131	391	
9132	376	
9133	376	
9134	416	
9135	351	
9136	374	
9137	375	
9138	358	
9139	1096	
9140	387	
9141	299	
9142	293	
9143	306	
9144	302	
9145	1018	
9147	386	
9148	377	
9149	594	
9150	461	
9151	349	
9152	390	
9153	374	
9154	338	
9155	373	
9156	378	
9157	364	
9158	342	
9159	367	
9160	392	
9161	683	
9162	384	
9163	379	
9164	377	
9165	1141	
9167	361	
9168	374	
9169	360	
9170	389	
9171	377	
9172	403	
9173	350	
9174	347	
9175	371	
9176	379	
9177	343	
9178	374	
9179	374	
9180	393	
9181	374	
9182	374	
9183	378	
9184	344	
9185	914	
9186	345	
9187	704	
9188	351	
9189	418	
9190	379	
9191	369	
9192	376	
9193	374	
9194	371	
9195	382	
9196	342	
9197	352	
9198	372	
9199	380	
9200	388	
9201	370	
9202	373	
9203	350	
9204	359	
9205	1032	
9206	838	
9207	621	
9208	392	
9209	377	
9210	374	
9211	376	
9212	343	
9213	371	
9214	372	
9215	354	
9216	579	
9217	375	
9218	385	
9219	370	
9220	378	
9221	372	
9222	393	
9223	375	
9224	385	
9225	1009	
9227	394	
9228	584	
9229	374	
9230	344	
9231	342	
9232	373	
9233	360	
9234	350	
9235	377	
9236	379	
9237	377	
9238	401	
9239	388	
9240	376	
9241	376	
9242	352	
9243	361	
9244	448	
9245	959	
9247	304	
9248	297	
9249	287	
9250	274	
9251	624	
9252	302	
9253	291	
9254	306	
9255	281	
9256	387	
9257	376	
9258	353	
9259	374	
9260	455	
9261	717	
9262	349	
9263	389	
9264	371	
9265	959	
9267	376	
9268	371	
9269	373	
9270	387	
9271	382	
9272	389	
9273	352	
9274	373	
9275	371	
9276	346	
9277	341	
9278	371	
9279	384	
9280	585	
9281	376	
9282	372	
9283	826	
9284	702	
9285	1140	
9287	408	
9288	380	
9289	1140	
9290	412	
9291	390	
9292	355	
9293	376	
9294	407	
9295	362	
9296	374	
9297	387	
9298	422	
9299	1214	
9300	377	
9301	368	
9302	374	
9303	358	
9304	341	
9305	1020	
9307	353	
9308	352	
9309	382	
9310	399	
9311	344	
9312	380	
9313	378	
9314	388	
9315	388	
9316	373	
9317	399	
9318	413	
9319	356	
9320	369	
9321	396	
9322	395	
9323	343	
9324	375	
9325	1014	
9327	548	
9328	387	
9329	374	
9330	381	
9331	370	
9332	369	
9333	387	
9334	349	
9335	422	
9336	381	
9337	343	
9338	373	
9339	389	
9340	681	
9341	445	
9342	359	
9343	381	
9344	378	
9345	1048	
9347	376	
9348	463	
9349	355	
9350	361	
9351	740	
9352	420	
9353	355	
9354	354	
9355	375	
9356	439	
9357	312	
9358	293	
9359	292	
9360	285	
9361	284	
9362	307	
9363	294	
9364	347	
9365	935	
9367	299	
9368	624	
9369	340	
9370	369	
9371	433	
9372	376	
9373	374	
9374	368	
9375	470	
9376	392	
9377	375	
9378	379	
9379	505	
9380	362	
9381	340	
9382	373	
9383	581	
9384	345	
9385	999	
9387	384	
9388	341	
9389	349	
9390	376	
9391	621	
9392	384	
9393	372	
9394	375	
9395	361	
9396	342	
9397	363	
9398	376	
9399	369	
9400	361	
9401	782	
9402	386	
9403	378	
9404	347	
9405	1010	
9407	403	
9408	386	
9409	375	
9410	414	
9411	374	
9412	342	
9413	370	
9414	444	
9415	351	
9416	380	
9417	391	
9418	401	
9419	411	
9420	565	
9421	566	
9422	396	
9423	372	
9424	371	
9425	928	
9427	358	
9428	447	
9429	377	
9430	345	
9431	702	
9432	376	
9433	372	
9434	342	
9435	397	
9436	362	
9437	374	
9438	372	
9439	383	
9440	376	
9441	371	
9442	340	
9443	339	
9444	372	
9445	1491	
9447	352	
9448	389	
9449	1163	
9450	359	
9451	356	
9452	381	
9453	370	
9454	374	
9455	448	
9456	376	
9457	382	
9458	376	
9459	1150	
9460	367	
9461	343	
9462	343	
9463	354	
9464	381	
9465	929	
9467	381	
9468	384	
9469	380	
9470	451	
9471	576	
9472	301	
9473	284	
9474	272	
9475	353	
9476	354	
9477	288	
9478	290	
9479	299	
9480	286	
9481	350	
9482	442	
9483	389	
9484	512	
9485	1213	
9487	382	
9488	380	
9489	345	
9490	381	
9491	374	
9492	406	
9493	447	
9494	382	
9495	376	
9496	689	
9497	344	
9498	377	
9499	375	
9500	461	
9501	390	
9502	394	
9503	380	
9504	393	
9505	999	
9507	387	
9508	355	
9509	374	
9510	792	
9512	387	
9513	389	
9514	450	
9515	504	
9516	441	
9517	414	
9518	491	
9519	398	
9520	366	
9521	376	
9522	489	
9523	380	
9524	344	
9525	1050	
9527	357	
9528	361	
9529	379	
9530	423	
9531	394	
9532	373	
9533	372	
9534	450	
9535	358	
9536	341	
9537	372	
9538	443	
9539	367	
9540	428	
9541	846	
9542	503	
9543	400	
9544	361	
9545	1078	
9547	357	
9548	378	
9549	369	
9550	393	
9551	394	
9552	362	
9553	368	
9554	451	
9555	353	
9556	335	
9557	367	
9558	465	
9559	364	
9560	348	
9561	735	
9562	646	
9563	396	
9564	347	
9565	989	
9567	382	
9568	658	
9569	370	
9570	368	
9571	338	
9572	351	
9573	369	
9574	364	
9575	351	
9576	369	
9577	386	
9578	376	
9579	413	
9580	376	
9581	742	
9582	371	
9583	376	
9584	348	
9585	1033	
9587	428	
9588	767	
9589	375	
9590	378	
9591	301	
9592	271	
9593	379	
9594	368	
9595	378	
9596	372	
9597	369	
9598	373	
9599	374	
9600	372	
9601	366	
9602	349	
9603	355	
9604	339	
9605	1000	
9607	413	
9608	390	
9609	1184	
9610	392	
9611	402	
9612	377	
9613	376	
9614	382	
9615	354	
9616	339	
9617	372	
9618	381	
9619	1440	
9621	388	
9622	384	
9623	374	
9624	373	
9625	1028	
9627	417	
9628	361	
9629	383	
9630	478	
9631	618	
9632	352	
9633	377	
9634	376	
9635	369	
9636	355	
9637	378	
9638	393	
9639	347	
9640	381	
9641	377	
9642	371	
9643	386	
9644	387	
9645	1062	
9647	359	
9648	389	
9649	388	
9650	391	
9651	542	
9652	680	
9653	376	
9654	347	
9655	348	
9656	377	
9657	368	
9658	372	
9659	345	
9660	753	
9662	375	
9663	358	
9664	368	
9665	943	
9667	371	
9668	370	
9669	356	
9670	340	
9671	741	
9672	368	
9673	368	
9674	367	
9675	371	
9676	366	
9677	376	
9678	344	
9679	342	
9680	375	
9681	372	
9682	345	
9683	340	
9684	374	
9685	1268	
9687	345	
9688	386	
9689	776	
9690	445	
9691	398	
9692	381	
9693	338	
9694	360	
9695	302	
9696	297	
9697	368	
9698	328	
9699	306	
9700	309	
9701	343	
9702	346	
9703	389	
9704	379	
9705	1173	
9707	387	
9708	379	
9709	419	
9710	370	
9711	350	
9712	387	
9713	422	
9714	490	
9715	388	
9716	385	
9717	409	
9718	725	
9719	644	
9720	371	
9721	376	
9722	341	
9723	377	
9724	367	
9725	955	
9727	355	
9728	339	
9729	371	
9730	386	
9731	389	
9732	399	
9733	390	
9734	405	
9735	367	
9736	390	
9737	395	
9738	369	
9739	392	
9740	404	
9741	375	
9742	415	
9743	379	
9744	374	
9745	1949	
9748	358	
9749	390	
9750	467	
9751	399	
9752	351	
9753	384	
9754	386	
9755	356	
9756	346	
9757	382	
9758	382	
9759	402	
9760	377	
9761	383	
9762	385	
9763	374	
9764	379	
9765	1072	
9767	360	
9768	370	
9769	1259	
9770	398	
9771	431	
9772	377	
9773	380	
9774	402	
9775	358	
9776	344	
9777	376	
9778	392	
9779	1209	
9780	360	
9781	378	
9782	421	
9783	459	
9784	353	
9785	1099	
9787	413	
9788	470	
9789	379	
9790	381	
9791	442	
9792	367	
9793	374	
9794	390	
9795	388	
9796	378	
9797	385	
9798	388	
9799	378	
9800	390	
9801	383	
9802	307	
9803	287	
9804	316	
9805	996	
9807	393	
9808	283	
9809	314	
9810	319	
9811	624	
9812	315	
9813	317	
9814	390	
9815	346	
9816	355	
9817	387	
9818	385	
9819	386	
9820	352	
9821	355	
9822	384	
9823	353	
9824	350	
9825	1003	
9827	393	
9828	376	
9829	373	
9830	386	
9831	377	
9832	383	
9833	383	
9834	382	
9835	355	
9836	383	
9837	709	
9838	379	
9839	396	
9840	364	
9841	378	
9842	383	
9843	362	
9844	374	
9845	1013	
9847	656	
9848	394	
9849	351	
9850	378	
9851	385	
9852	361	
9853	349	
9854	393	
9855	446	
9856	1320	
9858	386	
9859	449	
9860	357	
9861	355	
9862	376	
9863	771	
9864	450	
9865	1004	
9867	372	
9868	1682	
9870	380	
9871	369	
9872	356	
9873	342	
9874	369	
9875	563	
9876	425	
9877	700	
9878	736	
9879	393	
9880	395	
9881	386	
9882	394	
9883	791	
9884	533	
9885	2053	
9888	408	
9889	363	
9890	379	
9891	773	
9892	1221	
9894	378	
9895	774	
9896	683	
9897	715	
9898	376	
9899	1109	
9900	702	
9902	1085	
9904	706	
9905	1295	
9907	832	
9908	1100	
9910	1308	
9912	354	
9913	635	
9914	654	
9915	757	
9916	1186	
9918	638	
9919	952	
9920	620	
9921	576	
9922	655	
9923	697	
9924	674	
9925	976	
9927	741	
9928	1129	
9930	1090	
9932	706	
9933	727	
9934	725	
9935	720	
9936	719	
9937	652	
9938	661	
9939	1143	
9940	674	
9942	717	
9943	732	
9944	677	
9945	1373	
9947	1712	
9949	1069	
9950	1758	
9953	743	
9954	734	
9955	730	
9956	1313	
9958	788	
9959	1033	
9960	717	
9961	673	
9962	724	
9963	716	
9964	799	
9965	1020	
9967	731	
9968	1062	
9970	1189	
9972	707	
9973	660	
9974	672	
9975	713	
9976	712	
9977	684	
9978	369	
9979	1020	
9980	675	
9982	798	
9983	732	
9984	746	
9985	944	
9987	740	
9988	1147	
9990	936	
9992	796	
9993	671	
9994	734	
9995	736	
9996	753	
9997	672	
9998	720	
9999	1018	
10000	723	
10002	670	
10003	733	
10004	731	
10005	1426	
10007	721	
10008	1092	
10010	733	
10012	719	
10013	730	
10014	725	
10015	724	
10016	709	
10017	674	
10018	679	
10019	1031	
10020	403	
10021	793	
10022	587	
10023	660	
10024	648	
10025	1202	
10027	640	
10028	1499	
10030	658	
10032	691	
10033	386	
10034	710	
10035	737	
10036	751	
10037	1584	
10039	1091	
10040	758	
10041	746	
10042	730	
10043	736	
10044	727	
10045	921	
10047	783	
10048	729	
10049	987	
10050	743	
10052	786	
10053	1560	
10055	1119	
10057	685	
10058	672	
10059	1052	
10060	726	
10062	873	
10063	1600	
10065	1232	
10067	702	
10068	735	
10069	962	
10070	678	
10072	734	
10073	683	
10074	657	
10075	714	
10076	1014	
10078	766	
10079	1027	
10080	1502	
10082	1352	
10084	387	
10085	933	
10087	733	
10088	681	
10089	1140	
10090	398	
10091	398	
10092	714	
10093	358	
10094	385	
10095	386	
10096	385	
10097	358	
10098	352	
10099	1129	
10100	392	
10101	365	
10102	394	
10103	387	
10104	391	
10105	921	
10107	400	
10108	719	
10109	391	
10110	389	
10111	381	
10112	382	
10113	370	
10114	349	
10115	386	
10116	382	
10117	359	
10118	350	
10119	381	
10120	390	
10121	387	
10122	361	
10123	388	
10124	403	
10125	1174	
10127	388	
10128	383	
10129	396	
10130	388	
10131	386	
10132	381	
10133	354	
10134	364	
10135	389	
10136	385	
10137	714	
10138	385	
10139	392	
10140	385	
10141	631	
10142	323	
10143	311	
10144	311	
10145	972	
10147	391	
10148	385	
10149	351	
10150	387	
10151	385	
10152	706	
10153	349	
10154	351	
10155	384	
10156	383	
10157	370	
10158	380	
10159	381	
10160	383	
10161	356	
10162	337	
10163	366	
10164	369	
10165	980	
10167	387	
10168	377	
10169	348	
10170	352	
10171	744	
10172	381	
10173	348	
10174	447	
10175	373	
10176	375	
10177	383	
10178	341	
10179	371	
10180	369	
10181	414	
10182	350	
10183	374	
10184	393	
10185	1011	
10187	387	
10188	382	
10189	805	
10190	375	
10191	372	
10192	368	
10193	371	
10194	350	
10195	384	
10196	385	
10197	614	
10198	801	
10199	373	
10200	378	
10201	345	
10202	360	
10203	738	
10204	375	
10205	967	
10207	377	
10208	375	
10209	377	
10210	638	
10211	761	
10212	994	
10213	376	
10214	346	
10215	375	
10216	378	
10217	367	
10218	375	
10219	731	
10220	759	
10222	386	
10223	378	
10224	375	
10225	1034	
10227	1069	
10229	675	
10230	347	
10231	347	
10232	378	
10233	343	
10234	376	
10235	341	
10236	375	
10237	381	
10238	807	
10239	341	
0	382	
1	345	
2	408	
3	378	
4	380	
5	912	
7	289	
8	306	
9	1066	
10	617	
11	299	
12	303	
13	307	
14	287	
15	381	
16	376	
17	379	
18	275	
19	1112	
20	379	
21	383	
22	359	
23	345	
24	563	
25	1094	
27	353	
28	378	
29	415	
30	441	
31	376	
32	705	
33	522	
34	408	
35	374	
36	371	
37	519	
38	366	
39	746	
40	383	
41	387	
42	368	
43	380	
44	384	
45	1055	
47	395	
48	382	
49	391	
50	365	
51	347	
52	384	
53	381	
54	368	
55	387	
56	384	
57	385	
58	380	
59	353	
60	382	
61	388	
62	432	
63	369	
64	377	
65	1351	
67	572	
68	339	
69	373	
70	337	
71	339	
72	357	
73	370	
74	372	
75	335	
76	366	
77	370	
78	356	
79	391	
80	1220	
82	419	
83	352	
84	372	
85	1004	
87	389	
88	345	
89	373	
90	754	
92	713	
93	375	
94	718	
95	345	
96	687	
97	759	
98	344	
99	355	
100	373	
101	396	
102	387	
103	371	
104	388	
105	1063	
107	360	
108	364	
109	392	
110	367	
111	468	
112	388	
113	379	
114	385	
115	360	
116	341	
117	302	
118	293	
119	364	
120	353	
121	307	
122	285	
123	322	
124	282	
125	968	
126	298	
127	289	
128	332	
129	384	
130	743	
132	379	
133	371	
134	384	
135	351	
136	371	
137	367	
138	366	
139	369	
140	382	
141	377	
142	427	
143	362	
144	392	
145	1554	
147	766	
148	346	
149	685	
150	371	
151	353	
152	378	
153	380	
154	380	
155	347	
156	356	
157	380	
158	380	
159	368	
160	354	
161	376	
162	381	
163	367	
164	345	
165	1048	
167	363	
168	352	
169	1207	
170	382	
171	384	
172	346	
173	382	
174	396	
175	378	
176	354	
177	382	
178	378	
179	1098	
180	373	
181	370	
182	372	
183	345	
184	344	
185	1007	
187	405	
188	382	
189	376	
190	387	
191	359	
192	378	
193	378	
194	379	
195	390	
196	354	
197	376	
198	385	
199	365	
200	401	
201	377	
202	387	
203	359	
204	354	
205	1025	
207	397	
208	350	
209	382	
210	381	
211	393	
212	353	
213	609	
214	374	
215	375	
216	340	
217	346	
218	370	
219	374	
220	373	
221	371	
222	370	
223	366	
224	340	
225	1081	
227	409	
228	364	
229	375	
230	405	
231	602	
232	275	
233	271	
234	297	
235	411	
236	299	
237	316	
238	312	
239	311	
240	349	
241	312	
242	384	
243	384	
244	365	
245	1020	
247	395	
248	676	
249	381	
250	379	
251	388	
252	389	
253	348	
254	372	
255	376	
256	388	
257	371	
258	376	
259	377	
260	349	
261	338	
262	372	
263	375	
264	382	
265	946	
267	382	
268	404	
269	339	
270	376	
271	747	
272	351	
273	358	
274	375	
275	382	
276	662	
277	375	
278	342	
279	398	
280	397	
281	350	
282	378	
283	404	
284	546	
285	1037	
287	383	
288	365	
289	434	
290	380	
291	371	
292	831	
293	371	
294	374	
295	379	
296	363	
297	379	
298	394	
299	817	
300	368	
301	708	
302	398	
303	376	
304	374	
305	1018	
307	380	
308	395	
309	355	
310	365	
311	371	
312	418	
313	346	
314	350	
315	383	
316	404	
317	382	
318	357	
319	371	
320	440	
321	369	
322	387	
323	374	
324	405	
325	939	
327	374	
328	381	
329	1102	
330	380	
331	405	
332	421	
333	367	
334	393	
335	375	
336	800	
337	361	
338	390	
339	1144	
340	374	
341	405	
342	347	
343	373	
344	497	
345	986	
347	379	
348	497	
349	360	
350	372	
351	299	
352	296	
353	415	
354	378	
355	373	
356	446	
357	394	
358	338	
359	377	
360	360	
361	352	
362	373	
363	377	
364	413	
365	958	
367	381	
368	377	
369	361	
370	386	
371	376	
372	489	
373	395	
374	358	
375	370	
376	479	
377	360	
378	361	
379	368	
380	406	
381	366	
382	377	
383	369	
384	541	
385	1242	
387	391	
388	411	
389	374	
390	383	
391	380	
392	411	
393	376	
394	405	
395	371	
396	478	
397	364	
398	341	
399	375	
400	365	
401	443	
402	397	
403	372	
404	375	
405	957	
407	352	
408	370	
409	356	
410	342	
411	361	
412	368	
413	410	
414	375	
415	368	
416	366	
417	356	
418	372	
419	375	
420	410	
421	409	
422	360	
423	372	
424	369	
425	975	
427	377	
428	374	
429	443	
430	367	
431	783	
432	371	
433	404	
434	361	
435	413	
436	380	
437	402	
438	440	
439	343	
440	423	
441	420	
442	376	
443	400	
444	381	
445	978	
447	357	
448	386	
449	401	
450	423	
451	380	
452	379	
453	385	
454	378	
455	340	
456	270	
457	295	
458	300	
459	287	
460	294	
461	296	
462	299	
463	307	
464	280	
465	887	
467	356	
468	378	
469	370	
470	436	
471	389	
472	363	
473	368	
474	389	
475	358	
476	370	
477	368	
478	404	
479	384	
480	558	
481	372	
482	396	
483	392	
484	340	
485	989	
487	373	
488	427	
489	1191	
490	407	
491	412	
492	387	
493	376	
494	373	
495	396	
496	372	
497	387	
498	1411	
500	396	
501	378	
502	375	
503	393	
504	348	
505	983	
507	373	
508	353	
509	373	
510	376	
511	378	
512	375	
513	337	
514	1340	
516	409	
517	366	
518	375	
519	491	
520	358	
521	368	
522	378	
523	1344	
525	1021	
527	477	
528	356	
529	386	
530	385	
531	427	
532	458	
533	379	
534	1318	
536	423	
537	369	
538	393	
539	422	
540	361	
541	405	
542	374	
543	1378	
545	991	
547	384	
548	390	
549	387	
550	376	
551	372	
552	404	
553	346	
554	1254	
556	404	
557	359	
558	346	
559	389	
560	392	
561	408	
562	339	
563	1340	
565	1008	
567	380	
568	326	
569	351	
570	301	
571	294	
572	323	
573	283	
574	273	
575	296	
576	296	
577	295	
578	306	
579	370	
580	392	
581	364	
582	356	
583	370	
584	369	
585	1047	
587	395	
588	398	
589	387	
590	387	
591	370	
592	371	
593	362	
594	351	
595	443	
596	386	
597	370	
598	431	
599	389	
600	371	
601	789	
602	375	
603	341	
604	372	
605	1051	
607	349	
608	766	
609	400	
610	377	
611	341	
612	372	
613	414	
614	365	
615	393	
616	372	
617	409	
618	437	
619	345	
620	372	
621	398	
622	410	
623	341	
624	371	
625	979	
627	362	
628	380	
629	394	
630	364	
631	399	
632	360	
633	369	
634	381	
635	357	
636	365	
637	381	
638	391	
639	381	
640	374	
641	369	
642	362	
643	347	
644	371	
645	1039	
647	426	
648	424	
649	1189	
650	393	
651	437	
652	344	
653	374	
654	420	
655	360	
656	376	
657	386	
658	386	
659	1163	
660	351	
661	372	
662	427	
663	385	
664	408	
665	994	
667	455	
668	351	
669	371	
670	371	
671	344	
672	351	
673	338	
674	399	
675	420	
676	362	
677	370	
678	371	
679	390	
680	349	
681	356	
682	374	
683	380	
684	503	
685	1042	
687	396	
688	379	
689	367	
690	377	
691	352	
692	350	
693	373	
694	378	
695	346	
696	390	
697	386	
698	377	
699	383	
700	358	
701	341	
702	369	
703	388	
704	401	
705	1882	
708	389	
709	349	
710	375	
711	751	
712	344	
713	348	
714	377	
715	373	
716	699	
717	342	
718	373	
719	376	
720	352	
721	346	
722	340	
723	375	
724	342	
725	1746	
727	381	
728	373	
729	343	
730	375	
731	374	
732	375	
733	341	
734	349	
735	375	
736	373	
737	357	
738	361	
739	374	
740	346	
741	348	
742	362	
743	377	
744	360	
745	1004	
747	376	
748	375	
749	352	
750	347	
751	748	
752	463	
753	361	
754	363	
755	383	
756	373	
757	388	
758	340	
759	378	
760	377	
761	704	
762	388	
763	378	
764	375	
765	967	
767	349	
768	377	
769	349	
770	370	
771	375	
772	382	
773	383	
774	386	
775	383	
776	370	
777	389	
778	351	
779	343	
780	414	
781	387	
782	368	
783	460	
784	381	
785	1306	
787	385	
788	374	
789	367	
790	363	
791	387	
792	383	
793	371	
794	829	
795	782	
796	511	
797	366	
798	374	
799	341	
800	373	
801	380	
802	348	
803	941	
804	370	
805	983	
807	352	
808	375	
809	1172	
810	378	
811	1009	
813	407	
814	389	
815	345	
816	378	
817	378	
818	364	
819	1091	
820	375	
821	384	
822	374	
823	337	
824	376	
825	1027	
827	353	
828	346	
829	380	
830	350	
831	350	
832	347	
833	379	
834	376	
835	354	
836	367	
837	382	
838	385	
839	364	
840	381	
841	380	
842	364	
843	408	
844	394	
845	991	
847	356	
848	340	
849	370	
850	381	
851	353	
852	336	
853	370	
854	370	
855	390	
856	340	
857	376	
858	373	
859	341	
860	669	
862	376	
863	390	
864	347	
865	1039	
867	357	
868	348	
869	374	
870	436	
871	563	
872	343	
873	375	
874	372	
875	371	
876	338	
877	342	
878	369	
879	336	
880	351	
881	360	
882	373	
883	378	
884	355	
885	992	
887	377	
888	357	
889	373	
890	383	
891	361	
892	392	
893	374	
894	375	
895	378	
896	373	
897	370	
898	372	
899	340	
900	351	
901	272	
902	301	
903	299	
904	304	
905	903	
907	308	
908	300	
909	306	
910	385	
911	399	
912	385	
913	350	
914	379	
915	377	
916	346	
917	360	
918	340	
919	388	
920	368	
921	351	
922	374	
923	376	
924	346	
925	977	
927	383	
928	400	
929	365	
930	382	
931	376	
932	383	
933	373	
934	376	
935	374	
936	364	
937	348	
938	366	
939	387	
940	371	
941	392	
942	377	
943	374	
944	380	
945	941	
947	378	
948	375	
949	375	
950	349	
951	748	
952	386	
953	381	
954	351	
955	380	
956	384	
957	347	
958	388	
959	381	
960	375	
961	766	
962	357	
963	379	
964	382	
965	1015	
967	384	
968	385	
969	1192	
970	382	
971	375	
972	376	
973	635	
974	343	
975	361	
976	371	
977	374	
978	363	
979	1185	
980	431	
981	381	
982	372	
983	365	
984	374	
985	944	
987	371	
988	376	
989	372	
990	348	
991	345	
992	368	
993	431	
994	369	
995	339	
996	369	
997	399	
998	375	
999	341	
1000	383	
1001	398	
1002	374	
1003	341	
1004	379	
1005	1001	
1007	401	
1008	394	
1009	403	
1010	313	
1011	302	
1012	301	
1013	299	
1014	280	
1015	272	
1016	274	
1017	308	
1018	273	
1019	291	
1020	346	
1021	378	
1022	384	
1023	342	
1024	349	
1025	1046	
1027	367	
1028	364	
1029	374	
1030	399	
1031	432	
1032	368	
1033	378	
1034	378	
1035	355	
1036	372	
1037	378	
1038	381	
1039	379	
1040	385	
1041	379	
1042	375	
1043	359	
1044	348	
1045	1034	
1047	380	
1048	345	
1049	374	
1050	375	
1051	386	
1052	349	
1053	387	
1054	386	
1055	368	
1056	358	
1057	394	
1058	384	
1059	391	
1060	385	
1061	383	
1062	379	
1063	354	
1064	347	
1065	1013	
1067	351	
1068	351	
1069	379	
1070	376	
1071	376	
1072	349	
1073	344	
1074	377	
1075	376	
1076	353	
1077	369	
1078	388	
1079	396	
1080	361	
1081	355	
1082	373	
1083	376	
1084	358	
1085	1023	
1087	382	
1088	382	
1089	393	
1090	387	
1091	374	
1092	390	
1093	358	
1094	379	
1095	351	
1096	344	
1097	343	
1098	380	
1099	375	
1100	399	
1101	340	
1102	373	
1103	375	
1104	363	
1105	1075	
1107	384	
1108	381	
1109	381	
1110	377	
1111	376	
1112	344	
1113	343	
1114	343	
1115	377	
1116	346	
1117	348	
1118	347	
1119	377	
1120	301	
1121	507	
1122	272	
1123	298	
1124	298	
1125	992	
1127	366	
1128	305	
1129	1077	
1130	306	
1131	378	
1132	377	
1133	345	
1134	379	
1135	376	
1136	376	
1137	433	
1138	648	
1139	1209	
1140	379	
1141	360	
1142	341	
1143	365	
1144	399	
1145	1045	
1147	379	
1148	406	
1149	450	
1150	342	
1151	739	
1152	415	
1153	437	
1154	380	
1155	382	
1156	400	
1157	408	
1158	375	
1159	372	
1160	396	
1161	351	
1162	357	
1163	345	
1164	381	
1165	1025	
1167	346	
1168	371	
1169	371	
1170	342	
1171	336	
1172	370	
1173	370	
1174	374	
1175	381	
1176	381	
1177	371	
1178	375	
1179	370	
1180	369	
1181	369	
1182	355	
1183	369	
1184	373	
1185	1562	
1187	754	
1188	349	
1189	375	
1190	351	
1191	348	
1192	376	
1193	376	
1194	357	
1195	349	
1196	379	
1197	377	
1198	378	
1199	339	
1200	381	
1201	374	
1202	358	
1203	346	
1204	395	
1205	1184	
1207	433	
1208	378	
1209	379	
1210	349	
1211	396	
1212	344	
1213	383	
1214	377	
1215	347	
1216	349	
1217	388	
1218	384	
1219	350	
1220	395	
1221	378	
1222	382	
1223	433	
1224	355	
1225	1051	
1227	429	
1228	369	
1229	422	
1230	336	
1231	307	
1232	293	
1233	303	
1234	302	
1235	318	
1236	318	
1237	293	
1238	300	
1239	302	
1240	277	
1241	367	
1242	375	
1243	355	
1244	269	
1245	1009	
1247	373	
1248	344	
1249	509	
1250	391	
1251	374	
1252	360	
1253	394	
1254	382	
1255	376	
1256	375	
1257	371	
1258	373	
1259	342	
1260	347	
1261	340	
1262	379	
1263	345	
1264	687	
1265	989	
1267	375	
1268	346	
1269	350	
1270	374	
1271	413	
1272	554	
1273	376	
1274	384	
1275	391	
1276	372	
1277	366	
1278	369	
1279	376	
1280	349	
1281	371	
1282	368	
1283	385	
1284	358	
1285	916	
1287	375	
1288	345	
1289	1101	
1290	736	
1292	353	
1293	342	
1294	377	
1295	373	
1296	381	
1297	341	
1298	370	
1299	1126	
1300	611	
1301	355	
1302	396	
1303	381	
1304	382	
1305	966	
1307	383	
1308	618	
1309	366	
1310	729	
1312	398	
1313	353	
1314	376	
1315	368	
1316	392	
1317	380	
1318	357	
1319	722	
1320	365	
1321	346	
1322	351	
1323	370	
1324	367	
1325	1008	
1327	375	
1328	385	
1329	448	
1330	375	
1331	369	
1332	353	
1333	375	
1334	372	
1335	376	
1336	376	
1337	356	
1338	336	
1339	369	
1340	342	
1341	776	
1342	340	
1343	374	
1344	378	
1345	941	
1347	378	
1348	382	
1349	388	
1350	386	
1351	374	
1352	380	
1353	376	
1354	349	
1355	369	
1356	383	
1357	382	
1358	337	
1359	340	
1360	380	
1361	374	
1362	338	
1363	367	
1364	368	
1365	941	
1367	356	
1368	369	
1369	377	
1370	363	
1371	370	
1372	382	
1373	374	
1374	375	
1375	368	
1376	368	
1377	361	
1378	338	
1379	368	
1380	375	
1381	354	
1382	390	
1383	372	
1384	373	
1385	995	
1387	339	
1388	373	
1389	358	
1390	350	
1391	761	
1392	400	
1393	419	
1394	391	
1395	347	
1396	374	
1397	382	
1398	421	
1399	377	
1400	383	
1401	402	
1402	434	
1403	383	
1404	371	
1405	992	
1407	354	
1408	369	
1409	402	
1410	402	
1411	378	
1412	375	
1413	373	
1414	410	
1415	361	
1416	350	
1417	383	
1418	381	
1419	366	
1420	406	
1421	375	
1422	374	
1423	391	
1424	368	
1425	1064	
1427	379	
1428	375	
1429	389	
1430	799	
1432	355	
1433	373	
1434	415	
1435	361	
1436	342	
1437	379	
1438	394	
1439	402	
1440	381	
1441	386	
1442	399	
1443	432	
1444	345	
1445	1027	
1447	362	
1448	471	
1449	1162	
1450	413	
1451	314	
1452	271	
1453	295	
1454	294	
1455	277	
1456	281	
1457	269	
1458	416	
1459	1178	
1460	403	
1461	370	
1462	369	
1463	542	
1464	341	
1465	1065	
1467	475	
1468	558	
1469	453	
1470	377	
1471	373	
1472	375	
1473	372	
1474	375	
1475	351	
1476	348	
1477	371	
1478	372	
1479	361	
1480	383	
1481	373	
1482	370	
1483	458	
1484	372	
1485	989	
1487	435	
1488	360	
1489	342	
1490	374	
1491	464	
1492	368	
1493	342	
1494	374	
1495	485	
1496	704	
1497	375	
1498	383	
1499	447	
1500	407	
1501	377	
1502	373	
1503	410	
1504	357	
1505	1089	
1507	392	
1508	405	
1509	341	
1510	377	
1511	370	
1512	406	
1513	342	
1514	374	
1515	426	
1516	390	
1517	370	
1518	367	
1519	377	
1520	369	
1521	370	
1522	369	
1523	369	
1524	351	
1525	947	
1527	372	
1528	351	
1529	371	
1530	382	
1531	370	
1532	371	
1533	337	
1534	352	
1535	375	
1536	387	
1537	345	
1538	341	
1539	384	
1540	522	
1541	379	
1542	344	
1543	393	
1544	386	
1545	990	
1547	387	
1548	380	
1549	385	
1550	370	
1551	379	
1552	302	
1553	293	
1554	359	
1555	355	
1556	374	
1557	391	
1558	351	
1559	301	
1560	370	
1561	502	
1562	278	
1563	280	
1564	303	
1565	964	
1567	303	
1568	319	
1569	325	
1570	383	
1571	376	
1572	374	
1573	358	
1574	344	
1575	383	
1576	374	
1577	362	
1578	384	
1579	379	
1580	378	
1581	752	
1582	369	
1583	349	
1584	373	
1585	1064	
1587	379	
1588	374	
1589	374	
1590	378	
1591	340	
1592	372	
1593	374	
1594	347	
1595	369	
1596	373	
1597	371	
1598	375	
1599	344	
1600	370	
1601	368	
1602	350	
1603	339	
1604	337	
1605	967	
1607	341	
1608	630	
1609	1145	
1610	350	
1611	341	
1612	355	
1613	369	
1614	366	
1615	360	
1616	374	
1617	381	
1618	380	
1619	1134	
1620	376	
1621	369	
1622	371	
1623	352	
1624	373	
1625	1024	
1627	384	
1628	359	
1629	369	
1630	377	
1631	764	
1632	336	
1633	367	
1634	373	
1635	354	
1636	346	
1637	374	
1638	374	
1639	376	
1640	339	
1641	740	
1642	379	
1643	478	
1644	540	
1645	1097	
1647	574	
1648	397	
1649	335	
1650	799	
1652	363	
1653	368	
1654	383	
1655	424	
1656	359	
1657	372	
1658	386	
1659	441	
1660	346	
1661	360	
1662	366	
1663	427	
1664	349	
1665	1027	
1667	378	
1668	386	
1669	368	
1670	337	
1671	499	
1672	297	
1673	295	
1674	296	
1675	277	
1676	315	
1677	289	
1678	295	
1679	298	
1680	289	
1681	340	
1682	373	
1683	374	
1684	399	
1685	1037	
1687	432	
1688	403	
1689	372	
1690	370	
1691	399	
1692	404	
1693	395	
1694	374	
1695	440	
1696	813	
1697	345	
1698	376	
1699	416	
1700	359	
1701	336	
1702	334	
1703	381	
1704	349	
1705	990	
1707	406	
1708	614	
1709	352	
1710	374	
1711	367	
1712	387	
1713	351	
1714	352	
1715	370	
1716	395	
1717	355	
1718	359	
1719	370	
1720	367	
1721	372	
1722	365	
1723	380	
1724	386	
1725	1069	
1727	381	
1728	368	
1729	358	
1730	343	
1731	367	
1732	366	
1733	361	
1734	335	
1735	371	
1736	369	
1737	375	
1738	341	
1739	373	
1740	366	
1741	736	
1742	365	
1743	573	
1744	378	
1745	958	
1747	380	
1748	374	
1749	346	
1750	336	
1751	342	
1752	373	
1753	362	
1754	343	
1755	375	
1756	369	
1757	370	
1758	508	
1759	513	
1760	372	
1761	399	
1762	351	
1763	867	
1764	372	
1765	956	
1767	372	
1768	369	
1769	1078	
1770	344	
1771	387	
1772	374	
1773	371	
1774	349	
1775	371	
1776	369	
1777	350	
1778	343	
1779	1073	
1780	373	
1781	399	
1782	352	
1783	345	
1784	393	
1785	983	
1787	375	
1788	369	
1789	339	
1790	708	
1792	384	
1793	398	
1794	388	
1795	348	
1796	376	
1797	416	
1798	360	
1799	350	
1800	363	
1801	398	
1802	442	
1803	344	
1804	381	
1805	1485	
1807	347	
1808	348	
1809	368	
1810	717	
1812	370	
1813	368	
1814	365	
1815	367	
1816	368	
1817	366	
1818	360	
1819	648	
1820	515	
1821	660	
1822	553	
1823	395	
1824	402	
1825	1028	
1827	361	
1828	345	
1829	371	
1830	674	
1832	361	
1833	387	
1834	408	
1835	393	
1836	367	
1837	385	
1838	406	
1839	364	
1840	419	
1841	417	
1842	387	
1843	375	
1844	374	
1845	1011	
1847	356	
1848	345	
1849	338	
1850	369	
1851	344	
1852	336	
1853	366	
1854	366	
1855	383	
1856	344	
1857	348	
1858	367	
1859	394	
1860	382	
1861	359	
1862	370	
1863	399	
1864	379	
1865	998	
1867	405	
1868	395	
1869	358	
1870	387	
1871	377	
1872	427	
1873	369	
1874	370	
1875	399	
1876	408	
1877	338	
1878	370	
1879	387	
1880	371	
1881	461	
1882	388	
1883	400	
1884	377	
1885	945	
1887	375	
1888	342	
1889	369	
1890	372	
1891	374	
1892	371	
1893	340	
1894	371	
1895	370	
1896	357	
1897	348	
1898	340	
1899	374	
1900	369	
1901	270	
1902	294	
1903	292	
1904	368	
1905	907	
1907	373	
1908	362	
1909	372	
1910	372	
1911	370	
1912	371	
1913	349	
1914	369	
1915	369	
1916	370	
1917	338	
1918	358	
1919	369	
1920	337	
1921	368	
1922	369	
1923	368	
1924	375	
1925	924	
1927	377	
1928	372	
1929	1069	
1930	341	
1931	369	
1932	368	
1933	373	
1934	337	
1935	373	
1936	369	
1937	339	
1938	356	
1939	1132	
1940	374	
1941	379	
1942	341	
1943	374	
1944	372	
1945	975	
1947	374	
1948	379	
1949	352	
1950	380	
1951	652	
1952	372	
1953	370	
1954	346	
1955	336	
1956	374	
1957	369	
1958	345	
1959	339	
1960	378	
1961	386	
1962	356	
1963	360	
1964	379	
1965	953	
1967	359	
1968	353	
1969	350	
1970	386	
1971	374	
1972	376	
1973	369	
1974	355	
1975	357	
1976	349	
1977	347	
1978	455	
1979	372	
1980	404	
1981	740	
1982	381	
1983	375	
1984	375	
1985	969	
1987	349	
1988	373	
1989	374	
1990	370	
1991	340	
1992	371	
1993	374	
1994	341	
1995	341	
1996	343	
1997	374	
1998	372	
1999	336	
2000	355	
2001	367	
2002	367	
2003	337	
2004	269	
2005	915	
2007	299	
2008	298	
2009	294	
2010	295	
2011	277	
2012	278	
2013	297	
2014	295	
2015	346	
2016	362	
2017	370	
2018	368	
2019	372	
2020	341	
2021	365	
2022	369	
2023	352	
2024	341	
2025	992	
2027	344	
2028	339	
2029	368	
2030	384	
2031	740	
2032	339	
2033	368	
2034	367	
2035	340	
2036	372	
2037	372	
2038	374	
2039	384	
2040	371	
2041	371	
2042	371	
2043	343	
2044	344	
2045	951	
2047	379	
2048	373	
2049	338	
2050	368	
2051	370	
2052	340	
2053	340	
2054	367	
2055	368	
2056	380	
2057	339	
2058	371	
2059	375	
2060	338	
2061	348	
2062	369	
2063	368	
2064	339	
2065	1157	
2067	376	
2068	337	
2069	368	
2070	3899	
2075	376	
2076	364	
2077	344	
2078	368	
2079	370	
2080	378	
2081	368	
2082	366	
2083	368	
2084	338	
2085	945	
2087	375	
2088	375	
2089	2933	
2092	353	
2093	366	
2094	341	
2095	373	
2096	341	
2097	372	
2098	370	
2099	1126	
2100	371	
2101	344	
2102	338	
2103	375	
2104	372	
2105	909	
2107	370	
2108	378	
2109	344	
2110	366	
2111	367	
2112	368	
2113	340	
2114	268	
2115	293	
2116	293	
2117	270	
2118	292	
2119	291	
2120	294	
2121	292	
2122	268	
2123	282	
2124	292	
2125	903	
2127	366	
2128	374	
2129	356	
2130	341	
2131	367	
2132	366	
2133	379	
2134	453	
2135	379	
2136	368	
2137	373	
2138	345	
2139	366	
2140	371	
2141	846	
2142	402	
2143	355	
2144	378	
2145	996	
2147	386	
2148	374	
2149	341	
2150	480	
2151	722	
2152	372	
2153	374	
2154	375	
2155	340	
2156	376	
2157	386	
2158	363	
2159	379	
2160	621	
2161	771	
2162	731	
2163	336	
2164	365	
2165	1543	
2167	361	
2168	381	
2169	388	
2170	366	
2171	334	
2172	358	
2173	365	
2174	366	
2175	339	
2176	372	
2177	378	
2178	370	
2179	370	
2180	373	
2181	738	
2182	341	
2183	341	
2184	372	
2185	1073	
2187	447	
2188	377	
2189	372	
2190	372	
2191	761	
2192	337	
2193	374	
2194	344	
2195	375	
2196	381	
2197	374	
2198	371	
2199	345	
2200	344	
2201	369	
2202	369	
2203	395	
2204	371	
2205	1003	
2207	342	
2208	334	
2209	365	
2210	363	
2211	336	
2212	336	
2213	368	
2214	366	
2215	366	
2216	349	
2217	372	
2218	366	
2219	372	
2220	335	
2221	349	
2222	368	
2223	293	
2224	270	
2225	917	
2227	302	
2228	312	
2229	290	
2230	269	
2231	339	
2232	311	
2233	307	
2234	316	
2235	448	
2236	380	
2237	378	
2238	376	
2239	366	
2240	359	
2241	346	
2242	381	
2243	367	
2244	363	
2245	1056	
2247	386	
2248	362	
2249	1198	
2250	380	
2251	393	
2252	441	
2253	359	
2254	383	
2255	382	
2256	367	
2257	346	
2258	379	
2259	1290	
2260	364	
2261	348	
2262	377	
2263	386	
2264	393	
2265	1058	
2267	384	
2268	442	
2269	359	
2270	383	
2271	391	
2272	492	
2273	354	
2274	400	
2275	398	
2276	379	
2277	395	
2278	377	
2279	377	
2280	395	
2281	381	
2282	381	
2283	387	
2284	519	
2285	998	
2287	385	
2288	416	
2289	376	
2290	348	
2291	384	
2292	435	
2293	392	
2294	366	
2295	379	
2296	384	
2297	360	
2298	352	
2299	382	
2300	495	
2301	367	
2302	350	
2303	377	
2304	389	
2305	1005	
2307	384	
2308	386	
2309	360	
2310	381	
2311	383	
2312	386	
2313	355	
2314	397	
2315	383	
2316	380	
2317	382	
2318	362	
2319	376	
2320	356	
2321	464	
2322	351	
2323	389	
2324	379	
2325	1121	
2327	384	
2328	392	
2329	377	
2330	387	
2331	772	
2332	398	
2333	390	
2334	406	
2335	385	
2336	386	
2337	348	
2338	362	
2339	355	
2340	386	
2341	373	
2342	390	
2343	385	
2344	386	
2345	992	
2347	357	
2348	387	
2349	389	
2350	366	
2351	349	
2352	381	
2353	383	
2354	656	
2355	365	
2356	387	
2357	383	
2358	348	
2359	349	
2360	384	
2361	383	
2362	381	
2363	1041	
2365	946	
2367	355	
2368	372	
2369	384	
2370	359	
2371	1841	
2373	451	
2374	382	
2375	385	
2376	381	
2377	380	
2378	361	
2379	349	
2380	389	
2381	380	
2382	383	
2383	351	
2384	378	
2385	984	
2387	384	
2388	387	
2389	393	
2390	1046	
2392	364	
2393	386	
2394	387	
2395	359	
2396	358	
2397	388	
2398	388	
2399	392	
2400	386	
2401	388	
2402	388	
2403	354	
2404	734	
2405	998	
2407	370	
2408	353	
2409	1157	
2410	378	
2411	356	
2412	354	
2413	350	
2414	721	
2415	380	
2416	352	
2417	359	
2418	382	
2419	1103	
2420	354	
2421	382	
2422	379	
2423	1000	
2425	1002	
2427	386	
2428	361	
2429	393	
2430	387	
2431	789	
2432	435	
2433	383	
2434	379	
2435	347	
2436	345	
2437	345	
2438	389	
2439	361	
2440	358	
2441	386	
2442	384	
2443	388	
2444	361	
2445	1027	
2447	392	
2448	396	
2449	353	
2450	383	
2451	279	
2452	292	
2453	383	
2454	383	
2455	382	
2456	345	
2457	350	
2458	383	
2459	381	
2460	381	
2461	353	
2462	354	
2463	382	
2464	404	
2465	948	
2467	414	
2468	508	
2469	359	
2470	393	
2471	385	
2472	382	
2473	395	
2474	391	
2475	390	
2476	366	
2477	352	
2478	395	
2479	383	
2480	450	
2481	354	
2482	395	
2483	384	
2484	427	
2485	990	
2487	385	
2488	367	
2489	355	
2490	383	
2491	387	
2492	386	
2493	355	
2494	353	
2495	388	
2496	386	
2497	401	
2498	351	
2499	384	
2500	391	
2501	359	
2502	389	
2503	385	
2504	380	
2505	921	
2507	385	
2508	379	
2509	381	
2510	382	
2511	381	
2512	383	
2513	387	
2514	351	
2515	372	
2516	379	
2517	385	
2518	350	
2519	374	
2520	380	
2521	382	
2522	366	
2523	380	
2524	384	
2525	941	
2527	384	
2528	383	
2529	382	
2530	409	
2531	381	
2532	377	
2533	366	
2534	349	
2535	383	
2536	384	
2537	363	
2538	383	
2539	367	
2540	394	
2541	382	
2542	357	
2543	351	
2544	386	
2545	1078	
2547	363	
2548	387	
2549	389	
2550	406	
2551	389	
2552	317	
2553	308	
2554	283	
2555	288	
2556	310	
2557	306	
2558	308	
2559	282	
2560	307	
2561	307	
2562	308	
2563	357	
2564	360	
2565	1084	
2567	375	
2568	372	
2569	1153	
2570	375	
2571	363	
2572	355	
2573	371	
2574	366	
2575	339	
2576	560	
2577	382	
2578	522	
2579	1118	
2580	386	
2581	376	
2582	400	
2583	374	
2584	381	
2585	1071	
2587	412	
2588	384	
2589	383	
2590	380	
2591	794	
2592	351	
2593	383	
2594	388	
2595	404	
2596	349	
2597	379	
2598	385	
2599	358	
2600	379	
2601	380	
2602	385	
2603	356	
2604	355	
2605	1010	
2607	390	
2608	352	
2609	379	
2610	384	
2611	381	
2612	347	
2613	346	
2614	380	
2615	352	
2616	348	
2617	358	
2618	382	
2619	381	
2620	350	
2621	366	
2622	387	
2623	394	
2624	437	
2625	1045	
2627	395	
2628	387	
2629	381	
2630	387	
2631	623	
2632	361	
2633	379	
2634	381	
2635	351	
2636	348	
2637	385	
2638	386	
2639	385	
2640	355	
2641	361	
2642	385	
2643	384	
2644	394	
2645	974	
2647	391	
2648	353	
2649	386	
2650	383	
2651	386	
2652	356	
2653	356	
2654	391	
2655	380	
2656	385	
2657	356	
2658	350	
2659	380	
2660	353	
2661	348	
2662	287	
2663	303	
2664	310	
2665	904	
2667	313	
2668	306	
2669	309	
2670	310	
2671	303	
2672	381	
2673	366	
2674	385	
2675	381	
2676	379	
2677	380	
2678	379	
2679	378	
2680	351	
2681	347	
2682	380	
2683	381	
2684	348	
2685	979	
2687	388	
2688	385	
2689	358	
2690	351	
2691	387	
2692	387	
2693	389	
2694	352	
2695	386	
2696	388	
2697	353	
2698	383	
2699	381	
2700	385	
2701	346	
2702	353	
2703	388	
2704	389	
2705	961	
2707	353	
2708	380	
2709	382	
2710	358	
2711	348	
2712	379	
2713	350	
2714	353	
2715	369	
2716	388	
2717	347	
2718	356	
2719	359	
2720	382	
2721	381	
2722	346	
2723	365	
2724	369	
2725	997	
2727	383	
2728	382	
2729	1101	
2730	357	
2731	378	
2732	381	
2733	371	
2734	351	
2735	384	
2736	378	
2737	379	
2738	359	
2739	1069	
2740	398	
2741	380	
2742	382	
2743	349	
2744	386	
2745	985	
2747	389	
2748	391	
2749	385	
2750	342	
2751	357	
2752	384	
2753	383	
2754	644	
2755	352	
2756	373	
2757	650	
2758	656	
2759	352	
2760	345	
2761	370	
2762	385	
2763	347	
2764	341	
2765	1024	
2767	376	
2768	338	
2769	369	
2770	370	
2771	291	
2772	291	
2773	296	
2774	295	
2775	305	
2776	271	
2777	296	
2778	297	
2779	269	
2780	293	
2781	292	
2782	306	
2783	338	
2784	362	
2785	986	
2787	344	
2788	340	
2789	373	
2790	373	
2791	385	
2792	347	
2793	368	
2794	374	
2795	351	
2796	373	
2797	374	
2798	379	
2799	349	
2800	342	
2801	736	
2802	372	
2803	384	
2804	362	
2805	1021	
2807	396	
2808	386	
2809	353	
2810	382	
2811	348	
2812	358	
2813	353	
2814	385	
2815	383	
2816	383	
2817	350	
2818	384	
2819	382	
2820	401	
2821	360	
2822	382	
2823	380	
2824	384	
2825	995	
2827	382	
2828	351	
2829	374	
2830	387	
2831	384	
2832	353	
2833	373	
2834	380	
2835	354	
2836	372	
2837	362	
2838	390	
2839	379	
2840	392	
2841	353	
2842	377	
2843	379	
2844	359	
2845	1005	
2847	386	
2848	353	
2849	354	
2850	387	
2851	383	
2852	387	
2853	354	
2854	352	
2855	381	
2856	399	
2857	362	
2858	386	
2859	383	
2860	367	
2861	360	
2862	354	
2863	382	
2864	349	
2865	1012	
2867	389	
2868	560	
2869	383	
2870	387	
2871	376	
2872	387	
2873	383	
2874	380	
2875	479	
2876	373	
2877	353	
2878	355	
2879	374	
2880	363	
2881	342	
2882	364	
2883	371	
2884	372	
2885	962	
2887	376	
2888	372	
2889	1187	
2890	346	
2891	373	
2892	374	
2893	383	
2894	379	
2895	372	
2896	372	
2897	357	
2898	346	
2899	1145	
2900	386	
2901	343	
2902	384	
2903	380	
2904	378	
2905	1067	
2907	345	
2908	373	
2909	348	
2910	405	
2911	767	
2912	377	
2913	373	
2914	388	
2915	335	
2916	371	
2917	378	
2918	374	
2919	346	
2920	376	
2921	411	
2922	390	
2923	338	
2924	369	
2925	1054	
2927	353	
2928	384	
2929	389	
2930	361	
2931	359	
2932	383	
2933	382	
2934	381	
2935	353	
2936	366	
2937	380	
2938	381	
2939	380	
2940	387	
2941	382	
2942	378	
2943	371	
2944	381	
2945	1000	
2947	354	
2948	385	
2949	384	
2950	387	
2951	727	
2952	379	
2953	377	
2954	379	
2955	388	
2956	361	
2957	380	
2958	369	
2959	353	
2960	353	
2961	386	
2962	389	
2963	387	
2964	354	
2965	995	
2967	374	
2968	353	
2969	388	
2970	382	
2971	387	
2972	349	
2973	376	
2974	377	
2975	344	
2976	343	
2977	372	
2978	374	
2979	343	
2980	375	
2981	372	
2982	369	
2983	356	
2984	344	
2985	993	
2987	350	
2988	376	
2989	348	
2990	372	
2991	368	
2992	341	
2993	355	
2994	368	
2995	353	
2996	342	
2997	358	
2998	378	
2999	367	
3000	384	
3001	295	
3002	295	
3003	299	
3004	376	
3005	1005	
3007	375	
3008	351	
3009	338	
3010	375	
3011	346	
3012	374	
3013	374	
3014	371	
3015	376	
3016	341	
3017	344	
3018	383	
3019	377	
3020	798	
3022	375	
3023	372	
3024	346	
3025	970	
3027	373	
3028	653	
3029	373	
3030	665	
3032	367	
3033	695	
3034	337	
3035	367	
3036	373	
3037	367	
3038	333	
3039	368	
3040	350	
3041	348	
3042	356	
3043	375	
3044	382	
3045	980	
3047	381	
3048	378	
3049	1276	
3050	398	
3051	375	
3052	363	
3053	358	
3054	337	
3055	378	
3056	370	
3057	374	
3058	350	
3059	1156	
3060	377	
3061	386	
3062	370	
3063	367	
3064	376	
3065	985	
3067	386	
3068	372	
3069	382	
3070	395	
3071	733	
3072	369	
3073	338	
3074	338	
3075	338	
3076	372	
3077	343	
3078	368	
3079	369	
3080	370	
3081	773	
3082	369	
3083	375	
3084	371	
3085	1710	
3087	339	
3088	367	
3089	367	
3090	349	
3091	337	
3092	367	
3093	370	
3094	335	
3095	356	
3096	369	
3097	368	
3098	353	
3099	368	
3100	373	
3101	368	
3102	363	
3103	271	
3104	285	
3105	913	
3107	274	
3108	276	
3109	294	
3110	274	
3111	267	
3112	294	
3113	294	
3114	371	
3115	362	
3116	392	
3117	375	
3118	381	
3119	379	
3120	369	
3121	736	
3122	340	
3123	341	
3124	340	
3125	976	
3127	384	
3128	372	
3129	374	
3130	370	
3131	358	
3132	373	
3133	665	
3134	623	
3135	374	
3136	338	
3137	368	
3138	373	
3139	343	
3140	366	
3141	369	
3142	368	
3143	355	
3144	338	
3145	1000	
3147	354	
3148	385	
3149	372	
3150	376	
3151	378	
3152	369	
3153	356	
3154	366	
3155	349	
3156	338	
3157	369	
3158	368	
3159	373	
3160	347	
3161	371	
3162	368	
3163	364	
3164	340	
3165	1003	
3167	378	
3168	397	
3169	389	
3170	373	
3171	756	
3172	359	
3173	344	
3174	383	
3175	362	
3176	388	
3177	383	
3178	373	
3179	752	
3180	345	
3181	347	
3182	378	
3183	376	
3184	391	
3185	1020	
3187	711	
3188	343	
3189	368	
3190	367	
3191	566	
3192	361	
3193	341	
3194	373	
3195	375	
3196	347	
3197	376	
3198	372	
3199	369	
3200	391	
3201	369	
3202	348	
3203	367	
3204	350	
3205	916	
3207	372	
3208	371	
3209	1077	
3210	381	
3211	369	
3212	375	
3213	338	
3214	374	
3215	283	
3216	309	
3217	302	
3218	295	
3219	1073	
3220	279	
3221	275	
3222	294	
3223	293	
3224	281	
3225	891	
3227	381	
3228	343	
3229	344	
3230	414	
3231	739	
3232	379	
3233	392	
3234	345	
3235	375	
3236	375	
3237	351	
3238	373	
3239	376	
3240	384	
3241	356	
3242	342	
3243	371	
3244	370	
3245	968	
3247	392	
3248	372	
3249	345	
3250	349	
3251	350	
3252	378	
3253	345	
3254	357	
3255	377	
3256	380	
3257	377	
3258	379	
3259	349	
3260	383	
3261	379	
3262	353	
3263	371	
3264	373	
3265	1052	
3267	381	
3268	374	
3269	357	
3270	350	
3271	377	
3272	372	
3273	350	
3274	342	
3275	380	
3276	372	
3277	373	
3278	348	
3279	340	
3280	379	
3281	354	
3282	381	
3283	348	
3284	378	
3285	1019	
3287	384	
3288	377	
3289	378	
3290	339	
3291	349	
3292	379	
3293	382	
3294	382	
3295	344	
3296	378	
3297	374	
3298	377	
3299	374	
3300	370	
3301	373	
3302	807	
3303	595	
3304	351	
3305	1041	
3307	374	
3308	345	
3309	369	
3310	363	
3311	350	
3312	365	
3313	377	
3314	377	
3315	380	
3316	374	
3317	375	
3318	494	
3319	348	
3320	379	
3321	383	
3322	356	
3323	386	
3324	375	
3325	934	
3327	299	
3328	271	
3329	297	
3330	301	
3331	623	
3332	272	
3333	292	
3334	296	
3335	283	
3336	378	
3337	374	
3338	375	
3339	342	
3340	339	
3341	742	
3342	370	
3343	391	
3344	346	
3345	1016	
3347	392	
3348	379	
3349	649	
3350	377	
3351	389	
3352	344	
3353	342	
3354	376	
3355	378	
3356	376	
3357	342	
3358	377	
3359	340	
3360	343	
3361	342	
3362	375	
3363	376	
3364	378	
3365	1043	
3367	378	
3368	344	
3369	1173	
3370	374	
3371	377	
3372	343	
3373	354	
3374	374	
3375	359	
3376	341	
3377	353	
3378	390	
3379	1152	
3380	395	
3381	379	
3382	346	
3383	373	
3384	379	
3385	981	
3387	376	
3388	349	
3389	349	
3390	379	
3391	749	
3392	347	
3393	382	
3394	383	
3395	382	
3396	381	
3397	382	
3398	347	
3399	383	
3400	341	
3401	746	
3402	347	
3403	380	
3404	379	
3405	996	
3407	378	
3408	380	
3409	345	
3410	360	
3411	377	
3412	374	
3413	374	
3414	374	
3415	375	
3416	376	
3417	336	
3418	342	
3419	375	
3420	368	
3421	345	
3422	343	
3423	375	
3424	374	
3425	978	
3427	371	
3428	374	
3429	375	
3430	351	
3431	364	
3432	376	
3433	369	
3434	364	
3435	373	
3436	377	
3437	365	
3438	341	
3439	376	
3440	383	
3441	355	
3442	378	
3443	373	
3444	373	
3445	962	
3447	345	
3448	376	
3449	366	
3450	375	
3451	769	
3452	381	
3453	379	
3454	345	
3455	346	
3456	376	
3457	378	
3458	378	
3459	346	
3460	377	
3461	381	
3462	380	
3463	381	
3464	383	
3465	1010	
3467	351	
3468	382	
3469	376	
3470	376	
3471	374	
3472	341	
3473	376	
3474	377	
3475	343	
3476	343	
3477	376	
3478	376	
3479	379	
3480	373	
3481	374	
3482	376	
3483	359	
3484	376	
3485	1049	
3487	347	
3488	363	
3489	375	
3490	387	
3491	376	
3492	373	
3493	376	
3494	365	
3495	343	
3496	353	
3497	380	
3498	376	
3499	357	
3500	350	
3501	377	
3502	375	
3503	379	
3504	361	
3505	1035	
3507	368	
3508	352	
3509	380	
3510	385	
3511	749	
3512	380	
3513	381	
3514	379	
3515	344	
3516	346	
3517	378	
3518	377	
3519	346	
3520	377	
3521	380	
3522	380	
3523	377	
3524	352	
3525	1012	
3527	381	
3528	385	
3529	1193	
3530	375	
3531	377	
3532	350	
3533	375	
3534	378	
3535	374	
3536	345	
3537	347	
3538	377	
3539	1161	
3540	381	
3541	376	
3542	375	
3543	374	
3544	345	
3545	949	
3547	378	
3548	370	
3549	374	
3550	382	
3551	301	
3552	318	
3553	323	
3554	293	
3555	375	
3556	363	
3557	345	
3558	382	
3559	375	
3560	397	
3561	380	
3562	377	
3563	375	
3564	797	
3565	932	
3567	388	
3568	796	
3569	345	
3570	369	
3571	739	
3572	371	
3573	343	
3574	341	
3575	372	
3576	371	
3577	377	
3578	371	
3579	370	
3580	367	
3581	708	
3582	368	
3583	370	
3584	370	
3585	905	
3587	370	
3588	372	
3589	339	
3590	367	
3591	368	
3592	369	
3593	336	
3594	367	
3595	348	
3596	366	
3597	369	
3598	338	
3599	336	
3600	365	
3601	337	
3602	336	
3603	346	
3604	367	
3605	958	
3607	388	
3608	373	
3609	372	
3610	375	
3611	367	
3612	367	
3613	365	
3614	347	
3615	369	
3616	367	
3617	365	
3618	350	
3619	370	
3620	373	
3621	368	
3622	359	
3623	335	
3624	370	
3625	1006	
3627	382	
3628	371	
3629	375	
3630	341	
3631	735	
3632	372	
3633	374	
3634	341	
3635	342	
3636	375	
3637	374	
3638	379	
3639	346	
3640	367	
3641	373	
3642	347	
3643	343	
3644	341	
3645	975	
3647	350	
3648	337	
3649	369	
3650	373	
3651	370	
3652	345	
3653	294	
3654	292	
3655	299	
3656	272	
3657	298	
3658	293	
3659	303	
3660	294	
3661	293	
3662	291	
3663	275	
3664	348	
3665	990	
3667	351	
3668	364	
3669	365	
3670	354	
3671	353	
3672	342	
3673	370	
3674	367	
3675	391	
3676	371	
3677	372	
3678	370	
3679	354	
3680	379	
3681	368	
3682	365	
3683	338	
3684	336	
3685	995	
3687	351	
3688	378	
3689	1154	
3690	369	
3691	349	
3692	389	
3693	372	
3694	591	
3695	367	
3696	346	
3697	347	
3698	384	
3699	1112	
3700	375	
3701	363	
3702	377	
3703	381	
3704	347	
3705	1029	
3707	400	
3708	389	
3709	374	
3710	376	
3711	374	
3712	340	
3713	341	
3714	374	
3715	372	
3716	345	
3717	346	
3718	377	
3719	373	
3720	367	
3721	349	
3722	367	
3723	376	
3724	379	
3725	1044	
3727	376	
3728	380	
3729	348	
3730	377	
3731	373	
3732	361	
3733	348	
3734	373	
3735	382	
3736	366	
3737	384	
3738	374	
3739	373	
3740	360	
3741	341	
3742	341	
3743	369	
3744	802	
3745	1091	
3747	395	
3748	381	
3749	382	
3750	430	
3751	724	
3752	374	
3753	361	
3754	347	
3755	375	
3756	378	
3757	373	
3758	379	
3759	376	
3760	367	
3761	340	
3762	344	
3763	274	
3764	297	
3765	914	
3767	299	
3768	297	
3769	310	
3770	282	
3771	272	
3772	295	
3773	633	
3774	511	
3775	377	
3776	378	
3777	374	
3778	378	
3779	378	
3780	379	
3781	384	
3782	352	
3783	355	
3784	371	
3785	950	
3787	386	
3788	381	
3789	362	
3790	388	
3791	368	
3792	368	
3793	369	
3794	381	
3795	344	
3796	371	
3797	370	
3798	381	
3799	346	
3800	373	
3801	369	
3802	364	
3803	340	
3804	382	
3805	1011	
3807	381	
3808	373	
3809	374	
3810	608	
3811	345	
3812	381	
3813	382	
3814	343	
3815	377	
3816	360	
3817	374	
3818	380	
3819	344	
3820	362	
3821	377	
3822	376	
3823	380	
3824	372	
3825	1047	
3827	363	
3828	342	
3829	368	
3830	354	
3831	343	
3832	339	
3833	372	
3834	366	
3835	352	
3836	369	
3837	367	
3838	369	
3839	795	
3840	354	
3841	357	
3842	371	
3843	348	
3844	345	
3845	1039	
3847	385	
3848	369	
3849	1177	
3850	383	
3851	360	
3852	342	
3853	378	
3854	390	
3855	395	
3856	384	
3857	382	
3858	382	
3859	1063	
3860	354	
3861	385	
3862	389	
3863	365	
3864	356	
3865	1010	
3867	388	
3868	355	
3869	351	
3870	378	
3871	712	
3872	407	
3873	379	
3874	305	
3875	303	
3876	290	
3877	302	
3878	302	
3879	298	
3880	277	
3881	276	
3882	300	
3883	294	
3884	273	
3885	990	
3887	375	
3888	531	
3889	346	
3890	372	
3891	368	
3892	387	
3893	350	
3894	350	
3895	383	
3896	389	
3897	344	
3898	349	
3899	368	
3900	378	
3901	354	
3902	357	
3903	372	
3904	396	
3905	1019	
3907	373	
3908	599	
3909	417	
3910	371	
3911	368	
3912	353	
3913	346	
3914	373	
3915	378	
3916	371	
3917	349	
3918	336	
3919	366	
3920	337	
3921	353	
3922	353	
3923	380	
3924	380	
3925	1009	
3927	384	
3928	378	
3929	386	
3930	339	
3931	376	
3932	373	
3933	389	
3934	361	
3935	392	
3936	382	
3937	364	
3938	393	
3939	376	
3940	368	
3941	345	
3942	341	
3943	341	
3944	376	
3945	1084	
3947	345	
3948	370	
3949	371	
3950	350	
3951	348	
3952	368	
3953	369	
3954	338	
3955	355	
3956	369	
3957	366	
3958	368	
3959	355	
3960	367	
3961	374	
3962	338	
3963	348	
3964	367	
3965	946	
3967	351	
3968	384	
3969	374	
3970	381	
3971	368	
3972	376	
3973	369	
3974	366	
3975	381	
3976	371	
3977	379	
3978	340	
3979	353	
3980	374	
3981	384	
3982	378	
3983	375	
3984	380	
3985	996	
3987	350	
3988	377	
3989	369	
3990	390	
3991	349	
3992	340	
3993	375	
3994	342	
3995	369	
3996	354	
3997	372	
3998	365	
3999	341	
4000	347	
4001	369	
4002	367	
4003	374	
4004	374	
4005	1020	
4007	341	
4008	342	
4009	1202	
4010	389	
4011	375	
4012	354	
4013	376	
4014	3586	
4018	376	
4019	1169	
4020	390	
4021	383	
4022	382	
4023	374	
4024	363	
4025	1000	
4027	351	
4028	353	
4029	388	
4030	388	
4031	361	
4032	2779	
4035	357	
4036	341	
4037	336	
4038	374	
4039	375	
4040	349	
4041	373	
4042	372	
4043	372	
4044	375	
4045	945	
4047	380	
4048	344	
4049	351	
4050	372	
4051	371	
4052	356	
4053	375	
4054	373	
4055	369	
4056	342	
4057	340	
4058	371	
4059	381	
4060	345	
4061	344	
4062	371	
4063	367	
4064	346	
4065	931	
4067	376	
4068	375	
4069	383	
4070	378	
4071	378	
4072	341	
4073	355	
4074	370	
4075	368	
4076	369	
4077	343	
4078	358	
4079	377	
4080	347	
4081	367	
4082	370	
4083	372	
4084	358	
4085	990	
4087	375	
4088	355	
4089	341	
4090	341	
4091	366	
4092	357	
4093	365	
4094	367	
4095	370	
4096	373	
4097	370	
4098	399	
4099	387	
4100	380	
4101	605	
4102	308	
4103	299	
4104	298	
4105	1429	
4107	343	
4108	386	
4109	347	
4110	371	
4111	346	
4112	366	
4113	370	
4114	591	
4115	362	
4116	380	
4117	381	
4118	383	
4119	380	
4120	372	
4121	625	
4122	340	
4123	335	
4124	368	
4125	948	
4127	352	
4128	367	
4129	370	
4130	407	
4131	382	
4132	383	
4133	382	
4134	376	
4135	347	
4136	381	
4137	377	
4138	381	
4139	353	
4140	388	
4141	382	
4142	384	
4143	357	
4144	382	
4145	999	
4147	357	
4148	379	
4149	383	
4150	458	
4151	394	
4152	389	
4153	380	
4154	790	
4155	346	
4156	376	
4157	378	
4158	350	
4159	387	
4160	347	
4161	373	
4162	380	
4163	346	
4164	339	
4165	1008	
4167	380	
4168	372	
4169	1152	
4170	369	
4171	338	
4172	335	
4173	366	
4174	367	
4175	344	
4176	344	
4177	369	
4178	368	
4179	1126	
4180	371	
4181	367	
4182	369	
4183	348	
4184	369	
4185	979	
4187	375	
4188	340	
4189	346	
4190	374	
4191	369	
4192	341	
4193	356	
4194	367	
4195	352	
4196	338	
4197	376	
4198	378	
4199	369	
4200	373	
4201	367	
4202	366	
4203	350	
4204	274	
4205	915	
4207	278	
4208	273	
4209	293	
4210	299	
4211	294	
4212	276	
4213	268	
4214	298	
4215	372	
4216	374	
4217	375	
4218	372	
4219	372	
4220	340	
4221	732	
4222	371	
4223	370	
4224	339	
4225	944	
4227	376	
4228	373	
4229	341	
4230	370	
4231	367	
4232	335	
4233	336	
4234	367	
4235	370	
4236	335	
4237	361	
4238	334	
4239	367	
4240	357	
4241	344	
4242	344	
4243	371	
4244	372	
4245	909	
4247	377	
4248	371	
4249	367	
4250	793	
4252	767	
4253	367	
4254	359	
4255	369	
4256	361	
4257	340	
4258	360	
4259	369	
4260	371	
4261	355	
4262	334	
4263	367	
4264	355	
4265	1003	
4267	386	
4268	371	
4269	348	
4270	373	
4271	737	
4272	371	
4273	342	
4274	340	
4275	373	
4276	369	
4277	381	
4278	343	
4279	374	
4280	369	
4281	712	
4282	344	
4283	371	
4284	370	
4285	1055	
4287	355	
4288	385	
4289	383	
4290	386	
4291	352	
4292	380	
4293	382	
4294	349	
4295	371	
4296	383	
4297	381	
4298	361	
4299	381	
4300	384	
4301	382	
4302	350	
4303	355	
4304	382	
4305	961	
4307	373	
4308	388	
4309	381	
4310	356	
4311	352	
4312	371	
4313	380	
4314	379	
4315	360	
4316	377	
4317	390	
4318	800	
4319	348	
4320	300	
4321	299	
4322	299	
4323	285	
4324	293	
4325	918	
4327	302	
4328	371	
4329	1599	
4331	439	
4332	401	
4333	754	
4334	361	
4335	361	
4336	352	
4337	396	
4338	388	
4339	1137	
4340	353	
4341	387	
4342	386	
4343	356	
4344	364	
4345	1002	
4347	365	
4348	374	
4349	372	
4350	369	
4351	378	
4352	345	
4353	370	
4354	379	
4355	369	
4356	338	
4357	373	
4358	367	
4359	369	
4360	340	
4361	334	
4362	368	
4363	371	
4364	379	
4365	996	
4367	383	
4368	342	
4369	351	
4370	367	
4371	370	
4372	345	
4373	355	
4374	369	
4375	363	
4376	363	
4377	367	
4378	367	
4379	363	
4380	351	
4381	372	
4382	369	
4383	369	
4384	355	
4385	926	
4387	367	
4388	369	
4389	367	
4390	367	
4391	373	
4392	359	
4393	352	
4394	372	
4395	451	
4396	416	
4397	386	
4398	377	
4399	374	
4400	779	
4402	375	
4403	385	
4404	344	
4405	1000	
4407	373	
4408	371	
4409	339	
4410	349	
4411	367	
4412	337	
4413	339	
4414	336	
4415	370	
4416	340	
4417	348	
4418	336	
4419	368	
4420	376	
4421	386	
4422	340	
4423	375	
4424	373	
4425	1027	
4427	371	
4428	296	
4429	293	
4430	301	
4431	292	
4432	293	
4433	287	
4434	274	
4435	306	
4436	298	
4437	300	
4438	270	
4439	292	
4440	376	
4441	357	
4442	362	
4443	393	
4444	376	
4445	1075	
4447	382	
4448	408	
4449	873	
4450	350	
4451	374	
4452	381	
4453	373	
4454	384	
4455	378	
4456	370	
4457	429	
4458	355	
4459	340	
4460	372	
4461	804	
4462	368	
4463	379	
4464	371	
4465	1054	
4467	379	
4468	371	
4469	472	
4470	348	
4471	334	
4472	371	
4473	455	
4474	350	
4475	350	
4476	366	
4477	426	
4478	347	
4479	353	
4480	367	
4481	366	
4482	389	
4483	339	
4484	334	
4485	1100	
4487	349	
4488	349	
4489	1190	
4490	376	
4491	372	
4492	360	
4493	367	
4494	446	
4495	376	
4496	368	
4497	367	
4498	409	
4499	1059	
4500	374	
4501	379	
4502	419	
4503	348	
4504	375	
4505	1077	
4507	356	
4508	337	
4509	373	
4510	391	
4511	372	
4512	375	
4513	372	
4514	469	
4515	372	
4516	376	
4517	376	
4518	438	
4519	354	
4520	345	
4521	378	
4522	376	
4523	386	
4524	350	
4525	993	
4527	358	
4528	345	
4529	367	
4530	435	
4531	363	
4532	347	
4533	334	
4534	368	
4535	363	
4536	373	
4537	337	
4538	366	
4539	405	
4540	346	
4541	348	
4542	368	
4543	493	
4544	402	
4545	995	
4547	477	
4548	352	
4549	353	
4550	373	
4551	400	
4552	362	
4553	365	
4554	366	
4555	497	
4556	383	
4557	336	
4558	365	
4559	368	
4560	447	
4561	384	
4562	374	
4563	382	
4564	408	
4565	998	
4567	368	
4568	366	
4569	346	
4570	374	
4571	384	
4572	373	
4573	391	
4574	371	
4575	377	
4576	399	
4577	388	
4578	371	
4579	370	
4580	351	
4581	357	
4582	339	
4583	385	
4584	414	
4585	997	
4587	373	
4588	445	
4589	386	
4590	395	
4591	375	
4592	441	
4593	363	
4594	377	
4595	370	
4596	476	
4597	349	
4598	347	
4599	367	
4600	479	
4601	351	
4602	347	
4603	378	
4604	370	
4605	956	
4607	358	
4608	374	
4609	367	
4610	389	
4611	369	
4612	381	
4613	364	
4614	379	
4615	371	
4616	370	
4617	362	
4618	347	
4619	369	
4620	384	
4621	355	
4622	380	
4623	371	
4624	370	
4625	930	
4627	341	
4628	374	
4629	366	
4630	373	
4631	736	
4632	371	
4633	374	
4634	342	
4635	340	
4636	371	
4637	374	
4638	342	
4639	340	
4640	369	
4641	375	
4642	344	
4643	373	
4644	373	
4645	960	
4647	339	
4648	367	
4649	1099	
4650	343	
4651	336	
4652	366	
4653	296	
4654	292	
4655	268	
4656	267	
4657	293	
4658	294	
4659	974	
4660	297	
4661	293	
4662	292	
4663	353	
4664	366	
4665	976	
4667	346	
4668	356	
4669	367	
4670	353	
4671	360	
4672	371	
4673	370	
4674	359	
4675	341	
4676	369	
4677	370	
4678	370	
4679	362	
4680	342	
4681	369	
4682	368	
4683	368	
4684	349	
4685	985	
4687	347	
4688	356	
4689	375	
4690	371	
4691	746	
4692	378	
4693	374	
4694	376	
4695	369	
4696	347	
4697	370	
4698	385	
4699	343	
4700	372	
4701	344	
4702	370	
4703	371	
4704	341	
4705	957	
4707	339	
4708	595	
4709	368	
4710	376	
4711	370	
4712	347	
4713	338	
4714	366	
4715	392	
4716	791	
4717	804	
4718	706	
4719	369	
4720	365	
4721	339	
4722	365	
4723	381	
4724	347	
4725	1049	
4727	376	
4728	345	
4729	340	
4730	373	
4731	368	
4732	361	
4733	339	
4734	370	
4735	374	
4736	367	
4737	338	
4738	371	
4739	368	
4740	374	
4741	656	
4742	370	
4743	369	
4744	346	
4745	984	
4747	380	
4748	361	
4749	349	
4750	380	
4751	750	
4752	377	
4753	366	
4754	359	
4755	373	
4756	359	
4757	364	
4758	373	
4759	372	
4760	379	
4761	344	
4762	371	
4763	367	
4764	368	
4765	845	
4767	297	
4768	296	
4769	270	
4770	311	
4771	297	
4772	296	
4773	271	
4774	273	
4775	368	
4776	370	
4777	383	
4778	339	
4779	335	
4780	384	
4781	371	
4782	337	
4783	354	
4784	369	
4785	983	
4787	374	
4788	380	
4789	466	
4790	390	
4791	367	
4792	367	
4793	392	
4794	346	
4795	372	
4796	370	
4797	423	
4798	390	
4799	392	
4800	667	
4801	924	
4802	408	
4803	339	
4804	372	
4805	1093	
4807	387	
4808	373	
4809	1259	
4810	620	
4811	380	
4812	380	
4813	382	
4814	347	
4815	337	
4816	675	
4817	418	
4818	387	
4819	1075	
4820	368	
4821	371	
4822	407	
4823	343	
4824	368	
4825	1563	
4827	351	
4828	337	
4829	375	
4830	583	
4832	338	
4833	748	
4834	389	
4835	349	
4836	353	
4837	370	
4838	407	
4839	403	
4840	371	
4841	367	
4842	446	
4843	344	
4844	351	
4845	1097	
4847	366	
4848	373	
4849	367	
4850	390	
4851	361	
4852	343	
4853	370	
4854	357	
4855	377	
4856	375	
4857	367	
4858	435	
4859	385	
4860	371	
4861	377	
4862	337	
4863	358	
4864	351	
4865	1071	
4867	402	
4868	345	
4869	370	
4870	399	
4871	768	
4872	390	
4873	376	
4874	372	
4875	398	
4876	347	
4877	270	
4878	300	
4879	318	
4880	300	
4881	268	
4882	293	
4883	364	
4884	276	
4885	902	
4887	300	
4888	615	
4889	375	
4890	369	
4891	483	
4892	401	
4893	337	
4894	367	
4895	460	
4896	362	
4897	392	
4898	367	
4899	443	
4900	355	
4901	342	
4902	354	
4903	367	
4904	400	
4905	1005	
4907	370	
4908	393	
4909	348	
4910	374	
4911	369	
4912	373	
4913	348	
4914	367	
4915	387	
4916	387	
4917	375	
4918	367	
4919	374	
4920	371	
4921	361	
4922	385	
4923	382	
4924	357	
4925	997	
4927	390	
4928	392	
4929	438	
4930	346	
4931	381	
4932	385	
4933	357	
4934	357	
4935	380	
4936	385	
4937	424	
4938	352	
4939	383	
4940	382	
4941	500	
4942	353	
4943	377	
4944	384	
4945	1749	
4947	977	
4949	386	
4950	361	
4951	351	
4952	383	
4953	380	
4954	358	
4955	380	
4956	379	
4957	381	
4958	386	
4959	363	
4960	387	
4961	378	
4962	351	
4963	371	
4964	382	
4965	951	
4967	374	
4968	370	
4969	1170	
4970	343	
4971	356	
4972	367	
4973	371	
4974	372	
4975	344	
4976	367	
4977	360	
4978	372	
4979	1052	
4980	370	
4981	372	
4982	366	
4983	359	
4984	375	
4985	1052	
4987	445	
4988	378	
4989	370	
4990	429	
4991	347	
4992	370	
4993	384	
4994	354	
4995	348	
4996	378	
4997	369	
4998	393	
4999	351	
5000	342	
5001	367	
5002	450	
5003	414	
5004	376	
5005	1060	
5007	370	
5008	338	
5009	368	
5010	368	
5011	357	
5012	334	
5013	372	
5014	487	
5015	361	
5016	347	
5017	367	
5018	377	
5019	353	
5020	386	
5021	372	
5022	398	
5023	371	
5024	335	
5025	981	
5027	368	
5028	336	
5029	364	
5030	372	
5031	367	
5032	342	
5033	369	
5034	399	
5035	407	
5036	351	
5037	367	
5038	366	
5039	372	
5040	367	
5041	380	
5042	387	
5043	368	
5044	386	
5045	1007	
5047	436	
5048	352	
5049	340	
5050	368	
5051	773	
5052	362	
5053	382	
5054	376	
5055	434	
5056	360	
5057	371	
5058	371	
5059	478	
5060	355	
5061	336	
5062	371	
5063	475	
5064	364	
5065	994	
5067	371	
5068	682	
5069	345	
5070	374	
5071	368	
5072	388	
5073	342	
5074	369	
5075	424	
5076	352	
5077	358	
5078	366	
5079	367	
5080	383	
5081	350	
5082	371	
5083	373	
5084	401	
5085	967	
5087	374	
5088	398	
5089	353	
5090	394	
5091	379	
5092	406	
5093	370	
5094	366	
5095	367	
5096	373	
5097	355	
5098	339	
5099	386	
5100	379	
5101	273	
5102	299	
5103	317	
5104	651	
5105	963	
5107	321	
5108	311	
5109	342	
5110	354	
5111	390	
5112	376	
5113	378	
5114	350	
5115	374	
5116	384	
5117	346	
5118	348	
5119	376	
5120	379	
5121	380	
5122	355	
5123	346	
5124	381	
5125	1079	
5127	344	
5128	374	
5129	1137	
5130	341	
5131	341	
5132	373	
5133	372	
5134	348	
5135	799	
5137	377	
5138	354	
5139	1128	
5140	379	
5141	367	
5142	341	
5143	380	
5144	369	
5145	994	
5147	343	
5148	371	
5149	368	
5150	349	
5151	875	
5152	372	
5153	411	
5154	429	
5155	383	
5156	369	
5157	409	
5158	342	
5159	338	
5160	370	
5161	369	
5162	375	
5163	342	
5164	370	
5165	1474	
5167	407	
5168	378	
5169	375	
5170	403	
5171	348	
5172	337	
5173	382	
5174	389	
5175	379	
5176	338	
5177	369	
5178	361	
5179	348	
5180	380	
5181	369	
5182	379	
5183	366	
5184	359	
5185	1032	
5187	445	
5188	342	
5189	367	
5190	370	
5191	406	
5192	355	
5193	371	
5194	396	
5195	399	
5196	343	
5197	361	
5198	383	
5199	376	
5200	389	
5201	370	
5202	411	
5203	413	
5204	378	
5205	990	
5207	286	
5208	282	
5209	298	
5210	336	
5211	286	
5212	315	
5213	299	
5214	303	
5215	322	
5216	285	
5217	314	
5218	299	
5219	402	
5220	346	
5221	374	
5222	385	
5223	360	
5224	392	
5225	943	
5227	372	
5228	411	
5229	351	
5230	370	
5231	404	
5232	351	
5233	391	
5234	373	
5235	389	
5236	427	
5237	340	
5238	367	
5239	642	
5240	424	
5241	352	
5242	372	
5243	370	
5244	377	
5245	955	
5247	370	
5248	367	
5249	362	
5250	390	
5251	370	
5252	384	
5253	372	
5254	373	
5255	373	
5256	967	
5258	378	
5259	380	
5260	426	
5261	377	
5262	370	
5263	367	
5264	356	
5265	999	
5267	373	
5268	388	
5269	366	
5270	359	
5271	747	
5272	425	
5273	432	
5274	345	
5275	372	
5276	400	
5277	392	
5278	356	
5279	374	
5280	373	
5281	719	
5282	364	
5283	374	
5284	374	
5285	1034	
5287	379	
5288	394	
5289	1138	
5290	390	
5291	369	
5292	368	
5293	391	
5294	348	
5295	348	
5296	368	
5297	605	
5298	352	
5299	1145	
5300	430	
5301	381	
5302	380	
5303	369	
5304	367	
5305	982	
5307	355	
5308	378	
5309	384	
5310	390	
5311	368	
5312	365	
5313	375	
5314	354	
5315	387	
5316	367	
5317	324	
5318	309	
5319	271	
5320	305	
5321	316	
5322	333	
5323	278	
5324	294	
5325	958	
5327	283	
5328	384	
5329	399	
5330	443	
5331	349	
5332	373	
5333	370	
5334	363	
5335	349	
5336	373	
5337	390	
5338	361	
5339	412	
5340	485	
5341	727	
5342	394	
5343	379	
5344	373	
5345	989	
5347	365	
5348	380	
5349	368	
5350	377	
5351	395	
5352	376	
5353	370	
5354	386	
5355	390	
5356	337	
5357	381	
5358	408	
5359	396	
5360	371	
5361	368	
5362	421	
5363	391	
5364	362	
5365	1029	
5367	389	
5368	338	
5369	356	
5370	397	
5371	384	
5372	346	
5373	362	
5374	366	
5375	359	
5376	340	
5377	371	
5378	373	
5379	362	
5380	356	
5381	367	
5382	375	
5383	352	
5384	341	
5385	997	
5387	353	
5388	360	
5389	386	
5390	410	
5391	745	
5392	346	
5393	340	
5394	376	
5395	376	
5396	405	
5397	378	
5398	380	
5399	385	
5400	360	
5401	377	
5402	376	
5403	386	
5404	361	
5405	1218	
5407	376	
5408	340	
5409	349	
5410	372	
5411	369	
5412	337	
5413	339	
5414	371	
5415	433	
5416	386	
5417	337	
5418	335	
5419	376	
5420	376	
5421	367	
5422	347	
5423	373	
5424	371	
5425	969	
5427	301	
5428	309	
5429	300	
5430	298	
5431	291	
5432	293	
5433	290	
5434	283	
5435	292	
5436	288	
5437	273	
5438	365	
5439	365	
5440	338	
5441	336	
5442	335	
5443	370	
5444	292	
5445	977	
5447	377	
5448	375	
5449	1074	
5450	372	
5451	372	
5452	371	
5453	347	
5454	343	
5455	378	
5456	373	
5457	344	
5458	348	
5459	1121	
5460	404	
5461	345	
5462	340	
5463	369	
5464	367	
5465	970	
5467	345	
5468	376	
5469	374	
5470	368	
5471	342	
5472	373	
5473	339	
5474	346	
5475	497	
5476	372	
5477	373	
5478	345	
5479	352	
5480	374	
5481	375	
5482	372	
5483	350	
5484	373	
5485	939	
5487	366	
5488	374	
5489	373	
5490	351	
5491	339	
5492	365	
5493	372	
5494	358	
5495	350	
5496	372	
5497	372	
5498	354	
5499	382	
5500	384	
5501	378	
5502	360	
5503	350	
5504	382	
5505	1043	
5507	390	
5508	385	
5509	381	
5510	345	
5511	767	
5512	385	
5513	382	
5514	383	
5515	351	
5516	351	
5517	385	
5518	382	
5519	383	
5520	345	
5521	382	
5522	367	
5523	348	
5524	354	
5525	1036	
5527	345	
5528	340	
5529	367	
5530	396	
5531	392	
5532	348	
5533	370	
5534	401	
5535	363	
5536	377	
5537	525	
5538	413	
5539	378	
5540	348	
5541	348	
5542	372	
5543	371	
5544	346	
5545	990	
5547	522	
5548	535	
5549	372	
5550	380	
5551	361	
5552	345	
5553	370	
5554	372	
5555	347	
5556	363	
5557	372	
5558	371	
5559	353	
5560	348	
5561	377	
5562	373	
5563	375	
5564	346	
5565	929	
5567	375	
5568	381	
5569	379	
5570	375	
5571	379	
5572	355	
5573	352	
5574	411	
5575	410	
5576	394	
5577	395	
5578	379	
5579	369	
5580	371	
5581	369	
5582	367	
5583	369	
5584	341	
5585	976	
5587	370	
5588	342	
5589	339	
5590	368	
5591	367	
5592	342	
5593	363	
5594	359	
5595	368	
5596	373	
5597	373	
5598	375	
5599	372	
5600	344	
5601	347	
5602	373	
5603	374	
5604	378	
5605	1008	
5607	374	
5608	354	
5609	1171	
5610	383	
5611	377	
5612	385	
5613	356	
5614	381	
5615	385	
5616	352	
5617	386	
5618	382	
5619	1165	
5620	382	
5621	387	
5622	380	
5623	375	
5624	380	
5625	954	
5627	382	
5628	379	
5629	379	
5630	360	
5631	373	
5632	374	
5633	348	
5634	341	
5635	372	
5636	370	
5637	373	
5638	345	
5639	348	
5640	375	
5641	342	
5642	346	
5643	345	
5644	373	
5645	1006	
5647	350	
5648	374	
5649	379	
5650	343	
5651	283	
5652	298	
5653	303	
5654	290	
5655	298	
5656	298	
5657	298	
5658	268	
5659	288	
5660	370	
5661	426	
5662	420	
5663	375	
5664	379	
5665	1035	
5667	362	
5668	369	
5669	394	
5670	412	
5671	346	
5672	377	
5673	403	
5674	351	
5675	689	
5676	383	
5677	375	
5678	397	
5679	350	
5680	376	
5681	379	
5682	343	
5683	378	
5684	726	
5685	1043	
5687	360	
5688	349	
5689	380	
5690	381	
5691	338	
5692	341	
5693	367	
5694	367	
5695	348	
5696	368	
5697	366	
5698	365	
5699	344	
5700	371	
5701	373	
5702	375	
5703	337	
5704	372	
5705	1469	
5707	463	
5708	356	
5709	368	
5710	373	
5711	535	
5712	340	
5713	345	
5714	379	
5715	350	
5716	337	
5717	361	
5718	365	
5719	372	
5720	344	
5721	374	
5722	367	
5723	384	
5724	352	
5725	1000	
5727	360	
5728	343	
5729	373	
5730	394	
5731	741	
5732	372	
5733	381	
5734	556	
5735	403	
5736	350	
5737	353	
5738	386	
5739	366	
5740	415	
5741	367	
5742	377	
5743	384	
5744	377	
5745	1000	
5747	382	
5748	350	
5749	339	
5750	383	
5751	371	
5752	374	
5753	349	
5754	374	
5755	398	
5756	348	
5757	280	
5758	296	
5759	294	
5760	295	
5761	284	
5762	304	
5763	295	
5764	296	
5765	886	
5767	296	
5768	342	
5769	1138	
5770	390	
5771	370	
5772	382	
5773	356	
5774	359	
5775	372	
5776	352	
5777	338	
5778	373	
5779	1521	
5781	372	
5782	377	
5783	373	
5784	372	
5785	935	
5787	376	
5788	376	
5789	394	
5790	338	
5791	784	
5792	395	
5793	370	
5794	348	
5795	376	
5796	385	
5797	390	
5798	403	
5799	705	
5800	823	
5802	347	
5803	377	
5804	375	
5805	953	
5807	371	
5808	366	
5809	370	
5810	352	
5811	340	
5812	371	
5813	346	
5814	371	
5815	340	
5816	373	
5817	341	
5818	343	
5819	362	
5820	379	
5821	376	
5822	342	
5823	365	
5824	370	
5825	987	
5827	363	
5828	372	
5829	363	
5830	346	
5831	371	
5832	373	
5833	369	
5834	350	
5835	348	
5836	370	
5837	371	
5838	346	
5839	348	
5840	438	
5841	416	
5842	395	
5843	378	
5844	375	
5845	1079	
5847	352	
5848	385	
5849	399	
5850	463	
5851	731	
5852	371	
5853	371	
5854	373	
5855	568	
5856	379	
5857	372	
5858	806	
5859	355	
5860	370	
5861	367	
5862	470	
5863	348	
5864	375	
5865	1041	
5867	285	
5868	283	
5869	306	
5870	294	
5871	284	
5872	276	
5873	297	
5874	300	
5875	304	
5876	272	
5877	367	
5878	498	
5879	368	
5880	374	
5881	368	
5882	475	
5883	391	
5884	354	
5885	991	
5887	376	
5888	345	
5889	367	
5890	748	
5892	777	
5893	464	
5894	384	
5895	349	
5896	380	
5897	388	
5898	382	
5899	378	
5900	352	
5901	380	
5902	380	
5903	343	
5904	353	
5905	1044	
5907	358	
5908	352	
5909	378	
5910	386	
5911	348	
5912	378	
5913	362	
5914	373	
5915	359	
5916	348	
5917	401	
5918	377	
5919	376	
5920	368	
5921	345	
5922	373	
5923	377	
5924	348	
5925	1503	
5927	376	
5928	343	
5929	1165	
5930	384	
5931	372	
5932	371	
5933	345	
5934	358	
5935	367	
5936	362	
5937	342	
5938	363	
5939	1147	
5940	406	
5941	370	
5942	373	
5943	368	
5944	356	
5945	957	
5947	381	
5948	354	
5949	377	
5950	378	
5951	735	
5952	344	
5953	354	
5954	392	
5955	751	
5956	452	
5957	368	
5958	381	
5959	380	
5960	457	
5961	390	
5962	379	
5963	379	
5964	385	
5965	1011	
5967	379	
5968	768	
5969	614	
5970	358	
5971	365	
5972	392	
5973	367	
5974	333	
5975	366	
5976	317	
5977	270	
5978	266	
5979	292	
5980	591	
5981	500	
5982	268	
5983	264	
5984	290	
5985	877	
5987	355	
5988	369	
5989	378	
5990	372	
5991	366	
5992	362	
5993	337	
5994	362	
5995	370	
5996	370	
5997	357	
5998	369	
5999	365	
6000	374	
6001	352	
6002	338	
6003	338	
6004	371	
6005	996	
6007	345	
6008	370	
6009	365	
6010	375	
6011	354	
6012	370	
6013	398	
6014	347	
6015	338	
6016	396	
6017	384	
6018	408	
6019	347	
6020	370	
6021	789	
6022	420	
6023	346	
6024	368	
6025	1009	
6027	348	
6028	378	
6029	368	
6030	545	
6031	405	
6032	377	
6033	369	
6034	386	
6035	376	
6036	360	
6037	371	
6038	389	
6039	385	
6040	363	
6041	366	
6042	381	
6043	354	
6044	348	
6045	1049	
6047	367	
6048	377	
6049	369	
6050	419	
6051	653	
6052	383	
6053	375	
6054	380	
6055	378	
6056	341	
6057	374	
6058	382	
6059	370	
6060	345	
6061	371	
6062	393	
6063	441	
6064	378	
6065	1560	
6067	506	
6068	376	
6069	375	
6070	429	
6071	748	
6072	341	
6073	373	
6074	371	
6075	344	
6076	376	
6077	370	
6078	366	
6079	382	
6080	336	
6081	335	
6082	372	
6083	380	
6084	340	
6085	974	
6087	382	
6088	587	
6089	1152	
6090	372	
6091	378	
6092	340	
6093	341	
6094	370	
6095	386	
6096	354	
6097	348	
6098	369	
6099	1083	
6100	372	
6101	363	
6102	368	
6103	366	
6104	384	
6105	922	
6107	374	
6108	380	
6109	368	
6110	374	
6111	368	
6112	342	
6113	336	
6114	368	
6115	347	
6116	388	
6117	355	
6118	399	
6119	411	
6120	416	
6121	348	
6122	373	
6123	388	
6124	358	
6125	1062	
6127	388	
6128	399	
6129	390	
6130	337	
6131	732	
6132	369	
6133	460	
6134	356	
6135	374	
6136	398	
6137	361	
6138	369	
6139	367	
6140	376	
6141	350	
6142	335	
6143	379	
6144	405	
6145	959	
6147	373	
6148	402	
6149	354	
6150	388	
6151	366	
6152	391	
6153	428	
6154	346	
6155	357	
6156	390	
6157	401	
6158	341	
6159	351	
6160	401	
6161	372	
6162	364	
6163	371	
6164	367	
6165	1107	
6167	370	
6168	368	
6169	368	
6170	352	
6171	367	
6172	775	
6173	736	
6174	401	
6175	380	
6176	372	
6177	385	
6178	357	
6179	339	
6180	368	
6181	773	
6182	451	
6183	364	
6184	391	
6185	1063	
6187	390	
6188	389	
6189	400	
6190	366	
6191	376	
6192	380	
6193	396	
6194	390	
6195	346	
6196	368	
6197	389	
6198	358	
6199	351	
6200	370	
6201	293	
6202	372	
6203	275	
6204	294	
6205	936	
6207	354	
6208	343	
6209	370	
6210	427	
6211	378	
6212	354	
6213	369	
6214	395	
6215	575	
6216	362	
6217	368	
6218	395	
6219	371	
6220	373	
6221	418	
6222	404	
6223	383	
6224	381	
6225	1018	
6227	425	
6228	341	
6229	370	
6230	394	
6231	398	
6232	361	
6233	379	
6234	388	
6235	357	
6236	380	
6237	384	
6238	376	
6239	346	
6240	344	
6241	760	
6242	409	
6243	438	
6244	354	
6245	1024	
6247	690	
6248	431	
6249	1163	
6250	439	
6251	388	
6252	340	
6253	371	
6254	368	
6255	340	
6256	335	
6257	335	
6258	369	
6259	1065	
6260	337	
6261	337	
6262	369	
6263	390	
6264	342	
6265	984	
6267	389	
6268	372	
6269	351	
6270	375	
6271	366	
6272	343	
6273	340	
6274	367	
6275	350	
6276	338	
6277	341	
6278	363	
6279	366	
6280	343	
6281	342	
6282	367	
6283	368	
6284	352	
6285	983	
6287	346	
6288	343	
6289	372	
6290	370	
6291	370	
6292	379	
6293	342	
6294	391	
6295	797	
6296	351	
6297	433	
6298	351	
6299	374	
6300	389	
6301	359	
6302	371	
6303	383	
6304	353	
6305	991	
6307	300	
6308	312	
6309	281	
6310	294	
6311	293	
6312	328	
6313	289	
6314	280	
6315	293	
6316	330	
6317	329	
6318	274	
6319	368	
6320	391	
6321	387	
6322	336	
6323	376	
6324	392	
6325	1046	
6327	349	
6328	382	
6329	409	
6330	436	
6331	362	
6332	378	
6333	385	
6334	380	
6335	368	
6336	369	
6337	377	
6338	347	
6339	364	
6340	412	
6341	368	
6342	377	
6343	373	
6344	373	
6345	955	
6347	380	
6348	378	
6349	380	
6350	349	
6351	738	
6352	375	
6353	378	
6354	357	
6355	376	
6356	376	
6357	350	
6358	369	
6359	360	
6360	674	
6361	384	
6362	393	
6363	348	
6364	375	
6365	1500	
6367	385	
6368	365	
6369	387	
6370	386	
6371	340	
6372	365	
6373	365	
6374	374	
6375	345	
6376	368	
6377	366	
6378	334	
6379	339	
6380	362	
6381	367	
6382	368	
6383	374	
6384	369	
6385	1002	
6387	347	
6388	348	
6389	369	
6390	370	
6391	349	
6392	356	
6393	366	
6394	367	
6395	346	
6396	365	
6397	372	
6398	375	
6399	359	
6400	344	
6401	372	
6402	375	
6403	375	
6404	370	
6405	1010	
6407	346	
6408	346	
6409	1178	
6410	373	
6411	384	
6412	346	
6413	379	
6414	378	
6415	386	
6416	346	
6417	381	
6418	391	
6419	1034	
6420	310	
6421	308	
6422	302	
6423	362	
6424	293	
6425	938	
6427	333	
6428	313	
6429	277	
6430	302	
6431	384	
6432	358	
6433	345	
6434	375	
6435	453	
6436	572	
6437	339	
6438	380	
6439	386	
6440	382	
6441	368	
6442	370	
6443	410	
6444	366	
6445	1003	
6447	391	
6448	432	
6449	346	
6450	384	
6451	390	
6452	423	
6453	372	
6454	364	
6455	403	
6456	384	
6457	348	
6458	379	
6459	366	
6460	433	
6461	349	
6462	381	
6463	373	
6464	375	
6465	941	
6467	373	
6468	400	
6469	349	
6470	376	
6471	768	
6472	410	
6473	387	
6474	341	
6475	365	
6476	403	
6477	378	
6478	376	
6479	373	
6480	398	
6481	393	
6482	373	
6483	371	
6484	392	
6485	930	
6487	380	
6488	395	
6489	426	
6490	359	
6491	370	
6492	387	
6493	366	
6494	412	
6495	369	
6496	399	
6497	384	
6498	345	
6499	337	
6500	410	
6501	343	
6502	346	
6503	347	
6504	365	
6505	968	
6507	370	
6508	367	
6509	393	
6510	358	
6511	360	
6512	367	
6513	375	
6514	348	
6515	370	
6516	384	
6517	372	
6518	379	
6519	375	
6520	555	
6521	394	
6522	436	
6523	394	
6524	777	
6525	1404	
6527	358	
6528	375	
6529	496	
6530	352	
6531	374	
6532	374	
6533	405	
6534	372	
6535	340	
6536	377	
6537	432	
6538	816	
6539	369	
6540	375	
6541	797	
6542	471	
6543	358	
6544	374	
6545	1543	
6547	351	
6548	334	
6549	377	
6550	434	
6551	374	
6552	336	
6553	368	
6554	380	
6555	345	
6556	356	
6557	382	
6558	394	
6559	446	
6560	380	
6561	368	
6562	396	
6563	436	
6564	361	
6565	1072	
6567	384	
6568	374	
6569	1193	
6570	396	
6571	402	
6572	344	
6573	366	
6574	393	
6575	360	
6576	349	
6577	370	
6578	407	
6579	1113	
6580	374	
6581	383	
6582	402	
6583	383	
6584	383	
6585	998	
6587	546	
6588	364	
6589	376	
6590	375	
6591	894	
6592	351	
6593	384	
6594	382	
6595	526	
6596	360	
6597	372	
6598	383	
6599	371	
6600	382	
6601	345	
6602	377	
6603	390	
6604	362	
6605	979	
6607	410	
6608	358	
6609	345	
6610	376	
6611	380	
6612	359	
6613	342	
6614	374	
6615	381	
6616	357	
6617	354	
6618	373	
6619	381	
6620	473	
6621	357	
6622	364	
6623	385	
6624	445	
6625	990	
6627	387	
6628	420	
6629	379	
6630	385	
6631	365	
6632	472	
6633	591	
6634	389	
6635	373	
6636	393	
6637	351	
6638	369	
6639	367	
6640	359	
6641	346	
6642	371	
6643	370	
6644	418	
6645	924	
6647	376	
6648	405	
6649	384	
6650	334	
6651	736	
6652	412	
6653	371	
6654	368	
6655	373	
6656	837	
6657	362	
6658	341	
6659	367	
6660	412	
6661	396	
6662	336	
6663	368	
6664	446	
6665	951	
6667	374	
6668	405	
6669	392	
6670	375	
6671	368	
6672	365	
6673	354	
6674	342	
6675	362	
6676	370	
6677	395	
6678	362	
6679	366	
6680	398	
6681	382	
6682	365	
6683	366	
6684	376	
6685	975	
6687	373	
6688	368	
6689	420	
6690	348	
6691	370	
6692	365	
6693	456	
6694	380	
6695	372	
6696	372	
6697	497	
6698	396	
6699	365	
6700	366	
6701	611	
6702	424	
6703	349	
6704	383	
6705	1147	
6707	360	
6708	380	
6709	385	
6710	372	
6711	345	
6712	379	
6713	379	
6714	686	
6715	370	
6716	372	
6717	676	
6718	478	
6719	358	
6720	356	
6721	376	
6722	518	
6723	373	
6724	349	
6725	1061	
6727	400	
6728	355	
6729	1266	
6730	400	
6731	349	
6732	359	
6733	383	
6734	382	
6735	388	
6736	378	
6737	385	
6738	376	
6739	1706	
6741	371	
6742	356	
6743	350	
6744	369	
6745	990	
6747	375	
6748	352	
6749	425	
6750	383	
6751	606	
6752	289	
6753	308	
6754	308	
6755	323	
6756	277	
6757	305	
6758	310	
6759	305	
6760	338	
6761	736	
6762	385	
6763	683	
6764	347	
6765	995	
6767	391	
6768	351	
6769	368	
6770	405	
6771	697	
6772	387	
6773	357	
6774	369	
6775	388	
6776	376	
6777	368	
6778	366	
6779	783	
6780	69075	
6783	466	
6784	375	
6785	1001	
6787	386	
6788	391	
6789	357	
6790	386	
6791	387	
6792	384	
6793	349	
6794	380	
6795	378	
6796	348	
6797	360	
6798	378	
6799	378	
6800	362	
6801	348	
6802	377	
6803	379	
6804	350	
6805	949	
6807	389	
6808	414	
6809	361	
6810	382	
6811	385	
6812	419	
6813	398	
6814	760	
6815	445	
6816	422	
6817	349	
6818	370	
6819	427	
6820	351	
6821	346	
6822	372	
6823	374	
6824	418	
6825	977	
6827	375	
6828	379	
6829	382	
6830	335	
6831	727	
6832	572	
6833	360	
6834	372	
6835	399	
6836	810	
6837	370	
6838	342	
6839	379	
6840	432	
6841	363	
6842	342	
6843	366	
6844	479	
6845	1039	
6847	377	
6848	446	
6849	388	
6850	380	
6851	367	
6852	417	
6853	382	
6854	347	
6855	700	
6856	658	
6857	376	
6858	379	
6859	293	
6860	335	
6861	287	
6862	276	
6863	295	
6864	297	
6865	897	
6867	296	
6868	294	
6869	302	
6870	343	
6871	371	
6872	371	
6873	436	
6874	365	
6875	376	
6876	375	
6877	432	
6878	396	
6879	358	
6880	375	
6881	391	
6882	353	
6883	353	
6884	376	
6885	1472	
6887	347	
6888	374	
6889	1121	
6890	341	
6891	347	
6892	369	
6893	381	
6894	345	
6895	396	
6896	377	
6897	373	
6898	379	
6899	1060	
6900	372	
6901	370	
6902	343	
6903	351	
6904	341	
6905	1053	
6907	360	
6908	352	
6909	378	
6910	366	
6911	344	
6912	364	
6913	385	
6914	392	
6915	357	
6916	373	
6917	379	
6918	375	
6919	342	
6920	383	
6921	372	
6922	380	
6923	373	
6924	336	
6925	1022	
6927	395	
6928	361	
6929	382	
6930	377	
6931	391	
6932	358	
6933	378	
6934	388	
6935	366	
6936	351	
6937	387	
6938	383	
6939	361	
6940	339	
6941	734	
6942	382	
6943	354	
6944	351	
6945	1001	
6947	378	
6948	378	
6949	382	
6950	375	
6951	340	
6952	352	
6953	342	
6954	369	
6955	381	
6956	340	
6957	373	
6958	372	
6959	369	
6960	339	
6961	341	
6962	384	
6963	374	
6964	385	
6965	990	
6967	378	
6968	432	
6969	269	
6970	296	
6971	295	
6972	323	
6973	303	
6974	285	
6975	306	
6976	303	
6977	276	
6978	363	
6979	371	
6980	307	
6981	367	
6982	363	
6983	379	
6984	377	
6985	954	
6987	381	
6988	405	
6989	349	
6990	370	
6991	387	
6992	377	
6993	348	
6994	377	
6995	376	
6996	376	
6997	387	
6998	354	
6999	378	
7000	903	
7002	347	
7003	374	
7004	350	
7005	975	
7007	378	
7008	374	
7009	372	
7010	458	
7011	384	
7012	375	
7013	354	
7014	352	
7015	375	
7016	376	
7017	357	
7018	343	
7019	373	
7020	444	
7021	373	
7022	341	
7023	380	
7024	383	
7025	938	
7027	351	
7028	376	
7029	373	
7030	406	
7031	363	
7032	371	
7033	395	
7034	374	
7035	373	
7036	420	
7037	390	
7038	359	
7039	383	
7040	456	
7041	380	
7042	367	
7043	386	
7044	370	
7045	1022	
7047	375	
7048	370	
7049	1106	
7050	367	
7051	352	
7052	376	
7053	380	
7054	354	
7055	376	
7056	380	
7057	373	
7058	351	
7059	1113	
7060	377	
7061	380	
7062	467	
7063	342	
7064	380	
7065	1433	
7067	372	
7068	767	
7069	383	
7070	355	
7071	345	
7072	370	
7073	381	
7074	345	
7075	377	
7076	345	
7077	375	
7078	372	
7079	343	
7080	383	
7081	372	
7082	372	
7083	414	
7084	356	
7085	1074	
7087	383	
7088	345	
7089	374	
7090	357	
7091	346	
7092	347	
7093	373	
7094	397	
7095	353	
7096	344	
7097	359	
7098	404	
7099	349	
7100	359	
7101	371	
7102	409	
7103	369	
7104	379	
7105	1047	
7107	397	
7108	354	
7109	380	
7110	420	
7111	699	
7112	396	
7113	382	
7114	516	
7115	365	
7116	378	
7117	385	
7118	571	
7119	393	
7120	351	
7121	380	
7122	380	
7123	378	
7124	383	
7125	1014	
7127	384	
7128	355	
7129	345	
7130	376	
7131	374	
7132	349	
7133	344	
7134	373	
7135	376	
7136	344	
7137	341	
7138	374	
7139	406	
7140	381	
7141	348	
7142	373	
7143	395	
7144	383	
7145	985	
7147	403	
7148	380	
7149	356	
7150	380	
7151	372	
7152	382	
7153	379	
7154	376	
7155	412	
7156	373	
7157	346	
7158	365	
7159	378	
7160	355	
7161	371	
7162	373	
7163	371	
7164	357	
7165	986	
7167	383	
7168	362	
7169	351	
7170	380	
7171	379	
7172	373	
7173	382	
7174	363	
7175	378	
7176	354	
7177	350	
7178	395	
7179	376	
7180	453	
7181	736	
7182	345	
7183	375	
7184	374	
7185	974	
7187	370	
7188	368	
7189	339	
7190	363	
7191	364	
7192	367	
7193	372	
7194	337	
7195	344	
7196	365	
7197	353	
7198	340	
7199	336	
7200	366	
7201	443	
7202	368	
7203	352	
7204	368	
7205	1037	
7207	370	
7208	370	
7209	1161	
7210	378	
7211	368	
7212	368	
7213	423	
7214	363	
7215	385	
7216	378	
7217	374	
7218	370	
7219	1125	
7220	377	
7221	362	
7222	379	
7223	376	
7224	370	
7225	940	
7227	365	
7228	375	
7229	373	
7230	342	
7231	761	
7232	370	
7233	375	
7234	340	
7235	341	
7236	377	
7237	378	
7238	347	
7239	378	
7240	443	
7241	692	
7242	371	
7243	372	
7244	371	
7245	949	
7247	354	
7248	342	
7249	373	
7250	445	
7251	593	
7252	371	
7253	374	
7254	374	
7255	348	
7256	345	
7257	377	
7258	372	
7259	352	
7260	381	
7261	373	
7262	382	
7263	341	
7264	359	
7265	991	
7267	351	
7268	350	
7269	379	
7270	386	
7271	370	
7272	344	
7273	369	
7274	372	
7275	345	
7276	377	
7277	373	
7278	375	
7279	382	
7280	349	
7281	376	
7282	376	
7283	377	
7284	348	
7285	996	
7287	352	
7288	382	
7289	379	
7290	378	
7291	744	
7292	347	
7293	347	
7294	378	
7295	339	
7296	361	
7297	347	
7298	378	
7299	380	
7300	358	
7301	297	
7302	298	
7303	299	
7304	299	
7305	929	
7307	303	
7308	272	
7309	340	
7310	373	
7311	377	
7312	343	
7313	339	
7314	369	
7315	371	
7316	376	
7317	340	
7318	338	
7319	372	
7320	355	
7321	341	
7322	355	
7323	374	
7324	382	
7325	932	
7327	373	
7328	406	
7329	369	
7330	399	
7331	371	
7332	394	
7333	344	
7334	373	
7335	374	
7336	514	
7337	353	
7338	372	
7339	385	
7340	387	
7341	355	
7342	350	
7343	377	
7344	465	
7345	1070	
7347	381	
7348	378	
7349	379	
7350	446	
7351	725	
7352	379	
7353	345	
7354	345	
7355	376	
7356	375	
7357	377	
7358	340	
7359	375	
7360	373	
7361	344	
7362	342	
7363	340	
7364	374	
7365	924	
7367	343	
7368	685	
7369	1132	
7370	369	
7371	337	
7372	368	
7373	368	
7374	347	
7375	382	
7376	367	
7377	388	
7378	386	
7379	1179	
7380	410	
7381	380	
7382	377	
7383	364	
7384	807	
7385	940	
7387	373	
7388	367	
7389	369	
7390	340	
7391	336	
7392	370	
7393	367	
7394	438	
7395	355	
7396	373	
7397	403	
7398	402	
7399	378	
7400	422	
7401	402	
7402	429	
7403	377	
7404	383	
7405	956	
7407	299	
7408	297	
7409	297	
7410	270	
7411	622	
7412	302	
7413	301	
7414	353	
7415	274	
7416	340	
7417	374	
7418	382	
7419	370	
7420	358	
7421	369	
7422	335	
7423	344	
7424	340	
7425	1025	
7427	341	
7428	336	
7429	376	
7430	350	
7431	348	
7432	352	
7433	368	
7434	375	
7435	339	
7436	339	
7437	364	
7438	371	
7439	346	
7440	343	
7441	354	
7442	375	
7443	378	
7444	353	
7445	989	
7447	381	
7448	369	
7449	368	
7450	408	
7451	361	
7452	348	
7453	379	
7454	381	
7455	359	
7456	390	
7457	382	
7458	381	
7459	359	
7460	343	
7461	483	
7462	378	
7463	354	
7464	345	
7465	1041	
7467	379	
7468	373	
7469	339	
7470	404	
7471	738	
7472	338	
7473	379	
7474	368	
7475	426	
7476	342	
7477	338	
7478	371	
7479	370	
7480	372	
7481	335	
7482	369	
7483	378	
7484	337	
7485	1020	
7487	373	
7488	559	
7489	335	
7490	370	
7491	368	
7492	371	
7493	351	
7494	354	
7495	378	
7496	413	
7497	353	
7498	367	
7499	360	
7500	410	
7501	369	
7502	367	
7503	371	
7504	381	
7505	1003	
7507	379	
7508	799	
7509	343	
7510	370	
7511	721	
7512	419	
7513	350	
7514	341	
7515	309	
7516	301	
7517	300	
7518	273	
7519	297	
7520	295	
7521	282	
7522	288	
7523	300	
7524	299	
7525	842	
7527	378	
7528	370	
7529	1061	
7530	350	
7531	371	
7532	380	
7533	338	
7534	336	
7535	377	
7536	372	
7537	372	
7538	336	
7539	1093	
7540	370	
7541	370	
7542	346	
7543	348	
7544	379	
7545	980	
7547	371	
7548	372	
7549	338	
7550	640	
7552	380	
7553	370	
7554	385	
7555	377	
7556	366	
7557	368	
7558	336	
7559	706	
7560	385	
7561	367	
7562	340	
7563	370	
7564	382	
7565	982	
7567	356	
7568	370	
7569	369	
7570	355	
7571	382	
7572	374	
7573	615	
7574	355	
7575	376	
7576	379	
7577	413	
7578	390	
7579	353	
7580	418	
7581	819	
7582	367	
7583	391	
7584	382	
7585	1050	
7587	353	
7588	336	
7589	369	
7590	757	
7592	342	
7593	369	
7594	562	
7595	530	
7596	367	
7597	483	
7598	396	
7599	424	
7600	371	
7601	379	
7602	388	
7603	373	
7604	367	
7605	1073	
7607	349	
7608	357	
7609	372	
7610	717	
7612	376	
7613	341	
7614	374	
7615	356	
7616	339	
7617	366	
7618	376	
7619	371	
7620	344	
7621	370	
7622	370	
7623	377	
7624	282	
7625	925	
7627	286	
7628	273	
7629	305	
7630	297	
7631	605	
7632	305	
7633	301	
7634	304	
7635	304	
7636	349	
7637	346	
7638	376	
7639	378	
7640	345	
7641	351	
7642	374	
7643	375	
7644	377	
7645	992	
7647	375	
7648	340	
7649	342	
7650	375	
7651	370	
7652	378	
7653	344	
7654	373	
7655	372	
7656	590	
7657	337	
7658	367	
7659	436	
7660	396	
7661	366	
7662	368	
7663	367	
7664	352	
7665	904	
7667	378	
7668	353	
7669	349	
7670	381	
7671	368	
7672	364	
7673	340	
7674	365	
7675	375	
7676	383	
7677	354	
7678	366	
7679	367	
7680	365	
7681	347	
7682	379	
7683	372	
7684	449	
7685	962	
7687	383	
7688	360	
7689	1128	
7690	345	
7691	384	
7692	492	
7693	372	
7694	382	
7695	371	
7696	370	
7697	376	
7698	544	
7699	1112	
7700	335	
7701	342	
7702	373	
7703	366	
7704	366	
7705	959	
7707	371	
7708	715	
7709	390	
7710	371	
7711	375	
7712	366	
7713	352	
7714	379	
7715	357	
7716	376	
7717	412	
7718	356	
7719	379	
7720	381	
7721	379	
7722	379	
7723	351	
7724	371	
7725	1089	
7727	374	
7728	372	
7729	394	
7730	364	
7731	379	
7732	377	
7733	409	
7734	412	
7735	380	
7736	372	
7737	407	
7738	374	
7739	377	
7740	420	
7741	379	
7742	433	
7743	753	
7744	370	
7745	990	
7747	789	
7748	753	
7749	379	
7750	354	
7751	371	
7752	396	
7753	374	
7754	350	
7755	340	
7756	372	
7757	371	
7758	349	
7759	337	
7760	369	
7761	368	
7762	377	
7763	370	
7764	367	
7765	987	
7767	363	
7768	341	
7769	369	
7770	382	
7771	351	
7772	352	
7773	373	
7774	372	
7775	378	
7776	346	
7777	366	
7778	395	
7779	347	
7780	387	
7781	375	
7782	405	
7783	344	
7784	361	
7785	1059	
7787	365	
7788	392	
7789	364	
7790	374	
7791	398	
7792	373	
7793	375	
7794	373	
7795	382	
7796	369	
7797	378	
7798	344	
7799	374	
7800	498	
7801	371	
7802	373	
7803	338	
7804	341	
7805	1058	
7807	397	
7808	388	
7809	348	
7810	385	
7811	385	
7812	380	
7813	352	
7814	375	
7815	380	
7816	348	
7817	353	
7818	380	
7819	377	
7820	355	
7821	346	
7822	406	
7823	400	
7824	351	
7825	1038	
7827	391	
7828	354	
7829	334	
7830	371	
7831	364	
7832	356	
7833	341	
7834	344	
7835	367	
7836	374	
7837	341	
7838	356	
7839	369	
7840	408	
7841	370	
7842	366	
7843	364	
7844	375	
7845	928	
7847	382	
7848	367	
7849	1157	
7850	375	
7851	291	
7852	646	
7853	270	
7854	294	
7855	300	
7856	290	
7857	280	
7858	298	
7859	1158	
7860	375	
7861	377	
7862	339	
7863	375	
7864	380	
7865	974	
7867	374	
7868	404	
7869	353	
7870	350	
7871	767	
7872	560	
7873	336	
7874	335	
7875	371	
7876	343	
7877	336	
7878	334	
7879	369	
7880	341	
7881	335	
7882	363	
7883	371	
7884	368	
7885	925	
7887	346	
7888	370	
7889	372	
7890	403	
7891	378	
7892	384	
7893	380	
7894	378	
7895	379	
7896	377	
7897	377	
7898	378	
7899	348	
7900	376	
7901	360	
7902	375	
7903	378	
7904	348	
7905	998	
7907	379	
7908	346	
7909	343	
7910	374	
7911	755	
7912	350	
7913	347	
7914	376	
7915	372	
7916	642	
7917	338	
7918	372	
7919	370	
7920	353	
7921	345	
7922	341	
7923	374	
7924	379	
7925	964	
7927	378	
7928	381	
7929	373	
7930	380	
7931	375	
7932	378	
7933	340	
7934	363	
7935	380	
7936	371	
7937	368	
7938	376	
7939	372	
7940	343	
7941	341	
7942	372	
7943	374	
7944	358	
7945	1024	
7947	384	
7948	379	
7949	377	
7950	343	
7951	742	
7952	384	
7953	352	
7954	384	
7955	381	
7956	383	
7957	281	
7958	281	
7959	306	
7960	302	
7961	600	
7962	280	
7963	305	
7964	309	
7965	950	
7967	306	
7968	379	
7969	378	
7970	342	
7971	343	
7972	378	
7973	343	
7974	346	
7975	352	
7976	379	
7977	378	
7978	343	
7979	378	
7980	362	
7981	340	
7982	379	
7983	373	
7984	378	
7985	978	
7987	382	
7988	379	
7989	376	
7990	356	
7991	351	
7992	378	
7993	378	
7994	377	
7995	365	
7996	372	
7997	381	
7998	382	
7999	377	
8000	383	
8001	376	
8002	377	
8003	345	
8004	377	
8005	1027	
8007	383	
8008	383	
8009	1277	
8010	396	
8011	378	
8012	386	
8013	387	
8014	397	
8015	377	
8016	384	
8017	384	
8018	382	
8019	1139	
8020	380	
8021	381	
8022	345	
8023	350	
8024	348	
8025	1040	
8027	346	
8028	374	
8029	376	
8030	371	
8031	342	
8032	338	
8033	374	
8034	375	
8035	347	
8036	377	
8037	373	
8038	375	
8039	375	
8040	364	
8041	371	
8042	373	
8043	378	
8044	371	
8045	1032	
8047	386	
8048	342	
8049	356	
8050	371	
8051	342	
8052	340	
8053	364	
8054	374	
8055	381	
8056	365	
8057	367	
8058	375	
8059	376	
8060	380	
8061	372	
8062	377	
8063	361	
8064	342	
8065	1049	
8067	302	
8068	285	
8069	271	
8070	302	
8071	298	
8072	282	
8073	282	
8074	306	
8075	305	
8076	307	
8077	306	
8078	379	
8079	342	
8080	343	
8081	345	
8082	379	
8083	377	
8084	378	
8085	999	
8087	378	
8088	344	
8089	344	
8090	375	
8091	374	
8092	378	
8093	375	
8094	346	
8095	376	
8096	339	
8097	378	
8098	339	
8099	379	
8100	343	
8101	649	
8102	349	
8103	377	
8104	384	
8105	999	
8107	381	
8108	379	
8109	381	
8110	386	
8111	378	
8112	378	
8113	366	
8114	380	
8115	390	
8116	378	
8117	370	
8118	344	
8119	371	
8120	363	
8121	348	
8122	345	
8123	378	
8124	372	
8125	1087	
8127	381	
8128	387	
8129	362	
8130	347	
8131	383	
8132	381	
8133	384	
8134	349	
8135	378	
8136	385	
8137	353	
8138	351	
8139	381	
8140	381	
8141	748	
8142	346	
8143	343	
8144	379	
8145	1031	
8147	345	
8148	375	
8149	340	
8150	369	
8151	377	
8152	373	
8153	375	
8154	378	
8155	343	
8156	372	
8157	374	
8158	758	
8159	571	
8160	375	
8161	377	
8162	337	
8163	335	
8164	378	
8165	994	
8167	345	
8168	349	
8169	1145	
8170	573	
8171	349	
8172	355	
8173	393	
8174	364	
8175	378	
8176	367	
8177	366	
8178	291	
8179	958	
8180	299	
8181	293	
8182	284	
8183	298	
8184	290	
8185	945	
8187	278	
8188	298	
8189	487	
8190	386	
8191	410	
8192	386	
8193	397	
8194	353	
8195	385	
8196	373	
8197	383	
8198	384	
8199	368	
8200	359	
8201	386	
8202	384	
8203	361	
8204	355	
8205	1018	
8207	384	
8208	386	
8209	382	
8210	395	
8211	344	
8212	342	
8213	382	
8214	370	
8215	382	
8216	340	
8217	338	
8218	372	
8219	583	
8220	352	
8221	348	
8222	381	
8223	381	
8224	347	
8225	1001	
8227	816	
8228	466	
8229	352	
8230	392	
8231	367	
8232	369	
8233	371	
8234	368	
8235	400	
8236	379	
8237	368	
8238	378	
8239	372	
8240	384	
8241	369	
8242	385	
8243	357	
8244	402	
8245	945	
8247	364	
8248	354	
8249	353	
8250	367	
8251	372	
8252	360	
8253	341	
8254	374	
8255	379	
8256	351	
8257	376	
8258	376	
8259	390	
8260	354	
8261	383	
8262	372	
8263	369	
8264	340	
8265	967	
8267	371	
8268	344	
8269	354	
8270	371	
8271	378	
8272	389	
8273	372	
8274	368	
8275	369	
8276	338	
8277	341	
8278	335	
8279	379	
8280	364	
8281	347	
8282	341	
8283	365	
8284	370	
8285	927	
8287	374	
8288	371	
8289	381	
8290	373	
8291	367	
8292	369	
8293	371	
8294	367	
8295	369	
8296	367	
8297	338	
8298	336	
8299	367	
8300	372	
8301	372	
8302	346	
8303	376	
8304	388	
8305	1009	
8307	377	
8308	389	
8309	360	
8310	373	
8311	719	
8312	371	
8313	369	
8314	376	
8315	392	
8316	385	
8317	361	
8318	358	
8319	352	
8320	381	
8321	349	
8322	353	
8323	383	
8324	381	
8325	970	
8327	345	
8328	373	
8329	1167	
8330	381	
8331	348	
8332	379	
8333	378	
8334	349	
8335	379	
8336	378	
8337	380	
8338	352	
8339	1070	
8340	365	
8341	380	
8342	369	
8343	336	
8344	345	
8345	944	
8347	341	
8348	339	
8349	368	
8350	369	
8351	337	
8352	358	
8353	370	
8354	368	
8355	372	
8356	367	
8357	368	
8358	464	
8359	350	
8360	777	
8362	386	
8363	364	
8364	342	
8365	1025	
8367	384	
8368	352	
8369	375	
8370	374	
8371	737	
8372	371	
8373	371	
8374	338	
8375	339	
8376	337	
8377	373	
8378	369	
8379	375	
8380	335	
8381	732	
8382	366	
8383	347	
8384	341	
8385	996	
8387	398	
8388	375	
8389	367	
8390	369	
8391	339	
8392	338	
8393	369	
8394	368	
8395	373	
8396	334	
8397	337	
8398	367	
8399	370	
8400	335	
8401	268	
8402	291	
8403	302	
8404	301	
8405	918	
8407	392	
8408	274	
8409	340	
8410	393	
8411	378	
8412	338	
8413	356	
8414	367	
8415	347	
8416	337	
8417	337	
8418	369	
8419	372	
8420	345	
8421	360	
8422	376	
8423	350	
8424	340	
8425	931	
8427	378	
8428	371	
8429	485	
8430	386	
8431	382	
8432	524	
8433	370	
8434	374	
8435	368	
8436	375	
8437	382	
8438	370	
8439	375	
8440	358	
8441	375	
8442	336	
8443	367	
8444	371	
8445	1593	
8447	371	
8448	487	
8449	343	
8450	359	
8451	368	
8452	365	
8453	337	
8454	367	
8455	366	
8456	368	
8457	335	
8458	334	
8459	368	
8460	373	
8461	375	
8462	341	
8463	347	
8464	368	
8465	914	
8467	373	
8468	378	
8469	533	
8470	389	
8471	377	
8472	377	
8473	504	
8474	352	
8475	385	
8476	375	
8477	483	
8478	389	
8479	379	
8480	385	
8481	414	
8482	360	
8483	391	
8484	382	
8485	1510	
8487	389	
8488	381	
8489	1321	
8491	365	
8492	380	
8493	389	
8494	359	
8495	378	
8496	383	
8497	386	
8498	363	
8499	1124	
8500	380	
8501	833	
8502	377	
8503	380	
8504	376	
8505	1135	
8507	286	
8508	315	
8509	307	
8510	311	
8511	284	
8512	303	
8513	306	
8514	391	
8515	353	
8516	275	
8517	381	
8518	503	
8519	382	
8520	378	
8521	373	
8522	468	
8523	350	
8524	358	
8525	1062	
8527	376	
8528	373	
8529	371	
8530	348	
8531	343	
8532	370	
8533	372	
8534	359	
8535	354	
8536	380	
8537	376	
8538	358	
8539	379	
8540	349	
8541	383	
8542	377	
8543	360	
8544	376	
8545	986	
8547	345	
8548	371	
8549	383	
8550	594	
8552	382	
8553	372	
8554	396	
8555	374	
8556	375	
8557	372	
8558	368	
8559	386	
8560	340	
8561	367	
8562	365	
8563	346	
8564	341	
8565	991	
8567	364	
8568	339	
8569	363	
8570	359	
8571	365	
8572	372	
8573	367	
8574	368	
8575	394	
8576	343	
8577	366	
8578	366	
8579	456	
8580	349	
8581	346	
8582	367	
8583	465	
8584	408	
8585	1016	
8587	474	
8588	398	
8589	370	
8590	369	
8591	441	
8592	371	
8593	379	
8594	376	
8595	621	
8596	382	
8597	358	
8598	375	
8599	375	
8600	703	
8602	764	
8603	377	
8604	365	
8605	931	
8607	374	
8608	385	
8609	343	
8610	337	
8611	807	
8612	430	
8613	357	
8614	342	
8615	365	
8616	635	
8617	377	
8618	373	
8619	370	
8620	273	
8621	270	
8622	282	
8623	308	
8624	306	
8625	950	
8627	374	
8628	374	
8629	367	
8630	361	
8631	369	
8632	368	
8633	379	
8634	385	
8635	461	
8636	399	
8637	382	
8638	344	
8639	344	
8640	456	
8641	347	
8642	342	
8643	359	
8644	365	
8645	1597	
8647	363	
8648	370	
8649	1079	
8650	373	
8651	368	
8652	368	
8653	357	
8654	337	
8655	369	
8656	369	
8657	378	
8658	396	
8659	1061	
8660	369	
8661	375	
8662	352	
8663	342	
8664	377	
8665	987	
8667	376	
8668	372	
8669	403	
8670	344	
8671	746	
8672	370	
8673	396	
8674	340	
8675	333	
8676	731	
8677	392	
8678	342	
8679	335	
8680	367	
8681	392	
8682	349	
8683	366	
8684	367	
8685	978	
8687	339	
8688	368	
8689	366	
8690	357	
8691	353	
8692	337	
8693	367	
8694	368	
8695	340	
8696	339	
8697	365	
8698	367	
8699	354	
8700	374	
8701	367	
8702	367	
8703	353	
8704	367	
8705	1014	
8707	404	
8708	362	
8709	368	
8710	368	
8711	427	
8712	340	
8713	368	
8714	431	
8715	373	
8716	367	
8717	381	
8718	400	
8719	409	
8720	347	
8721	390	
8722	406	
8723	628	
8724	356	
8725	993	
8727	283	
8728	314	
8729	297	
8730	321	
8731	670	
8732	304	
8733	299	
8734	302	
8735	315	
8736	300	
8737	268	
8738	367	
8739	376	
8740	355	
8741	348	
8742	373	
8743	436	
8744	347	
8745	984	
8747	565	
8748	594	
8749	371	
8750	373	
8751	485	
8752	346	
8753	342	
8754	370	
8755	482	
8756	375	
8757	345	
8758	366	
8759	439	
8760	364	
8761	357	
8762	369	
8763	367	
8764	389	
8765	1020	
8767	375	
8768	375	
8769	338	
8770	374	
8771	370	
8772	365	
8773	370	
8774	365	
8775	389	
8776	362	
8777	347	
8778	384	
8779	375	
8780	353	
8781	376	
8782	374	
8783	384	
8784	374	
8785	1000	
8787	376	
8788	352	
8789	345	
8790	348	
8791	371	
8792	370	
8793	355	
8794	340	
8795	380	
8796	384	
8797	342	
8798	368	
8799	367	
8800	382	
8801	343	
8802	339	
8803	379	
8804	368	
8805	958	
8807	340	
8808	730	
8809	1145	
8810	347	
8811	338	
8812	368	
8813	379	
8814	342	
8815	354	
8816	368	
8817	369	
8818	339	
8819	1708	
8821	373	
8822	374	
8823	367	
8824	365	
8825	986	
8827	380	
8828	374	
8829	371	
8830	407	
8831	369	
8832	384	
8833	394	
8834	435	
8835	360	
8836	375	
8837	406	
8838	411	
8839	354	
8840	369	
8841	399	
8842	402	
8843	348	
8844	403	
8845	1024	
8847	387	
8848	376	
8849	383	
8850	356	
8851	744	
8852	384	
8853	373	
8854	338	
8855	336	
8856	366	
8857	368	
8858	366	
8859	343	
8860	353	
8861	378	
8862	339	
8863	370	
8864	366	
8865	989	
8867	358	
8868	343	
8869	679	
8870	348	
8871	348	
8872	342	
8873	357	
8874	371	
8875	376	
8876	383	
8877	330	
8878	364	
8879	372	
8880	384	
8881	570	
8882	381	
8883	412	
8884	343	
8885	976	
8887	372	
8888	375	
8889	347	
8890	374	
8891	372	
8892	371	
8893	371	
8894	339	
8895	341	
8896	368	
8897	338	
8898	343	
8899	336	
8900	388	
8901	337	
8902	371	
8903	365	
8904	366	
8905	961	
8907	339	
8908	371	
8909	367	
8910	341	
8911	336	
8912	366	
8913	366	
8914	347	
8915	355	
8916	366	
8917	365	
8918	353	
8919	347	
8920	377	
8921	373	
8922	408	
8923	371	
8924	355	
8925	1102	
8927	378	
8928	376	
8929	373	
8930	398	
8931	367	
8932	366	
8933	379	
8934	354	
8935	382	
8936	439	
8937	398	
8938	379	
8939	375	
8940	379	
8941	738	
8942	374	
8943	363	
8944	373	
8945	1007	
8947	402	
8948	351	
8949	374	
8950	461	
8951	603	
8952	329	
8953	309	
8954	315	
8955	333	
8956	349	
8957	379	
8958	408	
8959	376	
8960	341	
8961	369	
8962	382	
8963	373	
8964	345	
8965	1044	
8967	368	
8968	377	
8969	1169	
8970	368	
8971	380	
8972	343	
8973	368	
8974	368	
8975	372	
8976	337	
8977	349	
8978	375	
8979	1162	
8980	350	
8981	349	
8982	371	
8983	406	
8984	393	
8985	999	
8987	387	
8988	348	
8989	367	
8990	376	
8991	360	
8992	343	
8993	344	
8994	376	
8995	392	
8996	373	
8997	350	
8998	374	
8999	385	
9000	352	
9001	373	
9002	375	
9003	379	
9004	345	
9005	971	
9007	378	
9008	372	
9009	378	
9010	377	
9011	374	
9012	370	
9013	335	
9014	367	
9015	370	
9016	679	
9017	377	
9018	373	
9019	368	
9020	369	
9021	342	
9022	368	
9023	368	
9024	338	
9025	996	
9027	374	
9028	382	
9029	352	
9030	377	
9031	370	
9032	368	
9033	3194	
9037	405	
9038	373	
9039	373	
9040	344	
9041	343	
9042	346	
9043	378	
9044	373	
9045	974	
9047	557	
9048	426	
9049	359	
9050	373	
9051	738	
9052	308	
9053	353	
9054	345	
9055	304	
9056	315	
9057	301	
9058	276	
9059	292	
9060	295	
9061	615	
9062	269	
9063	292	
9064	294	
9065	1187	
9067	371	
9068	598	
9069	372	
9070	361	
9071	369	
9072	368	
9073	348	
9074	338	
9075	338	
9076	367	
9077	370	
9078	338	
9079	346	
9080	372	
9081	488	
9082	451	
9083	366	
9084	367	
9085	951	
9087	353	
9088	366	
9089	359	
9090	341	
9091	375	
9092	377	
9093	363	
9094	353	
9095	341	
9096	372	
9097	372	
9098	342	
9099	378	
9100	367	
9101	769	
9102	342	
9103	336	
9104	373	
9105	993	
9107	344	
9108	375	
9109	367	
9110	337	
9111	334	
9112	366	
9113	369	
9114	348	
9115	367	
9116	371	
9117	365	
9118	370	
9119	335	
9120	353	
9121	366	
9122	376	
9123	338	
9124	349	
9125	986	
9127	345	
9128	346	
9129	1169	
9130	359	
9131	355	
9132	384	
9133	367	
9134	362	
9135	346	
9136	357	
9137	364	
9138	364	
9139	1048	
9140	341	
9141	374	
9142	365	
9143	370	
9144	359	
9145	1047	
9147	379	
9148	389	
9149	377	
9150	387	
9151	756	
9152	341	
9153	373	
9154	371	
9155	370	
9156	340	
9157	372	
9158	367	
9159	356	
9160	353	
9161	379	
9162	386	
9163	358	
9164	379	
9165	930	
9167	295	
9168	284	
9169	305	
9170	305	
9171	276	
9172	289	
9173	279	
9174	303	
9175	304	
9176	357	
9177	356	
9178	378	
9179	379	
9180	392	
9181	379	
9182	379	
9183	385	
9184	366	
9185	996	
9187	376	
9188	360	
9189	384	
9190	382	
9191	379	
9192	368	
9193	373	
9194	385	
9195	925	
9197	399	
9198	386	
9199	380	
9200	350	
9201	352	
9202	390	
9203	390	
9204	771	
9205	1068	
9207	394	
9208	390	
9209	343	
9210	380	
9211	379	
9212	363	
9213	374	
9214	372	
9215	385	
9216	346	
9217	373	
9218	340	
9219	375	
9220	368	
9221	344	
9222	352	
9223	380	
9224	389	
9225	925	
9227	378	
9228	378	
9229	348	
9230	381	
9231	395	
9232	551	
9233	361	
9234	381	
9235	385	
9236	381	
9237	352	
9238	336	
9239	358	
9240	385	
9241	393	
9242	356	
9243	374	
9244	392	
9245	956	
9247	375	
9248	380	
9249	381	
9250	339	
9251	379	
9252	378	
9253	380	
9254	351	
9255	370	
9256	372	
9257	347	
9258	349	
9259	381	
9260	389	
9261	867	
9262	355	
9263	344	
9264	377	
9265	1695	
9267	384	
9268	372	
9269	378	
9270	342	
9271	338	
9272	365	
9273	386	
9274	340	
9275	266	
9276	293	
9277	337	
9278	416	
9279	306	
9280	301	
9281	307	
9282	287	
9283	275	
9284	305	
9285	1023	
9287	365	
9288	376	
9289	1268	
9290	546	
9291	350	
9292	357	
9293	422	
9294	371	
9295	401	
9296	382	
9297	376	
9298	442	
9299	1101	
9300	383	
9301	385	
9302	382	
9303	350	
9304	371	
9305	994	
9307	353	
9308	376	
9309	374	
9310	609	
9312	379	
9313	371	
9314	383	
9315	369	
9316	337	
9317	366	
9318	336	
9319	340	
9320	368	
9321	367	
9322	368	
9323	337	
9324	334	
9325	1004	
9327	354	
9328	375	
9329	372	
9330	384	
9331	348	
9332	338	
9333	371	
9334	371	
9335	366	
9336	336	
9337	365	
9338	366	
9339	339	
9340	340	
9341	352	
9342	369	
9343	370	
9344	345	
9345	986	
9347	375	
9348	362	
9349	361	
9350	375	
9351	372	
9352	364	
9353	368	
9354	372	
9355	345	
9356	342	
9357	377	
9358	378	
9359	356	
9360	398	
9361	381	
9362	390	
9363	571	
9364	597	
9365	959	
9367	755	
9368	344	
9369	340	
9370	367	
9371	370	
9372	344	
9373	339	
9374	370	
9375	373	
9376	342	
9377	369	
9378	366	
9379	397	
9380	352	
9381	350	
9382	368	
9383	425	
9384	405	
9385	980	
9387	369	
9388	347	
9389	363	
9390	418	
9391	374	
9392	387	
9393	348	
9394	370	
9395	362	
9396	358	
9397	349	
9398	351	
9399	394	
9400	371	
9401	380	
9402	386	
9403	369	
9404	403	
9405	933	
9407	374	
9408	411	
9409	420	
9410	421	
9411	380	
9412	383	
9413	406	
9414	364	
9415	370	
9416	411	
9417	396	
9418	354	
9419	371	
9420	478	
9421	363	
9422	347	
9423	377	
9424	385	
9425	1069	
9427	385	
9428	416	
9429	375	
9430	499	
9431	709	
9432	366	
9433	370	
9434	336	
9435	334	
9436	367	
9437	367	
9438	337	
9439	368	
9440	558	
9441	716	
9442	339	
9443	367	
9444	366	
9445	974	
9447	337	
9448	368	
9449	1149	
9450	378	
9451	367	
9452	368	
9453	372	
9454	353	
9455	361	
9456	368	
9457	368	
9458	353	
9459	1121	
9460	374	
9461	374	
9462	379	
9463	364	
9464	357	
9465	1005	
9467	341	
9468	379	
9469	378	
9470	380	
9471	710	
9472	374	
9473	386	
9474	344	
9475	373	
9476	371	
9477	371	
9478	344	
9479	370	
9480	368	
9481	743	
9482	370	
9483	342	
9484	339	
9485	987	
9487	358	
9488	339	
9489	368	
9490	353	
9491	357	
9492	371	
9493	368	
9494	370	
9495	347	
9496	344	
9497	372	
9498	371	
9499	373	
9500	366	
9501	296	
9502	297	
9503	276	
9504	272	
9505	954	
9507	344	
9508	351	
9509	369	
9510	378	
9511	372	
9512	380	
9513	345	
9514	375	
9515	344	
9516	346	
9517	374	
9518	376	
9519	386	
9520	342	
9521	364	
9522	370	
9523	357	
9524	343	
9525	994	
9527	360	
9528	348	
9529	372	
9530	367	
9531	372	
9532	348	
9533	341	
9534	373	
9535	371	
9536	373	
9537	370	
9538	371	
9539	371	
9540	340	
9541	735	
9542	369	
9543	369	
9544	342	
9545	947	
9547	369	
9548	371	
9549	335	
9550	371	
9551	724	
9552	334	
9553	336	
9554	366	
9555	366	
9556	339	
9557	342	
9558	334	
9559	368	
9560	368	
9561	366	
9562	375	
9563	376	
9564	524	
9565	971	
9567	382	
9568	494	
9569	383	
9570	382	
9571	377	
9572	388	
9573	373	
9574	376	
9575	380	
9576	374	
9577	363	
9578	376	
9579	374	
9580	522	
9581	365	
9582	381	
9583	384	
9584	368	
9585	1145	
9587	1058	
9589	394	
9590	1014	
9592	389	
9593	359	
9594	350	
9595	377	
9596	379	
9597	399	
9598	392	
9599	736	
9600	384	
9601	338	
9602	339	
9603	368	
9604	715	
9605	909	
9607	296	
9608	580	
9609	1097	
9610	974	
9612	294	
9613	293	
9614	272	
9615	277	
9616	293	
9617	297	
9618	343	
9619	1100	
9620	384	
9621	368	
9622	345	
9623	849	
9624	369	
9625	945	
9627	357	
9628	368	
9629	370	
9630	705	
9632	376	
9633	366	
9634	383	
9635	373	
9636	374	
9637	383	
9638	373	
9639	374	
9640	371	
9641	377	
9642	356	
9643	1213	
9645	992	
9647	344	
9648	865	
9649	372	
9650	905	
9652	372	
9653	370	
9654	336	
9655	339	
9656	338	
9657	368	
9658	368	
9659	698	
9660	705	
9662	368	
9663	676	
9664	338	
9665	978	
9667	1319	
9669	693	
9670	373	
9671	346	
9672	715	
9673	895	
9674	378	
9675	653	
9676	837	
9677	1011	
9679	354	
9680	341	
9681	350	
9682	727	
9683	401	
9684	366	
9685	1002	
9687	1048	
9689	375	
9690	810	
9692	352	
9693	382	
9694	441	
9695	355	
9696	375	
9697	388	
9698	887	
9699	659	
9700	340	
9701	372	
9702	376	
9703	804	
9704	340	
9705	999	
9707	1091	
9709	391	
9710	371	
9711	754	
9712	689	
9713	367	
9714	371	
9715	744	
9716	703	
9717	879	
9718	293	
9719	302	
9720	680	
9721	296	
9722	292	
9723	826	
9724	273	
9725	963	
9727	334	
9728	702	
9729	672	
9730	368	
9731	405	
9732	388	
9733	356	
9734	367	
9735	400	
9736	430	
9737	346	
9738	585	
9739	368	
9740	418	
9741	367	
9742	356	
9743	381	
9744	356	
9745	1003	
9747	372	
9748	379	
9749	658	
9750	369	
9751	371	
9752	435	
9753	357	
9754	387	
9755	728	
9756	392	
9757	432	
9758	812	
9759	373	
9760	355	
9761	352	
9762	351	
9763	880	
9764	701	
9765	1055	
9767	388	
9768	791	
9769	1265	
9770	710	
9772	450	
9773	384	
9774	1626	
9776	391	
9777	417	
9778	342	
9779	2098	
9782	683	
9783	369	
9784	368	
9785	960	
9787	1465	
9789	679	
9790	660	
9792	731	
9793	993	
9795	722	
9796	368	
9797	438	
9798	2009	
9800	375	
9801	367	
9802	4376	
9807	405	
9808	351	
9809	369	
9810	970	
9812	341	
9813	338	
9814	392	
9815	374	
9816	369	
9817	368	
9818	345	
9819	709	
9820	389	
9821	712	
9822	712	
9823	378	
9824	337	
9825	919	
9827	1554	
9829	271	
9830	653	
9832	767	
9833	298	
9834	299	
9835	305	
9836	338	
9837	283	
9838	305	
9839	379	
9840	351	
9841	408	
9842	392	
9843	385	
9844	379	
9845	1044	
9847	387	
9848	1369	
9850	940	
9852	388	
9853	401	
9854	349	
9855	375	
9856	377	
9857	1181	
9859	380	
9860	378	
9861	402	
9862	375	
9863	898	
9864	377	
9865	1062	
9867	982	
9869	352	
9870	383	
9871	367	
9872	380	
9873	356	
9874	349	
9875	373	
9876	368	
9877	354	
9878	348	
9879	350	
9880	382	
9881	537	
9882	491	
9883	370	
9884	370	
9885	999	
9887	373	
9888	369	
9889	361	
9890	677	
9891	370	
9892	380	
9893	794	
9894	439	
9895	347	
9896	373	
9897	408	
9898	390	
9899	663	
9900	368	
9901	403	
9902	422	
9903	342	
9904	371	
9905	1026	
9907	352	
9908	371	
9909	410	
9910	397	
9911	392	
9912	368	
9913	368	
9914	379	
9915	344	
9916	370	
9917	367	
9918	357	
9919	371	
9920	346	
9921	376	
9922	402	
9923	346	
9924	368	
9925	1006	
9927	390	
9928	369	
9929	1201	
9930	390	
9931	361	
9932	336	
9933	368	
9934	393	
9935	395	
9936	347	
9937	369	
9938	404	
9939	1106	
9940	379	
9941	384	
9942	370	
9943	393	
9944	384	
9945	1007	
9947	447	
9948	346	
9949	379	
9950	390	
9951	437	
9952	388	
9953	351	
9954	390	
9955	379	
9956	460	
9957	384	
9958	380	
9959	382	
9960	369	
9961	740	
9962	370	
9963	373	
9964	357	
9965	1000	
9967	350	
9968	352	
9969	340	
9970	370	
9971	711	
9972	336	
9973	367	
9974	366	
9975	334	
9976	336	
9977	336	
9978	367	
9979	369	
9980	362	
9981	367	
9982	367	
9983	367	
9984	329	
9985	985	
9987	371	
9988	908	
9989	338	
9990	372	
9991	365	
9992	370	
9993	335	
9994	342	
9995	368	
9996	356	
9997	653	
9998	692	
9999	366	
10000	374	
10001	368	
10002	340	
10003	366	
10004	342	
10005	1236	
10007	716	
10008	359	
10009	339	
10010	724	
10012	376	
10013	359	
10014	372	
10015	371	
10016	810	
10017	383	
10018	391	
10019	388	
10020	375	
10021	744	
10022	376	
10023	378	
10024	376	
10025	1064	
10027	382	
10028	720	
10029	375	
10030	352	
10031	373	
10032	373	
10033	343	
10034	339	
10035	378	
10036	374	
10037	357	
10038	349	
10039	372	
10040	383	
10041	341	
10042	420	
10043	378	
10044	383	
10045	1018	
10047	362	
10048	763	
10049	411	
10050	349	
10051	273	
10052	294	
10053	312	
10054	297	
10055	300	
10056	295	
10057	655	
10058	660	
10059	398	
10060	379	
10061	445	
10062	387	
10063	374	
10064	372	
10065	1307	
10067	398	
10068	373	
10069	1137	
10070	352	
10071	395	
10072	370	
10073	814	
10074	749	
10075	339	
10076	727	
10077	828	
10078	750	
10079	958	
10080	712	
10082	387	
10083	666	
10084	712	
10085	1085	
10087	670	
10088	1135	
10090	731	
10092	876	
10093	1330	
10095	730	
10096	724	
10097	711	
10098	697	
10099	1382	
10101	757	
10102	982	
10104	1048	
10105	1336	
10107	742	
10108	1128	
10110	740	
10112	688	
10113	717	
10114	799	
10115	688	
10116	700	
10117	718	
10118	776	
10119	968	
10120	728	
10122	888	
10123	731	
10124	668	
10125	1350	
10127	380	
10128	1087	
10130	854	
10132	663	
10133	728	
10134	727	
10135	690	
10136	679	
10137	719	
10138	754	
10139	1006	
10140	655	
10142	1124	
10144	687	
10145	1321	
10147	784	
10148	1173	
10150	840	
10152	671	
10153	684	
10154	646	
10155	804	
10157	832	
10158	1075	
10160	671	
10161	624	
10162	637	
10163	659	
10164	666	
10165	1192	
10167	657	
10168	1043	
10170	382	
10171	674	
10172	663	
10173	728	
10174	726	
10175	725	
10176	717	
10177	690	
10178	710	
10179	1021	
10180	697	
10182	721	
10183	377	
10184	660	
10185	1321	
10187	754	
10188	1187	
10190	998	
10192	682	
10193	668	
10194	665	
10195	374	
10196	683	
10197	729	
10198	717	
10199	1039	
10200	705	
10201	668	
10202	689	
10203	371	
10204	739	
10205	932	
10207	1070	
10209	383	
10210	392	
10211	373	
10212	372	
10213	370	
10214	374	
10215	371	
10216	370	
10217	347	
10218	356	
10219	368	
10220	378	
10221	367	
10222	346	
10223	363	
10224	373	
10225	951	
10227	373	
10228	715	
10229	364	
10230	344	
10231	385	
10232	371	
10233	351	
10234	343	
10235	372	
10236	370	
10237	342	
10238	373	
10239	371	
0	367	
1	735	
2	337	
3	337	
4	369	
5	1031	
7	346	
8	377	
9	1201	
10	358	
11	347	
12	370	
13	369	
14	371	
15	367	
16	368	
17	366	
18	976	
19	1182	
20	385	
21	408	
22	356	
23	349	
24	349	
25	999	
27	360	
28	687	
29	374	
30	293	
31	273	
32	268	
33	294	
34	294	
35	289	
36	296	
37	299	
38	299	
39	307	
40	309	
41	302	
42	364	
43	345	
44	363	
45	1005	
47	390	
48	376	
49	382	
50	372	
51	359	
52	344	
53	380	
54	370	
55	379	
56	345	
57	373	
58	420	
59	344	
60	339	
61	737	
62	396	
63	348	
64	342	
65	992	
67	380	
68	344	
69	366	
70	388	
71	700	
72	341	
73	337	
74	367	
75	378	
76	366	
77	369	
78	370	
79	371	
80	349	
81	337	
82	375	
83	374	
84	352	
85	997	
87	371	
88	339	
89	333	
90	372	
91	403	
92	347	
93	345	
94	366	
95	368	
96	370	
97	367	
98	365	
99	393	
100	349	
101	339	
102	349	
103	388	
104	371	
105	906	
107	376	
108	355	
109	347	
110	371	
111	482	
112	817	
113	380	
114	381	
115	373	
116	396	
117	362	
118	378	
119	373	
120	341	
121	355	
122	344	
123	378	
124	351	
125	982	
127	768	
128	715	
129	371	
130	437	
131	643	
132	377	
133	356	
134	373	
135	371	
136	376	
137	350	
138	345	
139	372	
140	370	
141	349	
142	365	
143	367	
144	393	
145	996	
147	378	
148	373	
149	350	
150	359	
151	363	
152	376	
153	386	
154	376	
155	389	
156	373	
157	380	
158	343	
159	365	
160	379	
161	376	
162	353	
163	353	
164	374	
165	1045	
167	378	
168	371	
169	1078	
170	342	
171	370	
172	373	
173	374	
174	352	
175	374	
176	579	
177	382	
178	351	
179	1073	
180	372	
181	377	
182	396	
183	342	
184	372	
185	1334	
187	340	
188	369	
189	369	
190	365	
191	345	
192	337	
193	368	
194	383	
195	370	
196	367	
197	368	
198	349	
199	4154	
204	385	
205	1246	
207	348	
208	341	
209	370	
210	367	
211	362	
212	356	
213	373	
214	373	
215	352	
216	363	
217	370	
218	378	
219	377	
220	340	
221	380	
222	381	
223	370	
224	384	
225	1007	
227	364	
228	351	
229	381	
230	376	
231	941	
232	350	
233	376	
234	374	
235	338	
236	343	
237	378	
238	373	
239	342	
240	338	
241	730	
242	424	
243	376	
244	334	
245	965	
247	343	
248	662	
249	367	
250	367	
251	366	
252	368	
253	334	
254	365	
255	367	
256	337	
257	333	
258	375	
259	368	
260	369	
261	274	
262	299	
263	297	
264	270	
265	972	
267	299	
268	360	
269	276	
270	298	
271	371	
272	361	
273	372	
274	372	
275	376	
276	378	
277	372	
278	377	
279	377	
280	393	
281	372	
282	372	
283	370	
284	523	
285	940	
287	376	
288	350	
289	348	
290	370	
291	373	
292	387	
293	382	
294	339	
295	367	
296	360	
297	342	
298	336	
299	367	
300	375	
301	691	
302	346	
303	375	
304	378	
305	992	
307	368	
308	373	
309	714	
310	370	
311	366	
312	374	
313	390	
314	337	
315	368	
316	378	
317	339	
318	343	
319	340	
320	383	
321	373	
322	370	
323	381	
324	374	
325	965	
327	354	
328	368	
329	1096	
330	374	
331	368	
332	368	
333	359	
334	3538	
338	402	
339	1150	
340	375	
341	796	
342	375	
343	375	
344	387	
345	980	
347	389	
348	381	
349	373	
350	369	
351	762	
352	374	
353	372	
354	363	
355	344	
356	367	
357	370	
358	368	
359	366	
360	370	
361	370	
362	377	
363	342	
364	369	
365	1398	
367	349	
368	372	
369	372	
370	380	
371	295	
372	270	
373	295	
374	298	
375	1950	
378	302	
379	404	
380	298	
381	368	
382	365	
383	337	
384	357	
385	2671	
388	360	
389	388	
390	721	
392	369	
393	377	
394	381	
395	348	
396	3928	
400	642	
401	704	
402	709	
403	805	
404	644	
405	1340	
407	1268	
409	713	
410	714	
412	666	
413	1642	
415	1245	
417	1086	
419	375	
420	886	
422	993	
424	382	
425	1319	
427	1822	
429	369	
430	376	
432	356	
433	882	
434	372	
435	359	
436	376	
437	1045	
439	620	
440	347	
441	349	
442	367	
443	375	
444	361	
445	946	
447	383	
448	380	
449	366	
450	1141	
452	359	
453	413	
454	383	
455	412	
456	384	
457	384	
458	387	
459	1194	
460	749	
462	727	
463	896	
464	741	
465	1232	
467	1067	
469	671	
470	713	
472	730	
473	911	
474	1287	
476	728	
477	1136	
479	1159	
480	1151	
482	1788	
484	1236	
486	802	
487	985	
489	1894	
491	1132	
493	1483	
495	1324	
497	1154	
499	1190	
500	750	
502	692	
503	890	
504	404	
505	939	
507	1039	
509	739	
510	1140	
512	388	
513	386	
514	356	
515	349	
516	385	
517	386	
518	347	
519	711	
520	710	
522	668	
523	826	
524	708	
525	1287	
527	1081	
529	1501	
531	980	
532	765	
533	1538	
535	684	
536	724	
537	1019	
539	386	
540	1444	
542	1211	
544	755	
545	2631	
548	870	
549	791	
550	1050	
552	1053	
554	799	
555	719	
556	1784	
558	898	
559	683	
560	1130	
562	1032	
564	720	
565	1641	
567	367	
568	896	
569	676	
570	955	
572	774	
573	1116	
575	1169	
577	377	
578	372	
579	335	
580	373	
581	693	
582	375	
583	489	
584	368	
585	1023	
587	1011	
589	663	
590	650	
592	712	
593	354	
594	343	
595	370	
596	370	
597	4256	
602	350	
603	1906	
605	1022	
607	1050	
609	4206	
614	369	
615	748	
616	380	
617	1008	
619	349	
620	742	
622	354	
623	4226	
628	397	
629	388	
630	1426	
632	1541	
634	385	
635	360	
636	712	
637	4279	
642	718	
643	348	
644	377	
645	1356	
647	1093	
649	1920	
651	1876	
653	883	
654	759	
655	673	
656	719	
657	1134	
659	1422	
661	748	
662	726	
663	888	
664	654	
665	1359	
667	996	
669	377	
670	436	
671	351	
672	348	
673	372	
674	709	
675	672	
676	339	
677	337	
678	366	
679	341	
680	343	
681	354	
682	973	
683	828	
684	642	
685	985	
687	364	
688	464	
689	377	
690	1195	
692	413	
693	386	
694	373	
695	417	
696	671	
697	393	
698	387	
699	351	
700	362	
701	349	
702	378	
703	797	
704	672	
705	1021	
707	389	
708	352	
709	344	
710	888	
712	337	
713	347	
714	370	
715	377	
716	347	
717	335	
718	366	
719	378	
720	372	
721	418	
722	379	
723	391	
724	372	
725	981	
727	369	
728	582	
729	348	
730	729	
732	431	
733	350	
734	344	
735	367	
736	684	
737	418	
738	357	
739	368	
740	357	
741	585	
742	471	
743	372	
744	373	
745	952	
747	378	
748	362	
749	354	
750	1080	
752	386	
753	368	
754	721	
755	374	
756	371	
757	394	
758	350	
759	384	
760	339	
761	373	
762	388	
763	375	
764	373	
765	939	
767	377	
768	375	
769	367	
770	347	
771	752	
772	371	
773	372	
774	373	
775	337	
776	370	
777	338	
778	341	
779	346	
780	369	
781	380	
782	349	
783	834	
784	698	
785	1273	
787	343	
788	370	
789	389	
790	361	
791	340	
792	375	
793	371	
794	351	
795	372	
796	371	
797	370	
798	821	
799	343	
800	387	
801	369	
802	364	
803	373	
804	377	
805	1025	
807	357	
808	390	
809	1151	
810	733	
812	299	
813	804	
814	291	
815	276	
816	301	
817	302	
818	284	
819	977	
820	654	
822	285	
823	886	
824	731	
825	974	
827	400	
828	388	
829	300	
830	415	
831	368	
832	346	
833	369	
834	696	
835	344	
836	341	
837	374	
838	397	
839	337	
840	370	
841	1939	
843	374	
844	355	
845	983	
847	385	
848	2456	
851	389	
852	370	
853	371	
854	370	
855	4043	
860	382	
861	3017	
864	361	
865	1026	
867	4069	
871	733	
872	4178	
877	372	
878	1503	
880	2969	
884	381	
885	1085	
887	455	
888	879	
889	364	
890	985	
892	389	
893	367	
894	378	
895	370	
896	555	
897	374	
898	383	
899	374	
900	359	
901	740	
902	381	
903	391	
904	366	
905	997	
907	1157	
909	715	
910	748	
912	509	
913	1291	
915	855	
917	396	
918	347	
919	375	
920	317	
921	660	
922	303	
923	302	
924	359	
925	903	
927	303	
928	345	
929	286	
930	651	
931	374	
932	416	
933	362	
934	345	
935	376	
936	383	
937	356	
938	343	
939	971	
940	420	
941	351	
942	360	
943	373	
944	379	
945	1038	
947	1038	
949	468	
950	380	
951	381	
952	386	
953	371	
954	346	
955	736	
956	708	
957	1177	
959	396	
960	385	
961	846	
962	3195	
965	926	
967	378	
968	384	
969	1203	
970	710	
972	376	
973	377	
974	349	
975	355	
976	374	
977	377	
978	357	
979	3031	
982	449	
983	347	
984	368	
985	2324	
988	373	
989	381	
990	675	
992	372	
993	3858	
997	508	
998	407	
999	4222	
1004	874	
1005	1114	
1007	4159	
1012	489	
1013	3803	
1017	379	
1018	369	
1019	377	
1020	683	
1022	698	
1023	374	
1024	374	
1025	1028	
1027	383	
1028	1877	
1030	691	
1032	3725	
1036	3588	
1040	403	
1041	375	
1042	368	
1043	361	
1044	343	
1045	992	
1047	3938	
1051	1644	
1053	4167	
1058	462	
1059	4118	
1064	356	
1065	1232	
1067	356	
1068	2812	
1071	357	
1072	4597	
1076	348	
1077	4347	
1082	381	
1083	413	
1084	369	
1085	991	
1087	1095	
1089	722	
1090	1683	
1093	390	
1094	3642	
1098	384	
1099	412	
1100	354	
1101	359	
1102	734	
1103	353	
1104	1150	
1105	1306	
1107	1476	
1109	665	
1110	1141	
1112	941	
1113	1264	
1115	1049	
1117	372	
1118	337	
1119	369	
1120	4578	
1124	355	
1125	1360	
1126	463	
1127	354	
1128	834	
1129	1322	
1130	718	
1132	368	
1133	366	
1134	367	
1135	692	
1136	368	
1137	367	
1138	369	
1139	1357	
1141	374	
1142	372	
1143	360	
1144	368	
1145	985	
1147	932	
1148	861	
1149	379	
1150	345	
1151	347	
1152	543	
1153	374	
1154	377	
1155	707	
1156	370	
1157	374	
1158	816	
1159	347	
1160	337	
1161	735	
1162	766	
1163	378	
1164	709	
1165	989	
1167	345	
1168	812	
1169	368	
1170	1033	
1172	338	
1173	367	
1174	696	
1175	367	
1176	338	
1177	367	
1178	367	
1179	579	
1180	349	
1181	369	
1182	368	
1183	575	
1184	370	
1185	1402	
1187	399	
1188	353	
1189	353	
1190	378	
1191	368	
1192	355	
1193	375	
1194	375	
1195	349	
1196	346	
1197	371	
1198	375	
1199	364	
1200	354	
1201	383	
1202	378	
1203	361	
1204	405	
1205	976	
1207	374	
1208	375	
1209	355	
1210	371	
1211	375	
1212	344	
1213	344	
1214	373	
1215	371	
1216	721	
1217	336	
1218	366	
1219	370	
1220	340	
1221	334	
1222	721	
1223	368	
1224	337	
1225	982	
1227	371	
1228	599	
1229	368	
1230	719	
1232	404	
1233	346	
1234	356	
1235	375	
1236	375	
1237	347	
1238	362	
1239	728	
1240	669	
1241	364	
1242	367	
1243	366	
1244	358	
1245	914	
1247	1502	
1249	692	
1250	503	
1251	496	
1252	1301	
1254	728	
1255	721	
1256	371	
1257	352	
1258	354	
1259	680	
1260	385	
1261	476	
1262	453	
1263	494	
1264	491	
1265	1050	
1267	372	
1268	369	
1269	378	
1270	736	
1272	375	
1273	344	
1274	343	
1275	375	
1276	374	
1277	342	
1278	358	
1279	708	
1280	390	
1281	380	
1282	363	
1283	380	
1284	379	
1285	992	
1287	1053	
1289	3050	
1293	4278	
1296	388	
1297	4766	
1302	414	
1303	383	
1304	385	
1305	1050	
1307	4547	
1312	383	
1313	353	
1314	363	
1315	379	
1316	732	
1317	378	
1318	353	
1319	975	
1320	694	
1321	675	
1322	730	
1323	1626	
1325	1461	
1327	4344	
1332	1634	
1334	668	
1335	703	
1336	696	
1337	971	
1338	355	
1339	385	
1340	377	
1341	781	
1342	347	
1343	373	
1344	380	
1345	952	
1347	705	
1348	374	
1349	1582	
1351	346	
1352	373	
1353	343	
1354	344	
1355	341	
1356	372	
1357	374	
1358	347	
1359	340	
1360	374	
1361	298	
1362	276	
1363	271	
1364	371	
1365	884	
1367	4483	
1372	343	
1373	378	
1374	386	
1375	364	
1376	367	
1377	375	
1378	3841	
1382	4168	
1387	361	
1388	386	
1389	374	
1390	818	
1392	375	
1393	372	
1394	343	
1395	340	
1396	706	
1397	373	
1398	374	
1399	706	
1400	337	
1401	368	
1402	334	
1403	340	
1404	339	
1405	1005	
1407	344	
1408	339	
1409	368	
1410	693	
1412	4269	
1417	377	
1418	379	
1419	353	
1420	379	
1421	501	
1422	493	
1423	495	
1424	452	
1425	1308	
1427	499	
1428	475	
1429	489	
1430	498	
1431	483	
1432	448	
1433	478	
1434	494	
1435	463	
1436	488	
1437	492	
1438	548	
1439	452	
1440	343	
1441	369	
1442	369	
1443	356	
1444	338	
1445	989	
1447	375	
1448	880	
1449	1169	
1450	1570	
1452	358	
1453	384	
1454	400	
1455	385	
1456	354	
1457	358	
1458	388	
1459	1137	
1460	425	
1461	389	
1462	386	
1463	395	
1464	388	
1465	1037	
1467	309	
1468	308	
1469	280	
1470	310	
1471	311	
1472	279	
1473	280	
1474	282	
1475	308	
1476	282	
1477	351	
1478	3802	
1482	362	
1483	386	
1484	485	
1485	1055	
1487	379	
1488	306	
1489	357	
1490	390	
1491	310	
1492	381	
1493	351	
1494	378	
1495	388	
1496	386	
1497	419	
1498	529	
1499	404	
1500	352	
1501	412	
1502	391	
1503	376	
1504	401	
1505	977	
1507	379	
1508	396	
1509	402	
1510	362	
1511	744	
1512	396	
1513	409	
1514	354	
1515	382	
1516	371	
1517	389	
1518	347	
1519	368	
1520	589	
1521	701	
1522	379	
1523	338	
1524	370	
1525	1063	
1527	380	
1528	369	
1529	384	
1530	356	
1531	346	
1532	388	
1533	401	
1534	359	
1535	357	
1536	378	
1537	381	
1538	4310	
1542	911	
1543	400	
1544	811	
1545	1328	
1547	592	
1548	4371	
1553	507	
1554	449	
1555	4521	
1560	4458	
1565	1138	
1567	414	
1568	415	
1569	4155	
1574	383	
1575	4023	
1580	330	
1581	276	
1582	308	
1583	307	
1584	295	
1585	966	
1587	4075	
1592	358	
1593	394	
1594	362	
1595	366	
1596	369	
1597	354	
1598	339	
1599	368	
1600	373	
1601	741	
1602	338	
1603	4145	
1608	375	
1609	1356	
1611	379	
1612	4260	
1617	394	
1618	625	
1619	1128	
1620	343	
1621	4144	
1625	914	
1627	2363	
1630	399	
1631	374	
1632	3587	
1636	376	
1637	4109	
1642	4181	
1647	419	
1648	395	
1649	405	
1650	400	
1651	385	
1652	373	
1653	386	
1654	817	
1655	371	
1656	372	
1657	366	
1658	361	
1659	372	
1660	403	
1661	809	
1662	395	
1663	397	
1664	369	
1665	1086	
1667	344	
1668	379	
1669	387	
1670	416	
1671	340	
1672	368	
1673	401	
1674	374	
1675	336	
1676	368	
1677	392	
1678	390	
1679	336	
1680	398	
1681	398	
1682	400	
1683	4337	
1688	286	
1689	295	
1690	314	
1691	288	
1692	269	
1693	294	
1694	321	
1695	287	
1696	298	
1697	294	
1698	403	
1699	370	
1700	382	
1701	372	
1702	409	
1703	377	
1704	373	
1705	1024	
1707	378	
1708	392	
1709	373	
1710	403	
1711	382	
1712	386	
1713	382	
1714	767	
1715	340	
1716	340	
1717	382	
1718	371	
1719	379	
1720	345	
1721	372	
1722	370	
1723	346	
1724	337	
1725	1208	
1727	370	
1728	365	
1729	371	
1730	438	
1731	650	
1732	372	
1733	338	
1734	369	
1735	339	
1736	731	
1737	342	
1738	372	
1739	541	
1740	369	
1741	625	
1742	374	
1743	385	
1744	350	
1745	1021	
1747	376	
1748	402	
1749	361	
1750	396	
1751	393	
1752	383	
1753	364	
1754	376	
1755	368	
1756	360	
1757	350	
1758	700	
1759	546	
1760	356	
1761	378	
1762	386	
1763	388	
1764	387	
1765	1096	
1767	389	
1768	390	
1769	1085	
1770	385	
1771	389	
1772	360	
1773	351	
1774	387	
1775	382	
1776	352	
1777	359	
1778	384	
1779	1127	
1780	382	
1781	386	
1782	351	
1783	383	
1784	346	
1785	970	
1787	371	
1788	369	
1789	338	
1790	351	
1791	368	
1792	335	
1793	334	
1794	335	
1795	370	
1796	370	
1797	370	
1798	346	
1799	371	
1800	380	
1801	357	
1802	350	
1803	384	
1804	381	
1805	2562	
1808	889	
1809	4547	
1813	4371	
1818	528	
1819	383	
1820	381	
1821	4710	
1826	4355	
1830	364	
1831	380	
1832	379	
1833	376	
1834	349	
1835	355	
1836	376	
1837	375	
1838	363	
1839	343	
1840	378	
1841	372	
1842	343	
1843	342	
1844	374	
1845	1018	
1847	346	
1848	375	
1849	4441	
1854	351	
1855	378	
1856	435	
1857	539	
1858	4315	
1863	390	
1864	371	
1865	997	
1867	401	
1868	390	
1869	389	
1870	381	
1871	349	
1872	462	
1873	426	
1874	4314	
1879	405	
1880	386	
1881	392	
1882	374	
1883	4423	
1888	656	
1889	370	
1890	365	
1891	390	
1892	358	
1893	379	
1894	403	
1895	397	
1896	348	
1897	370	
1898	390	
1899	393	
1900	4506	
1905	1513	
1907	373	
1908	339	
1909	366	
1910	1875	
1913	296	
1914	306	
1915	293	
1916	627	
1917	293	
1918	293	
1919	616	
1920	344	
1921	281	
1922	366	
1923	362	
1924	337	
1925	1157	
1927	377	
1928	377	
1929	1146	
1930	3245	
1934	377	
1935	352	
1936	353	
1937	372	
1938	371	
1939	1358	
1941	678	
1942	378	
1943	410	
1944	441	
1945	1831	
1948	869	
1949	643	
1950	376	
1951	369	
1952	672	
1953	350	
1954	676	
1955	737	
1956	375	
1957	340	
1958	371	
1959	368	
1960	374	
1961	367	
1962	336	
1963	536	
1964	599	
1965	982	
1967	379	
1968	1006	
1970	752	
1972	394	
1973	533	
1974	346	
1975	386	
1976	407	
1977	432	
1978	348	
1979	1019	
1980	1177	
1982	700	
1983	368	
1984	772	
1985	941	
1987	1012	
1989	660	
1990	342	
1991	3895	
1995	700	
1996	697	
1997	927	
1998	345	
1999	378	
2000	700	
2001	1145	
2003	831	
2004	731	
2005	988	
2007	385	
2008	881	
2009	1115	
2010	1098	
2012	372	
2013	369	
2014	341	
2015	337	
2016	373	
2017	294	
2018	765	
2019	600	
2020	719	
2022	295	
2023	287	
2024	308	
2025	941	
2027	954	
2028	1322	
2030	682	
2032	356	
2033	970	
2034	527	
2035	1227	
2037	1029	
2039	365	
2040	380	
2041	448	
2042	450	
2043	387	
2044	724	
2045	1367	
2047	1019	
2049	711	
2050	443	
2051	416	
2052	724	
2053	876	
2054	1205	
2056	654	
2057	378	
2058	387	
2059	378	
2060	1699	
2063	380	
2064	341	
2065	1181	
2067	952	
2068	826	
2069	721	
2070	701	
2072	756	
2073	1221	
2075	369	
2076	369	
2077	337	
2078	370	
2079	373	
2080	697	
2081	346	
2082	374	
2083	383	
2084	340	
2085	990	
2087	797	
2088	497	
2089	1571	
2091	3186	
2095	375	
2096	349	
2097	359	
2098	381	
2099	1391	
2101	715	
2102	727	
2103	832	
2104	350	
2105	1005	
2107	4180	
2112	1074	
2114	431	
2115	1253	
2117	969	
2118	879	
2119	702	
2120	376	
2121	686	
2122	370	
2123	884	
2124	706	
2125	953	
2127	936	
2128	313	
2129	272	
2130	614	
2131	292	
2132	299	
2133	273	
2134	269	
2135	292	
2136	3480	
2140	750	
2142	1266	
2144	713	
2145	961	
2147	1007	
2149	1092	
2150	1063	
2152	744	
2153	834	
2154	707	
2155	717	
2156	670	
2157	935	
2158	342	
2159	378	
2160	368	
2161	376	
2162	370	
2163	375	
2164	372	
2165	1025	
2167	384	
2168	374	
2169	4244	
2174	717	
2175	376	
2176	375	
2177	343	
2178	350	
2179	656	
2180	736	
2182	665	
2183	1578	
2185	1264	
2187	1014	
2189	1139	
2190	827	
2192	1155	
2194	768	
2195	729	
2196	734	
2197	1117	
2199	691	
2200	748	
2202	593	
2203	994	
2205	1041	
2207	352	
2208	362	
2209	376	
2210	648	
2212	377	
2213	371	
2214	368	
2215	345	
2216	380	
2217	381	
2218	828	
2219	1052	
2220	1127	
2222	381	
2223	905	
2224	381	
2225	1034	
2227	1091	
2229	745	
2230	1025	
2232	347	
2233	973	
2235	1391	
2237	315	
2238	343	
2239	321	
2240	277	
2241	632	
2242	664	
2243	307	
2244	592	
2245	938	
2247	423	
2248	782	
2249	1204	
2250	1100	
2252	732	
2253	393	
2254	733	
2255	420	
2256	707	
2257	388	
2258	914	
2259	1554	
2261	367	
2262	369	
2263	2505	
2266	707	
2267	994	
2269	1636	
2271	378	
2272	4472	
2277	1000	
2279	3952	
2283	4421	
2288	4330	
2293	369	
2294	716	
2295	677	
2296	663	
2297	3135	
2300	711	
2302	754	
2303	838	
2304	664	
2305	1043	
2307	381	
2308	384	
2309	373	
2310	738	
2312	371	
2313	349	
2314	378	
2315	374	
2316	366	
2317	343	
2318	879	
2319	710	
2320	722	
2322	349	
2323	376	
2324	358	
2325	914	
2327	1012	
2329	654	
2330	342	
2331	370	
2332	728	
2333	346	
2334	338	
2335	708	
2336	370	
2337	398	
2338	375	
2339	371	
2340	696	
2342	702	
2343	867	
2344	376	
2345	952	
2347	341	
2348	890	
2349	373	
2350	711	
2352	710	
2353	374	
2354	373	
2355	372	
2356	692	
2357	338	
2358	866	
2359	707	
2360	644	
2361	1036	
2363	373	
2364	373	
2365	938	
2367	381	
2368	4326	
2373	349	
2374	343	
2375	384	
2376	373	
2377	1019	
2379	649	
2380	372	
2381	367	
2382	339	
2383	2939	
2386	386	
2387	370	
2388	3957	
2392	372	
2393	368	
2394	371	
2395	360	
2396	336	
2397	385	
2398	347	
2399	376	
2400	351	
2401	353	
2402	356	
2403	898	
2404	814	
2405	1061	
2407	389	
2408	790	
2409	1222	
2410	667	
2411	365	
2412	378	
2413	816	
2414	388	
2415	420	
2416	379	
2417	387	
2418	886	
2419	1124	
2420	370	
2421	372	
2422	339	
2423	348	
2424	352	
2425	987	
2427	349	
2428	807	
2429	373	
2430	395	
2431	701	
2432	349	
2433	374	
2434	387	
2435	342	
2436	368	
2437	366	
2438	368	
2439	337	
2440	345	
2441	368	
2442	368	
2443	336	
2444	341	
2445	988	
2447	370	
2448	344	
2449	371	
2450	807	
2452	383	
2453	346	
2454	385	
2455	372	
2456	340	
2457	370	
2458	370	
2459	689	
2460	652	
2462	636	
2463	828	
2464	583	
2465	949	
2467	1468	
2469	716	
2470	697	
2472	715	
2473	844	
2474	382	
2475	1297	
2477	1071	
2479	819	
2480	369	
2481	345	
2482	371	
2483	844	
2484	407	
2485	1042	
2487	1139	
2489	349	
2490	717	
2492	376	
2493	344	
2494	368	
2495	408	
2496	372	
2497	348	
2498	343	
2499	376	
2500	403	
2501	371	
2502	335	
2503	370	
2504	370	
2505	983	
2507	372	
2508	1064	
2510	748	
2512	575	
2513	369	
2514	355	
2515	381	
2516	384	
2517	4044	
2522	4379	
2527	1100	
2529	717	
2530	348	
2531	745	
2532	755	
2533	738	
2534	755	
2535	379	
2536	713	
2537	344	
2538	838	
2539	729	
2540	386	
2541	774	
2542	687	
2543	377	
2544	730	
2545	935	
2547	1030	
2549	476	
2550	1554	
2552	1064	
2554	3905	
2558	862	
2559	683	
2560	1124	
2562	663	
2563	801	
2564	379	
2565	911	
2567	1511	
2569	1774	
2571	274	
2572	865	
2573	1555	
2575	577	
2576	292	
2577	294	
2578	289	
2579	2598	
2582	360	
2583	655	
2584	543	
2585	974	
2587	360	
2588	375	
2589	374	
2590	873	
2592	372	
2593	371	
2594	345	
2595	349	
2596	1132	
2598	375	
2599	896	
2600	338	
2601	705	
2602	370	
2603	1263	
2605	1880	
2608	4523	
2612	4404	
2617	446	
2618	367	
2619	747	
2620	378	
2621	3703	
2625	2744	
2628	4236	
2633	388	
2634	608	
2635	391	
2636	433	
2637	380	
2638	380	
2639	662	
2640	390	
2641	1669	
2643	383	
2644	379	
2645	1009	
2647	1150	
2649	391	
2650	392	
2651	379	
2652	393	
2653	388	
2654	734	
2655	1242	
2657	1089	
2659	360	
2660	390	
2662	395	
2663	1211	
2665	1610	
2667	1245	
2669	921	
2670	1002	
2672	700	
2673	3198	
2677	1060	
2679	1404	
2681	1440	
2683	1424	
2685	947	
2687	902	
2688	805	
2689	681	
2690	373	
2691	1055	
2693	348	
2694	371	
2695	373	
2696	375	
2697	374	
2698	878	
2699	357	
2700	376	
2701	1557	
2703	375	
2704	358	
2705	924	
2707	374	
2708	341	
2709	345	
2710	843	
2712	374	
2713	372	
2714	373	
2715	371	
2716	3520	
2720	729	
2721	699	
2722	659	
2723	868	
2724	638	
2725	1343	
2727	1035	
2729	2036	
2732	721	
2733	856	
2734	667	
2735	711	
2736	688	
2737	931	
2738	804	
2739	1104	
2740	690	
2742	346	
2743	890	
2744	724	
2745	951	
2747	1034	
2749	465	
2750	718	
2752	394	
2753	393	
2754	671	
2755	723	
2756	377	
2757	944	
2758	805	
2759	1115	
2760	696	
2761	1125	
2763	1602	
2765	952	
2767	2371	
2770	1090	
2772	708	
2773	1548	
2775	1268	
2777	1042	
2779	347	
2780	373	
2781	1432	
2783	1300	
2785	1024	
2787	366	
2788	1297	
2790	589	
2792	2711	
2795	4114	
2799	363	
2800	3938	
2805	988	
2807	356	
2808	1669	
2810	734	
2812	716	
2813	869	
2814	3697	
2818	829	
2819	373	
2820	653	
2822	667	
2823	795	
2824	348	
2825	991	
2827	1543	
2829	370	
2830	707	
2832	341	
2833	369	
2834	369	
2835	336	
2836	656	
2837	368	
2838	845	
2839	644	
2840	647	
2841	680	
2842	368	
2843	372	
2844	367	
2845	985	
2847	1039	
2849	719	
2850	377	
2851	371	
2852	347	
2853	867	
2854	372	
2855	647	
2856	658	
2857	389	
2858	387	
2859	370	
2860	383	
2861	716	
2862	385	
2863	383	
2864	386	
2865	1011	
2867	1044	
2869	712	
2870	711	
2872	350	
2873	336	
2874	371	
2875	392	
2876	372	
2877	1066	
2879	699	
2880	1544	
2882	713	
2883	372	
2884	340	
2885	975	
2887	1603	
2889	1482	
2891	544	
2892	702	
2893	573	
2894	372	
2895	1309	
2897	347	
2898	870	
2899	1121	
2900	351	
2901	343	
2902	352	
2903	370	
2904	387	
2905	1474	
2907	386	
2908	900	
2909	408	
2910	658	
2912	392	
2913	359	
2914	354	
2915	383	
2916	382	
2917	525	
2918	350	
2919	386	
2920	381	
2921	360	
2922	372	
2923	404	
2924	395	
2925	1062	
2927	395	
2928	387	
2929	397	
2930	675	
2931	428	
2932	722	
2933	349	
2934	353	
2935	546	
2936	3840	
2940	390	
2941	353	
2942	352	
2943	349	
2944	723	
2945	953	
2947	436	
2948	383	
2949	379	
2950	686	
2952	385	
2953	381	
2954	352	
2955	3709	
2959	793	
2960	392	
2961	380	
2962	349	
2963	347	
2964	370	
2965	960	
2967	1003	
2969	390	
2970	415	
2971	351	
2972	382	
2973	386	
2974	372	
2975	4400	
2980	406	
2981	389	
2982	350	
2983	1551	
2985	1295	
2987	1519	
2989	1006	
2990	4054	
2995	774	
2996	353	
2997	1018	
2999	345	
3000	1597	
3002	773	
3003	2021	
3005	1349	
3007	1053	
3009	1054	
3010	987	
3012	1091	
3014	371	
3015	482	
3016	4017	
3020	879	
3022	1719	
3024	3002	
3027	4321	
3032	1882	
3034	1294	
3036	428	
3037	976	
3038	378	
3039	1611	
3041	834	
3042	739	
3043	1380	
3045	940	
3047	343	
3048	795	
3049	1090	
3050	1242	
3052	348	
3053	341	
3054	758	
3055	375	
3056	705	
3057	372	
3058	369	
3059	1381	
3061	342	
3062	351	
3063	370	
3064	381	
3065	907	
3067	1005	
3069	911	
3070	376	
3071	373	
3072	371	
3073	888	
3074	712	
3075	704	
3076	700	
3077	978	
3078	356	
3079	376	
3080	346	
3081	353	
3082	375	
3083	917	
3084	422	
3085	910	
3087	376	
3088	376	
3089	376	
3090	1147	
3092	525	
3093	362	
3094	353	
3095	370	
3096	387	
3097	346	
3098	818	
3099	716	
3100	809	
3102	346	
3103	370	
3104	385	
3105	976	
3107	1022	
3109	651	
3110	412	
3111	674	
3112	369	
3113	881	
3114	700	
3115	340	
3116	367	
3117	368	
3118	272	
3119	267	
3120	310	
3121	307	
3122	812	
3123	4060	
3128	3771	
3132	725	
3133	372	
3134	675	
3135	376	
3136	369	
3137	374	
3138	4012	
3142	387	
3143	570	
3144	1663	
3146	4363	
3150	3607	
3154	360	
3155	375	
3156	376	
3157	361	
3158	390	
3159	353	
3160	381	
3161	367	
3162	548	
3163	3897	
3167	347	
3168	4164	
3173	384	
3174	373	
3175	391	
3176	349	
3177	367	
3178	378	
3179	362	
3180	382	
3181	374	
3182	378	
3183	399	
3184	384	
3185	1025	
3187	372	
3188	367	
3189	385	
3190	1490	
3192	366	
3193	375	
3194	373	
3195	336	
3196	342	
3197	375	
3198	376	
3199	667	
3200	352	
3201	379	
3202	373	
3203	338	
3204	368	
3205	984	
3207	344	
3208	339	
3209	1096	
3210	370	
3211	371	
3212	342	
3213	337	
3214	368	
3215	368	
3216	344	
3217	337	
3218	367	
3219	1168	
3220	383	
3221	387	
3222	374	
3223	368	
3224	307	
3225	2046	
3228	271	
3229	283	
3230	340	
3231	295	
3232	274	
3233	295	
3234	270	
3235	609	
3236	4057	
3240	443	
3241	353	
3242	382	
3243	377	
3244	531	
3245	914	
3247	379	
3248	373	
3249	356	
3250	422	
3251	384	
3252	361	
3253	382	
3254	380	
3255	376	
3256	353	
3257	351	
3258	388	
3259	373	
3260	431	
3261	781	
3262	354	
3263	370	
3264	370	
3265	957	
3267	456	
3268	378	
3269	344	
3270	570	
3272	372	
3273	371	
3274	339	
3275	368	
3276	369	
3277	339	
3278	356	
3279	372	
3280	380	
3281	377	
3282	374	
3283	374	
3284	4445	
3289	385	
3290	387	
3291	372	
3292	371	
3293	373	
3294	340	
3295	377	
3296	373	
3297	372	
3298	353	
3299	377	
3300	379	
3301	493	
3302	407	
3303	380	
3304	379	
3305	985	
3307	385	
3308	385	
3309	492	
3310	384	
3311	371	
3312	374	
3313	471	
3314	384	
3315	341	
3316	375	
3317	463	
3318	407	
3319	380	
3320	383	
3321	383	
3322	412	
3323	339	
3324	366	
3325	1648	
3327	348	
3328	370	
3329	371	
3330	350	
3331	2374	
3334	345	
3335	376	
3336	371	
3337	380	
3338	296	
3339	269	
3340	310	
3341	295	
3342	296	
3343	271	
3344	268	
3345	925	
3347	279	
3348	274	
3349	381	
3350	377	
3351	368	
3352	372	
3353	370	
3354	373	
3355	345	
3356	353	
3357	360	
3358	374	
3359	379	
3360	342	
3361	369	
3362	375	
3363	379	
3364	341	
3365	1066	
3367	369	
3368	373	
3369	1152	
3370	373	
3371	376	
3372	352	
3373	404	
3374	377	
3375	408	
3376	388	
3377	382	
3378	367	
3379	1118	
3380	336	
3381	367	
3382	368	
3383	335	
3384	369	
3385	1527	
3387	375	
3388	340	
3389	336	
3390	368	
3391	372	
3392	365	
3393	337	
3394	371	
3395	546	
3396	619	
3397	339	
3398	550	
3399	375	
3400	376	
3401	369	
3402	366	
3403	368	
3404	335	
3405	979	
3407	369	
3408	4078	
3413	347	
3414	374	
3415	937	
3417	508	
3418	520	
3419	382	
3420	378	
3421	376	
3422	376	
3423	376	
3424	371	
3425	977	
3427	376	
3428	354	
3429	360	
3430	905	
3432	353	
3433	380	
3434	400	
3435	374	
3436	367	
3437	379	
3438	339	
3439	702	
3440	699	
3441	337	
3442	335	
3443	366	
3444	390	
3445	921	
3447	1018	
3449	708	
3450	382	
3451	372	
3452	397	
3453	838	
3454	348	
3455	724	
3456	758	
3457	389	
3458	340	
3459	347	
3460	397	
3461	372	
3462	345	
3463	355	
3464	372	
3465	1042	
3467	394	
3468	382	
3469	394	
3470	657	
3472	380	
3473	371	
3474	360	
3475	369	
3476	371	
3477	414	
3478	403	
3479	705	
3480	762	
3482	388	
3483	398	
3484	383	
3485	987	
3487	959	
3488	859	
3489	408	
3490	362	
3491	759	
3492	746	
3493	894	
3494	348	
3495	342	
3496	382	
3497	379	
3498	371	
3499	381	
3500	2313	
3503	341	
3504	337	
3505	1022	
3507	345	
3508	337	
3509	715	
3510	679	
3512	350	
3513	370	
3514	391	
3515	387	
3516	381	
3517	371	
3518	371	
3519	377	
3520	377	
3521	378	
3522	377	
3523	360	
3524	371	
3525	1000	
3527	470	
3528	583	
3529	1152	
3530	652	
3531	382	
3532	377	
3533	380	
3534	377	
3535	371	
3536	341	
3537	377	
3538	375	
3539	1837	
3541	376	
3542	367	
3543	344	
3544	336	
3545	992	
3547	481	
3548	380	
3549	378	
3550	392	
3551	639	
3552	1178	
3554	537	
3555	353	
3556	371	
3557	339	
3558	369	
3559	351	
3560	342	
3561	270	
3562	293	
3563	301	
3564	274	
3565	918	
3567	296	
3568	917	
3569	279	
3570	311	
3571	499	
3572	276	
3573	375	
3574	369	
3575	392	
3576	375	
3577	372	
3578	376	
3579	369	
3580	406	
3581	377	
3582	381	
3583	406	
3584	387	
3585	994	
3587	404	
3588	368	
3589	349	
3590	755	
3592	475	
3593	346	
3594	370	
3595	375	
3596	338	
3597	370	
3598	365	
3599	366	
3600	336	
3601	693	
3602	338	
3603	368	
3604	367	
3605	961	
3607	370	
3608	368	
3609	615	
3610	354	
3611	445	
3612	413	
3613	388	
3614	383	
3615	374	
3616	382	
3617	350	
3618	338	
3619	368	
3620	366	
3621	356	
3622	340	
3623	365	
3624	373	
3625	1026	
3627	384	
3628	405	
3629	383	
3630	371	
3631	374	
3632	375	
3633	371	
3634	342	
3635	375	
3636	374	
3637	366	
3638	343	
3639	375	
3640	386	
3641	371	
3642	368	
3643	628	
3644	392	
3645	983	
3647	375	
3648	369	
3649	362	
3650	340	
3651	750	
3652	372	
3653	381	
3654	342	
3655	335	
3656	367	
3657	367	
3658	341	
3659	337	
3660	367	
3661	753	
3662	341	
3663	338	
3664	370	
3665	1012	
3667	342	
3668	367	
3669	368	
3670	350	
3671	271	
3672	293	
3673	294	
3674	492	
3675	295	
3676	294	
3677	293	
3678	350	
3679	279	
3680	305	
3681	303	
3682	456	
3683	363	
3684	370	
3685	1035	
3687	362	
3688	357	
3689	1202	
3690	503	
3691	359	
3692	372	
3693	379	
3694	383	
3695	395	
3696	383	
3697	378	
3698	371	
3699	1096	
3700	349	
3701	378	
3702	567	
3703	397	
3704	349	
3705	1041	
3707	368	
3708	351	
3709	381	
3710	380	
3711	754	
3712	383	
3713	374	
3714	399	
3715	345	
3716	346	
3717	375	
3718	373	
3719	345	
3720	345	
3721	374	
3722	374	
3723	350	
3724	358	
3725	1052	
3727	380	
3728	346	
3729	370	
3730	413	
3731	384	
3732	350	
3733	341	
3734	375	
3735	374	
3736	347	
3737	340	
3738	375	
3739	377	
3740	356	
3741	347	
3742	373	
3743	377	
3744	377	
3745	1054	
3747	405	
3748	346	
3749	353	
3750	375	
3751	398	
3752	374	
3753	408	
3754	369	
3755	386	
3756	365	
3757	345	
3758	381	
3759	390	
3760	360	
3761	376	
3762	388	
3763	381	
3764	379	
3765	959	
3767	384	
3768	345	
3769	351	
3770	379	
3771	375	
3772	375	
3773	390	
3774	340	
3775	385	
3776	379	
3777	348	
3778	368	
3779	369	
3780	298	
3781	305	
3782	267	
3783	804	
3784	304	
3785	841	
3787	295	
3788	299	
3789	288	
3790	284	
3791	293	
3792	381	
3793	344	
3794	368	
3795	370	
3796	383	
3797	382	
3798	347	
3799	346	
3800	395	
3801	377	
3802	340	
3803	371	
3804	373	
3805	970	
3807	357	
3808	373	
3809	390	
3810	752	
3812	387	
3813	391	
3814	395	
3815	377	
3816	378	
3817	366	
3818	351	
3819	729	
3820	387	
3821	381	
3822	343	
3823	875	
3824	378	
3825	915	
3827	378	
3828	372	
3829	381	
3830	391	
3831	629	
3832	371	
3833	383	
3834	360	
3835	341	
3836	378	
3837	380	
3838	352	
3839	338	
3840	368	
3841	376	
3842	342	
3843	370	
3844	366	
3845	973	
3847	346	
3848	343	
3849	1187	
3850	690	
3852	348	
3853	374	
3854	375	
3855	348	
3856	340	
3857	372	
3858	371	
3859	1330	
3861	372	
3862	388	
3863	350	
3864	352	
3865	1008	
3867	985	
3868	947	
3869	381	
3870	388	
3871	373	
3872	372	
3873	379	
3874	358	
3875	650	
3876	717	
3877	1048	
3879	372	
3880	381	
3881	377	
3882	348	
3883	803	
3884	661	
3885	1021	
3887	366	
3888	339	
3889	365	
3890	922	
3892	387	
3893	374	
3894	373	
3895	377	
3896	346	
3897	338	
3898	367	
3899	381	
3900	339	
3901	337	
3902	368	
3903	380	
3904	341	
3905	1005	
3907	565	
3908	368	
3909	379	
3910	377	
3911	369	
3912	371	
3913	336	
3914	369	
3915	376	
3916	340	
3917	338	
3918	364	
3919	369	
3920	373	
3921	360	
3922	378	
3923	405	
3924	345	
3925	1048	
3927	421	
3928	379	
3929	378	
3930	754	
3932	357	
3933	353	
3934	383	
3935	405	
3936	362	
3937	352	
3938	380	
3939	754	
3940	496	
3941	394	
3942	380	
3943	725	
3944	364	
3945	976	
3947	375	
3948	391	
3949	360	
3950	369	
3951	368	
3952	385	
3953	345	
3954	337	
3955	366	
3956	377	
3957	390	
3958	338	
3959	375	
3960	392	
3961	368	
3962	343	
3963	375	
3964	392	
3965	1000	
3967	380	
3968	377	
3969	601	
3970	386	
3971	375	
3972	376	
3973	494	
3974	353	
3975	371	
3976	378	
3977	442	
3978	377	
3979	378	
3980	371	
3981	405	
3982	471	
3983	355	
3984	375	
3985	971	
3987	371	
3988	883	
3989	718	
3990	374	
3991	373	
3992	539	
3993	391	
3994	362	
3995	337	
3996	372	
3997	391	
3998	357	
3999	372	
4000	383	
4001	384	
4002	360	
4003	364	
4004	377	
4005	1033	
4007	390	
4008	895	
4009	1206	
4010	1608	
4012	548	
4013	380	
4014	351	
4015	344	
4016	379	
4017	381	
4018	347	
4019	1288	
4020	1669	
4023	375	
4024	373	
4025	1046	
4027	359	
4028	377	
4029	376	
4030	1185	
4032	346	
4033	368	
4034	368	
4035	350	
4036	350	
4037	379	
4038	374	
4039	362	
4040	375	
4041	374	
4042	472	
4043	368	
4044	721	
4045	995	
4047	410	
4048	351	
4049	375	
4050	460	
4051	362	
4052	348	
4053	370	
4054	433	
4055	369	
4056	376	
4057	382	
4058	372	
4059	389	
4060	341	
4061	736	
4062	370	
4063	349	
4064	348	
4065	998	
4067	390	
4068	340	
4069	369	
4070	1728	
4073	379	
4074	370	
4075	389	
4076	387	
4077	334	
4078	365	
4079	490	
4080	350	
4081	336	
4082	367	
4083	482	
4084	376	
4085	985	
4087	378	
4088	658	
4089	394	
4090	380	
4091	451	
4092	401	
4093	341	
4094	380	
4095	490	
4096	383	
4097	341	
4098	355	
4099	369	
4100	376	
4101	336	
4102	365	
4103	370	
4104	458	
4105	1025	
4107	376	
4108	393	
4109	369	
4110	369	
4111	370	
4112	310	
4113	360	
4114	297	
4115	293	
4116	317	
4117	290	
4118	296	
4119	296	
4120	269	
4121	669	
4122	296	
4123	297	
4124	477	
4125	991	
4127	373	
4128	490	
4129	365	
4130	339	
4131	728	
4132	460	
4133	380	
4134	337	
4135	366	
4136	370	
4137	446	
4138	399	
4139	367	
4140	627	
4141	717	
4142	374	
4143	369	
4144	367	
4145	1000	
4147	342	
4148	368	
4149	381	
4150	344	
4151	355	
4152	370	
4153	388	
4154	354	
4155	378	
4156	373	
4157	376	
4158	370	
4159	363	
4160	372	
4161	411	
4162	613	
4163	367	
4164	373	
4165	1090	
4167	379	
4168	378	
4169	1204	
4170	345	
4171	389	
4172	384	
4173	371	
4174	400	
4175	345	
4176	387	
4177	377	
4178	353	
4179	1089	
4180	376	
4181	374	
4182	346	
4183	345	
4184	371	
4185	988	
4187	390	
4188	372	
4189	370	
4190	368	
4191	339	
4192	338	
4193	370	
4194	370	
4195	341	
4196	369	
4197	372	
4198	385	
4199	348	
4200	357	
4201	373	
4202	406	
4203	364	
4204	377	
4205	1129	
4207	379	
4208	345	
4209	369	
4210	381	
4211	373	
4212	356	
4213	369	
4214	483	
4215	364	
4216	359	
4217	377	
4218	364	
4219	443	
4220	383	
4221	383	
4222	438	
4223	388	
4224	303	
4225	949	
4227	327	
4228	292	
4229	312	
4230	1431	
4232	316	
4233	306	
4234	307	
4235	390	
4236	390	
4237	383	
4238	378	
4239	820	
4240	376	
4241	394	
4242	376	
4243	457	
4244	415	
4245	979	
4247	468	
4248	364	
4249	344	
4250	383	
4251	502	
4252	1306	
4254	381	
4255	468	
4256	404	
4257	1005	
4259	489	
4260	409	
4261	492	
4262	396	
4263	500	
4264	434	
4265	1599	
4267	379	
4268	347	
4269	377	
4270	738	
4272	441	
4273	371	
4274	383	
4275	377	
4276	359	
4277	354	
4278	375	
4279	374	
4280	365	
4281	356	
4282	384	
4283	396	
4284	357	
4285	1083	
4287	382	
4288	384	
4289	346	
4290	2617	
4293	358	
4294	344	
4295	374	
4296	373	
4297	349	
4298	341	
4299	370	
4300	384	
4301	342	
4302	370	
4303	379	
4304	371	
4305	1017	
4307	380	
4308	378	
4309	343	
4310	719	
4312	413	
4313	517	
4314	349	
4315	374	
4316	370	
4317	345	
4318	343	
4319	1427	
4321	348	
4322	386	
4323	757	
4324	443	
4325	1054	
4327	382	
4328	374	
4329	1154	
4330	346	
4331	381	
4332	383	
4333	439	
4334	411	
4335	302	
4336	300	
4337	298	
4338	279	
4339	983	
4340	297	
4341	298	
4342	281	
4343	291	
4344	297	
4345	923	
4347	348	
4348	899	
4349	471	
4350	380	
4351	351	
4352	376	
4353	499	
4354	361	
4355	346	
4356	375	
4357	441	
4358	356	
4359	347	
4360	394	
4361	370	
4362	383	
4363	373	
4364	370	
4365	1102	
4367	352	
4368	338	
4369	368	
4370	673	
4372	375	
4373	370	
4374	342	
4375	342	
4376	360	
4377	371	
4378	420	
4379	351	
4380	391	
4381	376	
4382	355	
4383	395	
4384	379	
4385	1108	
4387	384	
4388	385	
4389	381	
4390	386	
4391	365	
4392	344	
4393	379	
4394	376	
4395	337	
4396	338	
4397	378	
4398	383	
4399	357	
4400	372	
4401	699	
4402	366	
4403	367	
4404	337	
4405	1293	
4407	400	
4408	350	
4409	371	
4410	379	
4411	342	
4412	373	
4413	334	
4414	367	
4415	371	
4416	336	
4417	366	
4418	379	
4419	370	
4420	367	
4421	338	
4422	368	
4423	371	
4424	349	
4425	1006	
4427	441	
4428	353	
4429	355	
4430	380	
4431	370	
4432	364	
4433	381	
4434	376	
4435	377	
4436	373	
4437	381	
4438	373	
4439	377	
4440	357	
4441	342	
4442	374	
4443	369	
4444	355	
4445	928	
4447	474	
4448	368	
4449	357	
4450	380	
4451	373	
4452	375	
4453	339	
4454	367	
4455	368	
4456	341	
4457	380	
4458	367	
4459	366	
4460	389	
4461	355	
4462	372	
4463	368	
4464	383	
4465	1155	
4467	374	
4468	379	
4469	376	
4470	374	
4471	368	
4472	371	
4473	342	
4474	335	
4475	376	
4476	380	
4477	359	
4478	352	
4479	750	
4480	386	
4481	359	
4482	372	
4483	368	
4484	369	
4485	954	
4487	370	
4488	373	
4489	1095	
4490	338	
4491	371	
4492	371	
4493	376	
4494	346	
4495	373	
4496	378	
4497	350	
4498	383	
4499	1123	
4500	369	
4501	379	
4502	346	
4503	370	
4504	373	
4505	935	
4507	379	
4508	373	
4509	343	
4510	357	
4511	372	
4512	373	
4513	346	
4514	387	
4515	385	
4516	378	
4517	415	
4518	387	
4519	343	
4520	375	
4521	378	
4522	354	
4523	340	
4524	372	
4525	1105	
4527	344	
4528	367	
4529	367	
4530	374	
4531	340	
4532	371	
4533	366	
4534	366	
4535	340	
4536	342	
4537	368	
4538	371	
4539	368	
4540	375	
4541	369	
4542	374	
4543	338	
4544	361	
4545	988	
4547	350	
4548	354	
4549	372	
4550	338	
4551	346	
4552	372	
4553	372	
4554	358	
4555	384	
4556	393	
4557	383	
4558	373	
4559	377	
4560	374	
4561	591	
4562	287	
4563	272	
4564	296	
4565	919	
4567	316	
4568	342	
4569	373	
4570	374	
4571	740	
4572	340	
4573	378	
4574	375	
4575	349	
4576	353	
4577	375	
4578	387	
4579	373	
4580	387	
4581	378	
4582	372	
4583	369	
4584	337	
4585	1014	
4587	361	
4588	375	
4589	338	
4590	374	
4591	368	
4592	341	
4593	368	
4594	830	
4595	386	
4596	558	
4597	439	
4598	376	
4599	378	
4600	340	
4601	368	
4602	373	
4603	358	
4604	405	
4605	1025	
4607	366	
4608	345	
4609	373	
4610	368	
4611	747	
4612	344	
4613	370	
4614	380	
4615	378	
4616	753	
4617	338	
4618	368	
4619	369	
4620	336	
4621	719	
4622	366	
4623	365	
4624	337	
4625	962	
4627	401	
4628	340	
4629	376	
4630	466	
4631	619	
4632	381	
4633	340	
4634	369	
4635	373	
4636	387	
4637	406	
4638	337	
4639	366	
4640	395	
4641	338	
4642	339	
4643	365	
4644	379	
4645	919	
4647	374	
4648	421	
4649	1174	
4650	373	
4651	392	
4652	792	
4653	446	
4654	381	
4655	384	
4656	367	
4657	345	
4658	374	
4659	1122	
4660	335	
4661	348	
4662	378	
4663	377	
4664	371	
4665	1027	
4667	332	
4668	324	
4669	278	
4670	270	
4671	590	
4672	412	
4673	287	
4674	273	
4675	293	
4676	296	
4677	366	
4678	380	
4679	370	
4680	402	
4681	760	
4682	340	
4683	345	
4684	369	
4685	1495	
4687	341	
4688	369	
4689	369	
4690	497	
4691	703	
4692	379	
4693	371	
4694	337	
4695	380	
4696	369	
4697	783	
4698	550	
4699	334	
4700	372	
4701	368	
4702	346	
4703	347	
4704	364	
4705	945	
4707	355	
4708	366	
4709	394	
4710	344	
4711	371	
4712	373	
4713	399	
4714	388	
4715	352	
4716	365	
4717	396	
4718	360	
4719	341	
4720	369	
4721	389	
4722	371	
4723	347	
4724	378	
4725	1015	
4727	397	
4728	379	
4729	376	
4730	383	
4731	343	
4732	381	
4733	369	
4734	373	
4735	344	
4736	335	
4737	369	
4738	345	
4739	337	
4740	360	
4741	723	
4742	384	
4743	339	
4744	339	
4745	1005	
4747	397	
4748	375	
4749	375	
4750	372	
4751	342	
4752	345	
4753	377	
4754	405	
4755	350	
4756	341	
4757	378	
4758	396	
4759	348	
4760	364	
4761	355	
4762	373	
4763	377	
4764	377	
4765	1035	
4767	626	
4768	611	
4769	978	
4770	386	
4771	380	
4772	423	
4773	410	
4774	378	
4775	293	
4776	296	
4777	302	
4778	287	
4779	311	
4780	302	
4781	560	
4782	347	
4783	294	
4784	293	
4785	895	
4787	368	
4788	788	
4789	335	
4790	343	
4791	354	
4792	388	
4793	382	
4794	391	
4795	343	
4796	375	
4797	377	
4798	367	
4799	347	
4800	373	
4801	408	
4802	343	
4803	344	
4804	371	
4805	1027	
4807	355	
4808	379	
4809	1210	
4810	387	
4811	343	
4812	335	
4813	396	
4814	376	
4815	338	
4816	343	
4817	367	
4818	371	
4819	1019	
4820	374	
4821	373	
4822	369	
4823	372	
4824	390	
4825	1017	
4827	384	
4828	365	
4829	370	
4830	342	
4831	352	
4832	366	
4833	370	
4834	349	
4835	335	
4836	370	
4837	368	
4838	342	
4839	342	
4840	337	
4841	371	
4842	368	
4843	368	
4844	360	
4845	1037	
4847	345	
4848	345	
4849	368	
4850	370	
4851	704	
4852	335	
4853	365	
4854	391	
4855	364	
4856	372	
4857	370	
4858	370	
4859	364	
4860	366	
4861	369	
4862	400	
4863	354	
4864	342	
4865	1023	
4867	406	
4868	341	
4869	371	
4870	372	
4871	753	
4872	370	
4873	383	
4874	367	
4875	334	
4876	336	
4877	365	
4878	367	
4879	338	
4880	368	
4881	695	
4882	387	
4883	336	
4884	338	
4885	992	
4887	342	
4888	340	
4889	335	
4890	365	
4891	365	
4892	366	
4893	333	
4894	364	
4895	371	
4896	351	
4897	336	
4898	367	
4899	365	
4900	351	
4901	335	
4902	372	
4903	370	
4904	570	
4905	1024	
4907	375	
4908	371	
4909	340	
4910	367	
4911	367	
4912	361	
4913	388	
4914	450	
4915	374	
4916	376	
4917	345	
4918	370	
4919	374	
4920	338	
4921	376	
4922	368	
4923	369	
4924	379	
4925	930	
4927	371	
4928	340	
4929	337	
4930	367	
4931	367	
4932	338	
4933	369	
4934	335	
4935	368	
4936	371	
4937	340	
4938	334	
4939	369	
4940	375	
4941	371	
4942	335	
4943	370	
4944	367	
4945	942	
4947	369	
4948	369	
4949	340	
4950	376	
4951	367	
4952	366	
4953	340	
4954	345	
4955	371	
4956	368	
4957	367	
4958	349	
4959	380	
4960	382	
4961	417	
4962	377	
4963	362	
4964	418	
4965	961	
4967	372	
4968	376	
4969	1615	
4971	378	
4972	372	
4973	374	
4974	354	
4975	366	
4976	370	
4977	352	
4978	342	
4979	1122	
4980	369	
4981	368	
4982	366	
4983	367	
4984	365	
4985	918	
4987	338	
4988	370	
4989	366	
4990	367	
4991	336	
4992	367	
4993	367	
4994	339	
4995	336	
4996	368	
4997	369	
4998	343	
4999	337	
5000	372	
5001	366	
5002	367	
5003	336	
5004	367	
5005	989	
5007	341	
5008	368	
5009	365	
5010	354	
5011	336	
5012	348	
5013	367	
5014	369	
5015	341	
5016	354	
5017	370	
5018	370	
5019	347	
5020	369	
5021	372	
5022	358	
5023	341	
5024	366	
5025	976	
5027	351	
5028	473	
5029	375	
5030	388	
5031	790	
5032	371	
5033	375	
5034	347	
5035	346	
5036	347	
5037	371	
5038	383	
5039	737	
5040	369	
5041	367	
5042	365	
5043	336	
5044	338	
5045	980	
5047	348	
5048	338	
5049	366	
5050	440	
5051	597	
5052	373	
5053	367	
5054	369	
5055	369	
5056	337	
5057	369	
5058	367	
5059	371	
5060	341	
5061	343	
5062	367	
5063	369	
5064	340	
5065	978	
5067	371	
5068	339	
5069	335	
5070	366	
5071	365	
5072	339	
5073	369	
5074	371	
5075	365	
5076	378	
5077	373	
5078	386	
5079	371	
5080	370	
5081	369	
5082	370	
5083	353	
5084	362	
5085	921	
5087	373	
5088	368	
5089	337	
5090	366	
5091	726	
5092	335	
5093	335	
5094	365	
5095	366	
5096	710	
5097	339	
5098	365	
5099	370	
5100	455	
5101	726	
5102	368	
5103	367	
5104	370	
5105	967	
5107	369	
5108	684	
5109	338	
5110	377	
5111	294	
5112	297	
5113	271	
5114	266	
5115	295	
5116	367	
5117	337	
5118	347	
5119	365	
5120	394	
5121	380	
5122	340	
5123	370	
5124	372	
5125	992	
5127	430	
5128	381	
5129	1082	
5130	370	
5131	372	
5132	365	
5133	352	
5134	361	
5135	383	
5136	375	
5137	376	
5138	360	
5139	1121	
5140	370	
5141	348	
5142	342	
5143	373	
5144	371	
5145	966	
5147	418	
5148	372	
5149	357	
5150	420	
5151	724	
5152	371	
5153	384	
5154	339	
5155	356	
5156	371	
5157	383	
5158	353	
5159	335	
5160	367	
5161	376	
5162	630	
5163	337	
5164	370	
5165	962	
5167	339	
5168	394	
5169	370	
5170	379	
5171	338	
5172	366	
5173	370	
5174	336	
5175	413	
5176	641	
5177	375	
5178	383	
5179	372	
5180	372	
5181	366	
5182	341	
5183	340	
5184	347	
5185	1002	
5187	389	
5188	370	
5189	373	
5190	350	
5191	340	
5192	372	
5193	625	
5194	417	
5195	343	
5196	375	
5197	386	
5198	353	
5199	374	
5200	369	
5201	370	
5202	370	
5203	345	
5204	349	
5205	994	
5207	351	
5208	337	
5209	368	
5210	371	
5211	735	
5212	335	
5213	368	
5214	379	
5215	346	
5216	304	
5217	294	
5218	296	
5219	272	
5220	268	
5221	578	
5222	292	
5223	271	
5224	285	
5225	965	
5227	351	
5228	682	
5229	335	
5230	366	
5231	342	
5232	336	
5233	335	
5234	381	
5235	354	
5236	356	
5237	368	
5238	367	
5239	378	
5240	343	
5241	352	
5242	372	
5243	371	
5244	353	
5245	1063	
5247	365	
5248	383	
5249	375	
5250	371	
5251	379	
5252	363	
5253	401	
5254	376	
5255	438	
5256	383	
5257	345	
5258	370	
5259	374	
5260	351	
5261	354	
5262	372	
5263	380	
5264	796	
5265	1319	
5267	382	
5268	352	
5269	343	
5270	369	
5271	728	
5272	337	
5273	370	
5274	365	
5275	367	
5276	727	
5277	345	
5278	367	
5279	367	
5280	374	
5281	342	
5282	344	
5283	381	
5284	395	
5285	976	
5287	376	
5288	370	
5289	1086	
5290	379	
5291	369	
5292	367	
5293	342	
5294	345	
5295	387	
5296	403	
5297	515	
5298	368	
5299	1122	
5300	379	
5301	373	
5302	365	
5303	385	
5304	375	
5305	998	
5307	370	
5308	371	
5309	372	
5310	333	
5311	371	
5312	375	
5313	357	
5314	388	
5315	386	
5316	374	
5317	383	
5318	350	
5319	375	
5320	368	
5321	337	
5322	356	
5323	369	
5324	369	
5325	905	
5327	294	
5328	294	
5329	267	
5330	272	
5331	601	
5332	295	
5333	291	
5334	273	
5335	295	
5336	292	
5337	296	
5338	336	
5339	335	
5340	294	
5341	368	
5342	337	
5343	339	
5344	367	
5345	991	
5347	345	
5348	365	
5349	367	
5350	350	
5351	337	
5352	366	
5353	365	
5354	375	
5355	346	
5356	351	
5357	367	
5358	372	
5359	347	
5360	371	
5361	374	
5362	367	
5363	370	
5364	373	
5365	983	
5367	369	
5368	372	
5369	374	
5370	359	
5371	360	
5372	373	
5373	372	
5374	367	
5375	349	
5376	370	
5377	369	
5378	339	
5379	343	
5380	336	
5381	728	
5382	366	
5383	370	
5384	336	
5385	991	
5387	339	
5388	333	
5389	366	
5390	368	
5391	678	
5392	335	
5393	366	
5394	370	
5395	336	
5396	369	
5397	366	
5398	366	
5399	369	
5400	348	
5401	371	
5402	369	
5403	373	
5404	374	
5405	976	
5407	372	
5408	499	
5409	335	
5410	369	
5411	369	
5412	352	
5413	343	
5414	367	
5415	787	
5416	565	
5417	374	
5418	386	
5419	382	
5420	382	
5421	375	
5422	373	
5423	387	
5424	623	
5425	1004	
5427	360	
5428	359	
5429	371	
5430	379	
5431	737	
5432	402	
5433	364	
5434	378	
5435	380	
5436	774	
5437	344	
5438	373	
5439	371	
5440	350	
5441	347	
5442	369	
5443	787	
5444	342	
5445	1005	
5447	374	
5448	377	
5449	1072	
5450	337	
5451	369	
5452	379	
5453	342	
5454	369	
5455	372	
5456	370	
5457	342	
5458	335	
5459	1148	
5460	364	
5461	338	
5462	346	
5463	370	
5464	372	
5465	918	
5467	375	
5468	475	
5469	388	
5470	375	
5471	370	
5472	411	
5473	341	
5474	355	
5475	373	
5476	394	
5477	339	
5478	343	
5479	360	
5480	383	
5481	365	
5482	377	
5483	371	
5484	395	
5485	928	
5487	377	
5488	371	
5489	380	
5490	340	
5491	371	
5492	383	
5493	351	
5494	374	
5495	368	
5496	367	
5497	369	
5498	335	
5499	378	
5500	414	
5501	757	
5502	375	
5503	340	
5504	367	
5505	1558	
5507	339	
5508	370	
5509	440	
5510	413	
5512	380	
5513	593	
5514	369	
5515	345	
5516	368	
5517	368	
5518	334	
5519	343	
5520	373	
5521	383	
5522	384	
5523	349	
5524	379	
5525	1009	
5527	358	
5528	361	
5529	385	
5530	352	
5531	375	
5532	387	
5533	385	
5534	372	
5535	349	
5536	371	
5537	379	
5538	377	
5539	345	
5540	374	
5541	376	
5542	361	
5543	377	
5544	375	
5545	1036	
5547	352	
5548	349	
5549	373	
5550	377	
5551	358	
5552	343	
5553	371	
5554	375	
5555	347	
5556	340	
5557	378	
5558	376	
5559	341	
5560	340	
5561	375	
5562	372	
5563	375	
5564	339	
5565	1058	
5567	359	
5568	342	
5569	385	
5570	573	
5571	585	
5572	372	
5573	372	
5574	373	
5575	340	
5576	339	
5577	339	
5578	376	
5579	373	
5580	378	
5581	373	
5582	377	
5583	344	
5584	342	
5585	1032	
5587	375	
5588	348	
5589	361	
5590	373	
5591	373	
5592	351	
5593	378	
5594	384	
5595	379	
5596	377	
5597	363	
5598	376	
5599	377	
5600	344	
5601	347	
5602	378	
5603	378	
5604	346	
5605	1034	
5607	386	
5608	467	
5609	1204	
5610	373	
5611	374	
5612	375	
5613	340	
5614	372	
5615	372	
5616	343	
5617	348	
5618	374	
5619	1158	
5620	348	
5621	349	
5622	372	
5623	379	
5624	376	
5625	966	
5627	393	
5628	409	
5629	383	
5630	374	
5631	367	
5632	393	
5633	348	
5634	336	
5635	368	
5636	396	
5637	355	
5638	335	
5639	378	
5640	388	
5641	352	
5642	360	
5643	376	
5644	401	
5645	997	
5647	387	
5648	399	
5649	429	
5650	352	
5651	360	
5652	398	
5653	361	
5654	396	
5655	374	
5656	405	
5657	380	
5658	383	
5659	384	
5660	403	
5661	303	
5662	289	
5663	301	
5664	297	
5665	933	
5667	383	
5668	372	
5669	347	
5670	390	
5671	367	
5672	365	
5673	393	
5674	351	
5675	359	
5676	377	
5677	397	
5678	379	
5679	343	
5680	370	
5681	387	
5682	354	
5683	335	
5684	367	
5685	1015	
5687	348	
5688	377	
5689	399	
5690	453	
5691	342	
5692	370	
5693	387	
5694	426	
5695	350	
5696	383	
5697	393	
5698	352	
5699	377	
5700	358	
5701	368	
5702	408	
5703	351	
5704	367	
5705	1005	
5707	387	
5708	380	
5709	373	
5710	431	
5711	677	
5712	366	
5713	372	
5714	397	
5715	353	
5716	373	
5717	370	
5718	397	
5719	374	
5720	367	
5721	371	
5722	374	
5723	356	
5724	342	
5725	1029	
5727	432	
5728	345	
5729	367	
5730	992	
5732	348	
5733	369	
5734	394	
5735	377	
5736	348	
5737	370	
5738	394	
5739	411	
5740	383	
5741	367	
5742	392	
5743	431	
5744	340	
5745	1006	
5747	394	
5748	346	
5749	336	
5750	373	
5751	382	
5752	340	
5753	333	
5754	365	
5755	390	
5756	339	
5757	336	
5758	365	
5759	379	
5760	347	
5761	352	
5762	373	
5763	382	
5764	381	
5765	951	
5767	309	
5768	290	
5769	1077	
5770	628	
5771	294	
5772	280	
5773	296	
5774	371	
5775	274	
5776	373	
5777	370	
5778	373	
5779	1139	
5780	705	
5782	368	
5783	366	
5784	347	
5785	921	
5787	370	
5788	335	
5789	371	
5790	371	
5791	685	
5792	375	
5793	337	
5794	370	
5795	366	
5796	757	
5797	351	
5798	345	
5799	382	
5800	389	
5801	602	
5802	344	
5803	381	
5804	391	
5805	941	
5807	414	
5808	1093	
5810	386	
5811	377	
5812	351	
5813	396	
5814	386	
5815	387	
5816	349	
5817	346	
5818	413	
5819	378	
5820	350	
5821	348	
5822	375	
5823	353	
5824	356	
5825	1078	
5827	386	
5828	400	
5829	382	
5830	384	
5831	393	
5832	381	
5833	438	
5834	791	
5835	378	
5836	372	
5837	369	
5838	371	
5839	357	
5840	332	
5841	371	
5842	372	
5843	346	
5844	372	
5845	989	
5847	374	
5848	338	
5849	367	
5850	388	
5851	699	
5852	341	
5853	368	
5854	369	
5855	367	
5856	347	
5857	1046	
5859	621	
5860	356	
5861	358	
5862	386	
5863	390	
5864	410	
5865	1597	
5867	344	
5868	373	
5869	371	
5870	369	
5871	358	
5872	349	
5873	371	
5874	378	
5875	351	
5876	375	
5877	293	
5878	291	
5879	294	
5880	267	
5881	585	
5882	294	
5883	299	
5884	274	
5885	1225	
5887	394	
5888	342	
5889	334	
5890	368	
5891	371	
5892	348	
5893	336	
5894	369	
5895	371	
5896	383	
5897	367	
5898	365	
5899	368	
5900	352	
5901	344	
5902	366	
5903	373	
5904	381	
5905	993	
5907	370	
5908	694	
5909	747	
5910	369	
5911	369	
5912	358	
5913	339	
5914	375	
5915	366	
5916	344	
5917	338	
5918	369	
5919	365	
5920	335	
5921	748	
5922	365	
5923	367	
5924	374	
5925	964	
5927	369	
5928	388	
5929	1145	
5930	762	
5932	360	
5933	762	
5934	348	
5935	383	
5936	391	
5937	350	
5938	348	
5939	1167	
5940	368	
5941	352	
5942	365	
5943	378	
5944	390	
5945	959	
5947	380	
5948	373	
5949	370	
5950	373	
5951	380	
5952	348	
5953	373	
5954	371	
5955	374	
5956	341	
5957	345	
5958	340	
5959	376	
5960	341	
5961	755	
5962	342	
5963	368	
5964	370	
5965	1004	
5967	376	
5968	375	
5969	348	
5970	757	
5972	372	
5973	499	
5974	349	
5975	369	
5976	367	
5977	367	
5978	337	
5979	711	
5980	371	
5981	401	
5982	372	
5983	380	
5984	373	
5985	959	
5987	377	
5988	373	
5989	340	
5990	963	
5992	371	
5993	367	
5994	367	
5995	370	
5996	367	
5997	336	
5998	344	
5999	368	
6000	369	
6001	656	
6002	354	
6003	334	
6004	709	
6005	954	
6007	338	
6008	369	
6009	377	
6010	745	
6012	382	
6013	387	
6014	351	
6015	378	
6016	380	
6017	368	
6018	345	
6019	376	
6020	368	
6021	348	
6022	388	
6023	375	
6024	374	
6025	1352	
6027	374	
6028	859	
6029	371	
6030	1053	
6032	369	
6033	368	
6034	335	
6035	336	
6036	367	
6037	367	
6038	338	
6039	340	
6040	374	
6041	367	
6042	338	
6043	847	
6044	726	
6045	1007	
6047	366	
6048	893	
6049	1541	
6051	394	
6052	387	
6053	396	
6054	382	
6055	345	
6056	382	
6057	383	
6058	401	
6059	884	
6060	1588	
6062	348	
6063	379	
6064	375	
6065	1032	
6067	960	
6068	375	
6069	377	
6070	374	
6071	374	
6072	730	
6073	372	
6074	397	
6075	721	
6076	388	
6077	374	
6078	341	
6079	708	
6080	359	
6081	369	
6082	347	
6083	337	
6084	654	
6085	951	
6087	4259	
6092	398	
6093	378	
6094	346	
6095	343	
6096	369	
6097	373	
6098	372	
6099	1470	
6101	375	
6102	382	
6103	354	
6104	377	
6105	1017	
6107	1025	
6109	382	
6110	487	
6111	660	
6112	342	
6113	374	
6114	377	
6115	352	
6116	352	
6117	377	
6118	387	
6119	363	
6120	388	
6121	379	
6122	383	
6123	371	
6124	387	
6125	1014	
6127	379	
6128	369	
6129	721	
6130	391	
6131	664	
6132	345	
6133	379	
6134	399	
6135	398	
6136	391	
6137	389	
6138	381	
6139	384	
6140	366	
6141	380	
6142	377	
6143	348	
6144	360	
6145	1014	
6147	349	
6148	352	
6149	378	
6150	342	
6151	347	
6152	367	
6153	379	
6154	373	
6155	369	
6156	382	
6157	380	
6158	376	
6159	363	
6160	374	
6161	376	
6162	375	
6163	378	
6164	356	
6165	1041	
6167	345	
6168	376	
6169	374	
6170	1042	
6172	347	
6173	373	
6174	369	
6175	384	
6176	340	
6177	367	
6178	366	
6179	655	
6180	660	
6182	465	
6183	564	
6184	362	
6185	1011	
6187	389	
6188	405	
6189	539	
6190	750	
6192	367	
6193	388	
6194	377	
6195	386	
6196	704	
6197	374	
6198	376	
6199	665	
6200	657	
6201	338	
6202	376	
6203	368	
6204	731	
6205	947	
6207	1062	
6209	352	
6210	582	
6211	299	
6212	282	
6213	780	
6214	294	
6215	310	
6216	268	
6217	365	
6218	381	
6219	386	
6220	356	
6221	371	
6222	379	
6223	384	
6224	429	
6225	949	
6227	480	
6228	362	
6229	349	
6230	888	
6232	411	
6233	380	
6234	378	
6235	376	
6236	377	
6237	345	
6238	378	
6239	376	
6240	381	
6241	352	
6242	380	
6243	380	
6244	352	
6245	963	
6247	385	
6248	352	
6249	1082	
6250	391	
6251	380	
6252	356	
6253	365	
6254	383	
6255	363	
6256	353	
6257	354	
6258	373	
6259	1126	
6260	349	
6261	357	
6262	381	
6263	386	
6264	363	
6265	1010	
6267	382	
6268	520	
6269	351	
6270	377	
6271	728	
6272	380	
6273	359	
6274	344	
6275	375	
6276	380	
6277	356	
6278	342	
6279	375	
6280	494	
6281	696	
6282	368	
6283	650	
6284	450	
6285	1066	
6287	371	
6288	371	
6289	351	
6290	369	
6291	371	
6292	378	
6293	408	
6294	371	
6295	370	
6296	998	
6298	398	
6299	387	
6300	527	
6301	392	
6302	347	
6303	376	
6304	379	
6305	1013	
6307	380	
6308	378	
6309	415	
6310	355	
6311	373	
6312	385	
6313	399	
6314	439	
6315	368	
6316	368	
6317	300	
6318	269	
6319	295	
6320	298	
6321	292	
6322	268	
6323	293	
6324	294	
6325	842	
6327	343	
6328	315	
6329	362	
6330	377	
6331	644	
6332	377	
6333	420	
6334	353	
6335	369	
6336	367	
6337	351	
6338	343	
6339	367	
6340	504	
6341	748	
6342	346	
6343	369	
6344	367	
6345	959	
6347	383	
6348	380	
6349	379	
6350	370	
6351	348	
6352	382	
6353	381	
6354	789	
6355	473	
6356	365	
6357	371	
6358	343	
6359	344	
6360	371	
6361	371	
6362	374	
6363	365	
6364	371	
6365	1315	
6367	375	
6368	371	
6369	373	
6370	395	
6371	338	
6372	369	
6373	372	
6374	350	
6375	336	
6376	365	
6377	377	
6378	387	
6379	338	
6380	389	
6381	482	
6382	386	
6383	372	
6384	367	
6385	969	
6387	353	
6388	368	
6389	457	
6390	361	
6391	338	
6392	368	
6393	436	
6394	356	
6395	403	
6396	385	
6397	422	
6398	422	
6399	373	
6400	366	
6401	560	
6402	466	
6403	343	
6404	369	
6405	1007	
6407	358	
6408	378	
6409	1168	
6410	360	
6411	374	
6412	379	
6413	371	
6414	394	
6415	343	
6416	369	
6417	373	
6418	395	
6419	1078	
6420	363	
6421	372	
6422	371	
6423	334	
6424	365	
6425	961	
6427	372	
6428	318	
6429	296	
6430	328	
6431	311	
6432	277	
6433	294	
6434	304	
6435	341	
6436	308	
6437	304	
6438	310	
6439	381	
6440	370	
6441	374	
6442	370	
6443	449	
6444	342	
6445	1009	
6447	443	
6448	350	
6449	373	
6450	376	
6451	645	
6452	342	
6453	370	
6454	371	
6455	621	
6456	359	
6457	390	
6458	386	
6459	384	
6460	391	
6461	379	
6462	382	
6463	378	
6464	347	
6465	1033	
6467	456	
6468	366	
6469	383	
6470	386	
6471	382	
6472	352	
6473	618	
6474	451	
6475	383	
6476	393	
6477	404	
6478	386	
6479	391	
6480	359	
6481	384	
6482	384	
6483	338	
6484	356	
6485	1003	
6487	354	
6488	344	
6489	371	
6490	378	
6491	351	
6492	355	
6493	340	
6494	386	
6495	384	
6496	372	
6497	370	
6498	366	
6499	367	
6500	342	
6501	351	
6502	371	
6503	368	
6504	342	
6505	994	
6507	363	
6508	364	
6509	375	
6510	369	
6511	734	
6512	382	
6513	352	
6514	374	
6515	437	
6516	368	
6517	371	
6518	369	
6519	369	
6520	352	
6521	338	
6522	369	
6523	379	
6524	352	
6525	1034	
6527	375	
6528	681	
6529	336	
6530	372	
6531	367	
6532	337	
6533	336	
6534	366	
6535	369	
6536	340	
6537	368	
6538	365	
6539	365	
6540	423	
6541	352	
6542	398	
6543	395	
6544	386	
6545	956	
6547	767	
6548	789	
6549	390	
6550	371	
6551	734	
6552	385	
6553	348	
6554	367	
6555	377	
6556	336	
6557	369	
6558	369	
6559	368	
6560	368	
6561	337	
6562	380	
6563	369	
6564	382	
6565	1027	
6567	379	
6568	559	
6569	1073	
6570	373	
6571	617	
6572	378	
6573	372	
6574	378	
6575	372	
6576	372	
6577	367	
6578	365	
6579	1642	
6581	361	
6582	376	
6583	376	
6584	398	
6585	930	
6587	375	
6588	357	
6589	341	
6590	340	
6591	731	
6592	340	
6593	373	
6594	343	
6595	370	
6596	368	
6597	338	
6598	334	
6599	365	
6600	431	
6601	661	
6602	334	
6603	368	
6604	370	
6605	915	
6607	372	
6608	519	
6609	391	
6610	378	
6611	381	
6612	377	
6613	371	
6614	377	
6615	377	
6616	372	
6617	378	
6618	572	
6619	419	
6620	369	
6621	346	
6622	372	
6623	375	
6624	367	
6625	1335	
6627	393	
6628	391	
6629	379	
6630	371	
6631	397	
6632	392	
6633	368	
6634	391	
6635	378	
6636	670	
6637	443	
6638	358	
6639	375	
6640	381	
6641	391	
6642	342	
6643	381	
6644	382	
6645	1006	
6647	391	
6648	379	
6649	486	
6650	361	
6651	403	
6652	383	
6653	428	
6654	378	
6655	395	
6656	382	
6657	397	
6658	349	
6659	394	
6660	426	
6661	878	
6662	350	
6663	344	
6664	379	
6665	1126	
6667	346	
6668	376	
6669	394	
6670	364	
6671	356	
6672	376	
6673	378	
6674	386	
6675	372	
6676	376	
6677	378	
6678	355	
6679	379	
6680	379	
6681	387	
6682	395	
6683	370	
6684	407	
6685	944	
6687	356	
6688	405	
6689	389	
6690	388	
6691	360	
6692	382	
6693	401	
6694	413	
6695	346	
6696	369	
6697	400	
6698	377	
6699	355	
6700	399	
6701	790	
6702	399	
6703	392	
6704	375	
6705	1063	
6707	352	
6708	379	
6709	411	
6710	385	
6711	344	
6712	343	
6713	371	
6714	387	
6715	355	
6716	355	
6717	383	
6718	395	
6719	352	
6720	388	
6721	388	
6722	397	
6723	388	
6724	383	
6725	1011	
6727	400	
6728	400	
6729	1153	
6730	369	
6731	340	
6732	365	
6733	365	
6734	366	
6735	336	
6736	334	
6737	366	
6738	368	
6739	1089	
6740	346	
6741	366	
6742	366	
6743	336	
6744	334	
6745	974	
6747	338	
6748	589	
6749	365	
6750	353	
6751	332	
6752	348	
6753	365	
6754	365	
6755	357	
6756	352	
6757	371	
6758	376	
6759	362	
6760	339	
6761	294	
6762	298	
6763	269	
6764	301	
6765	910	
6767	274	
6768	300	
6769	294	
6770	382	
6771	739	
6772	338	
6773	365	
6774	367	
6775	341	
6776	338	
6777	365	
6778	364	
6779	365	
6780	373	
6781	365	
6782	369	
6783	353	
6784	350	
6785	1004	
6787	396	
6788	387	
6789	386	
6790	380	
6791	383	
6792	350	
6793	377	
6794	384	
6795	350	
6796	352	
6797	385	
6798	385	
6799	359	
6800	382	
6801	380	
6802	380	
6803	379	
6804	351	
6805	1002	
6807	386	
6808	356	
6809	349	
6810	383	
6811	343	
6812	350	
6813	345	
6814	380	
6815	381	
6816	375	
6817	344	
6818	371	
6819	748	
6820	497	
6821	333	
6822	369	
6823	337	
6824	519	
6825	1018	
6827	389	
6828	351	
6829	373	
6830	369	
6831	365	
6832	388	
6833	345	
6834	389	
6835	347	
6836	375	
6837	369	
6838	373	
6839	367	
6840	340	
6841	750	
6842	369	
6843	368	
6844	380	
6845	964	
6847	376	
6848	346	
6849	377	
6850	416	
6851	678	
6852	376	
6853	349	
6854	382	
6855	379	
6856	349	
6857	377	
6858	348	
6859	375	
6860	351	
6861	352	
6862	379	
6863	383	
6864	381	
6865	1062	
6867	379	
6868	389	
6869	292	
6870	298	
6871	302	
6872	288	
6873	277	
6874	300	
6875	300	
6876	341	
6877	273	
6878	375	
6879	296	
6880	278	
6881	729	
6882	348	
6883	386	
6884	382	
6885	1012	
6887	384	
6888	353	
6889	1093	
6890	373	
6891	372	
6892	350	
6893	361	
6894	360	
6895	388	
6896	379	
6897	375	
6898	391	
6899	1135	
6900	382	
6901	386	
6902	384	
6903	386	
6904	385	
6905	952	
6907	376	
6908	361	
6909	356	
6910	368	
6911	373	
6912	792	
6913	343	
6914	369	
6915	372	
6916	368	
6917	431	
6918	339	
6919	370	
6920	388	
6921	808	
6922	350	
6923	370	
6924	367	
6925	994	
6927	369	
6928	383	
6929	356	
6930	375	
6931	777	
6932	541	
6933	471	
6934	384	
6935	382	
6936	389	
6937	438	
6938	376	
6939	383	
6940	384	
6941	753	
6942	405	
6943	378	
6944	380	
6945	1006	
6947	381	
6948	373	
6949	374	
6950	342	
6951	745	
6952	372	
6953	375	
6954	345	
6955	339	
6956	374	
6957	889	
6958	352	
6959	375	
6960	379	
6961	378	
6962	354	
6963	350	
6964	378	
6965	1034	
6967	349	
6968	370	
6969	372	
6970	352	
6971	378	
6972	395	
6973	768	
6974	478	
6975	376	
6976	374	
6977	364	
6978	275	
6979	343	
6980	296	
6981	542	
6982	306	
6983	325	
6984	297	
6985	934	
6987	279	
6988	296	
6989	294	
6990	355	
6991	339	
6992	366	
6993	373	
6994	359	
6995	370	
6996	370	
6997	367	
6998	373	
6999	368	
7000	376	
7001	370	
7002	378	
7003	376	
7004	345	
7005	1030	
7007	346	
7008	360	
7009	374	
7010	338	
7011	376	
7012	376	
7013	378	
7014	377	
7015	336	
7016	377	
7017	379	
7018	358	
7019	340	
7020	368	
7021	739	
7022	338	
7023	378	
7024	372	
7025	996	
7027	341	
7028	337	
7029	366	
7030	576	
7032	339	
7033	737	
7034	334	
7035	335	
7036	336	
7037	368	
7038	373	
7039	371	
7040	364	
7041	374	
7042	372	
7043	344	
7044	370	
7045	1015	
7047	379	
7048	383	
7049	1174	
7050	376	
7051	366	
7052	345	
7053	375	
7054	377	
7055	362	
7056	344	
7057	375	
7058	378	
7059	1085	
7060	392	
7061	376	
7062	373	
7063	371	
7064	341	
7065	1006	
7067	350	
7068	344	
7069	373	
7070	377	
7071	344	
7072	373	
7073	377	
7074	371	
7075	337	
7076	336	
7077	335	
7078	374	
7079	371	
7080	388	
7081	371	
7082	547	
7083	379	
7084	341	
7085	1007	
7087	321	
7088	286	
7089	296	
7090	307	
7091	293	
7092	305	
7093	299	
7094	297	
7095	639	
7096	306	
7097	302	
7098	293	
7099	291	
7100	338	
7101	746	
7102	365	
7103	345	
7104	340	
7105	1274	
7107	380	
7108	343	
7109	343	
7110	490	
7111	648	
7112	371	
7113	367	
7114	372	
7115	369	
7116	336	
7117	337	
7118	372	
7119	369	
7120	365	
7121	345	
7122	367	
7123	372	
7124	357	
7125	952	
7127	379	
7128	376	
7129	377	
7130	371	
7131	377	
7132	362	
7133	340	
7134	370	
7135	365	
7136	346	
7137	349	
7138	366	
7139	368	
7140	336	
7141	727	
7142	367	
7143	369	
7144	389	
7145	992	
7147	369	
7148	375	
7149	370	
7150	383	
7151	374	
7152	350	
7153	340	
7154	344	
7155	383	
7156	343	
7157	346	
7158	359	
7159	373	
7160	383	
7161	379	
7162	369	
7163	375	
7164	380	
7165	935	
7167	379	
7168	384	
7169	347	
7170	372	
7171	371	
7172	358	
7173	342	
7174	348	
7175	371	
7176	375	
7177	377	
7178	340	
7179	372	
7180	374	
7181	765	
7182	337	
7183	373	
7184	368	
7185	929	
7187	388	
7188	373	
7189	355	
7190	396	
7191	368	
7192	374	
7193	376	
7194	369	
7195	378	
7196	370	
7197	364	
7198	378	
7199	362	
7200	380	
7201	346	
7202	370	
7203	380	
7204	377	
7205	931	
7207	383	
7208	372	
7209	1166	
7210	341	
7211	369	
7212	368	
7213	342	
7214	344	
7215	371	
7216	375	
7217	342	
7218	372	
7219	1147	
7220	378	
7221	339	
7222	340	
7223	339	
7224	371	
7225	973	
7227	341	
7228	647	
7229	339	
7230	374	
7231	365	
7232	368	
7233	371	
7234	347	
7235	371	
7236	375	
7237	371	
7238	370	
7239	373	
7240	369	
7241	370	
7242	372	
7243	372	
7244	371	
7245	990	
7247	347	
7248	368	
7249	759	
7250	347	
7251	339	
7252	372	
7253	345	
7254	354	
7255	386	
7256	386	
7257	683	
7258	378	
7259	371	
7260	381	
7261	372	
7262	335	
7263	348	
7264	373	
7265	1719	
7267	376	
7268	373	
7269	371	
7270	347	
7271	341	
7272	370	
7273	381	
7274	392	
7275	378	
7276	373	
7277	371	
7278	373	
7279	345	
7280	374	
7281	378	
7282	365	
7283	342	
7284	368	
7285	1048	
7287	427	
7288	377	
7289	376	
7290	393	
7291	373	
7292	372	
7293	378	
7294	399	
7295	346	
7296	367	
7297	373	
7298	348	
7299	345	
7300	383	
7301	385	
7302	349	
7303	355	
7304	480	
7305	1072	
7307	381	
7308	365	
7309	376	
7310	344	
7311	278	
7312	298	
7313	302	
7314	315	
7315	273	
7316	304	
7317	297	
7318	278	
7319	274	
7320	299	
7321	377	
7322	350	
7323	372	
7324	338	
7325	1012	
7327	357	
7328	349	
7329	373	
7330	383	
7331	373	
7332	336	
7333	367	
7334	366	
7335	371	
7336	339	
7337	366	
7338	372	
7339	371	
7340	372	
7341	365	
7342	372	
7343	354	
7344	369	
7345	988	
7347	376	
7348	454	
7349	373	
7350	338	
7351	343	
7352	368	
7353	380	
7354	374	
7355	369	
7356	339	
7357	369	
7358	368	
7359	340	
7360	347	
7361	368	
7362	373	
7363	338	
7364	344	
7365	1025	
7367	354	
7368	359	
7369	1189	
7370	382	
7371	373	
7372	367	
7373	366	
7374	365	
7375	371	
7376	336	
7377	353	
7378	372	
7379	1096	
7380	341	
7381	367	
7382	383	
7383	373	
7384	381	
7385	1005	
7387	383	
7388	377	
7389	392	
7390	369	
7391	780	
7392	344	
7393	340	
7394	369	
7395	381	
7396	357	
7397	339	
7398	371	
7399	366	
7400	368	
7401	340	
7402	371	
7403	763	
7404	608	
7405	999	
7407	370	
7408	350	
7409	349	
7410	393	
7411	372	
7412	348	
7413	347	
7414	373	
7415	359	
7416	360	
7417	342	
7418	368	
7419	374	
7420	319	
7421	376	
7422	300	
7423	300	
7424	285	
7425	844	
7427	295	
7428	631	
7429	294	
7430	307	
7431	583	
7432	339	
7433	373	
7434	369	
7435	370	
7436	368	
7437	371	
7438	369	
7439	367	
7440	369	
7441	341	
7442	368	
7443	366	
7444	640	
7445	922	
7447	368	
7448	376	
7449	355	
7450	385	
7451	373	
7452	383	
7453	380	
7454	371	
7455	368	
7456	361	
7457	354	
7458	374	
7459	369	
7460	361	
7461	360	
7462	372	
7463	374	
7464	353	
7465	995	
7467	382	
7468	380	
7469	386	
7470	383	
7471	378	
7472	376	
7473	352	
7474	337	
7475	366	
7476	367	
7477	367	
7478	341	
7479	373	
7480	394	
7481	379	
7482	341	
7483	370	
7484	370	
7485	1017	
7487	381	
7488	375	
7489	349	
7490	371	
7491	371	
7492	366	
7493	360	
7494	342	
7495	367	
7496	692	
7497	389	
7498	381	
7499	382	
7500	367	
7501	738	
7502	368	
7503	367	
7504	366	
7505	968	
7507	385	
7508	382	
7509	348	
7510	459	
7511	376	
7512	404	
7513	343	
7514	346	
7515	359	
7516	397	
7517	406	
7518	345	
7519	371	
7520	373	
7521	350	
7522	355	
7523	380	
7524	618	
7525	1012	
7527	376	
7528	371	
7529	1081	
7530	337	
7531	295	
7532	297	
7533	305	
7534	297	
7535	293	
7536	293	
7537	302	
7538	270	
7539	976	
7540	293	
7541	278	
7542	268	
7543	336	
7544	367	
7545	922	
7547	337	
7548	768	
7549	588	
7550	708	
7552	371	
7553	367	
7554	387	
7555	422	
7556	387	
7557	388	
7558	388	
7559	372	
7560	387	
7561	376	
7562	353	
7563	354	
7564	386	
7565	966	
7567	386	
7568	384	
7569	379	
7570	353	
7571	349	
7572	378	
7573	379	
7574	363	
7575	351	
7576	381	
7577	381	
7578	385	
7579	350	
7580	410	
7581	370	
7582	371	
7583	368	
7584	370	
7585	950	
7587	344	
7588	336	
7589	365	
7590	362	
7591	349	
7592	358	
7593	385	
7594	357	
7595	352	
7596	371	
7597	386	
7598	385	
7599	384	
7600	387	
7601	383	
7602	372	
7603	360	
7604	384	
7605	1002	
7607	356	
7608	385	
7609	384	
7610	351	
7611	350	
7612	351	
7613	385	
7614	350	
7615	383	
7616	380	
7617	380	
7618	380	
7619	351	
7620	364	
7621	377	
7622	380	
7623	356	
7624	352	
7625	1078	
7627	356	
7628	354	
7629	383	
7630	386	
7631	385	
7632	387	
7633	399	
7634	388	
7635	391	
7636	387	
7637	380	
7638	385	
7639	371	
7640	351	
7641	538	
7642	452	
7643	316	
7644	303	
7645	958	
7647	313	
7648	298	
7649	297	
7650	294	
7651	747	
7652	344	
7653	369	
7654	395	
7655	395	
7656	661	
7657	705	
7658	367	
7659	407	
7660	408	
7661	421	
7662	372	
7663	346	
7664	381	
7665	1044	
7667	390	
7668	348	
7669	362	
7670	369	
7671	829	
7672	430	
7673	383	
7674	398	
7675	409	
7676	377	
7677	381	
7678	390	
7679	384	
7680	394	
7681	391	
7682	382	
7683	388	
7684	366	
7685	985	
7687	357	
7688	351	
7689	1116	
7690	388	
7691	350	
7692	354	
7693	628	
7694	372	
7695	378	
7696	385	
7697	373	
7698	370	
7699	1109	
7700	406	
7701	372	
7702	376	
7703	386	
7704	369	
7705	1013	
7707	377	
7708	354	
7709	388	
7710	385	
7711	727	
7712	387	
7713	383	
7714	381	
7715	382	
7716	349	
7717	348	
7718	381	
7719	345	
7720	362	
7721	351	
7722	381	
7723	371	
7724	348	
7725	1012	
7727	385	
7728	350	
7729	381	
7730	388	
7731	380	
7732	347	
7733	380	
7734	380	
7735	383	
7736	350	
7737	347	
7738	371	
7739	390	
7740	354	
7741	356	
7742	382	
7743	383	
7744	414	
7745	1024	
7747	392	
7748	369	
7749	374	
7750	384	
7751	383	
7752	381	
7753	384	
7754	381	
7755	382	
7756	344	
7757	351	
7758	347	
7759	383	
7760	361	
7761	310	
7762	381	
7763	383	
7764	379	
7765	939	
7767	386	
7768	382	
7769	348	
7770	386	
7771	381	
7772	759	
7773	518	
7774	338	
7775	374	
7776	370	
7777	361	
7778	389	
7779	390	
7780	380	
7781	557	
7782	470	
7783	373	
7784	359	
7785	919	
7787	402	
7788	386	
7789	356	
7790	382	
7791	758	
7792	356	
7793	381	
7794	349	
7795	382	
7796	381	
7797	349	
7798	352	
7799	382	
7800	388	
7801	704	
7802	383	
7803	379	
7804	379	
7805	961	
7807	354	
7808	383	
7809	364	
7810	388	
7811	384	
7812	386	
7813	385	
7814	353	
7815	386	
7816	384	
7817	378	
7818	353	
7819	389	
7820	379	
7821	363	
7822	386	
7823	387	
7824	386	
7825	1048	
7827	399	
7828	385	
7829	385	
7830	348	
7831	355	
7832	384	
7833	350	
7834	353	
7835	351	
7836	380	
7837	793	
7838	666	
7839	342	
7840	459	
7841	579	
7842	371	
7843	341	
7844	369	
7845	1000	
7847	355	
7848	391	
7849	1513	
7851	385	
7852	370	
7853	373	
7854	365	
7855	346	
7856	377	
7857	372	
7858	375	
7859	1147	
7860	384	
7861	307	
7862	286	
7863	281	
7864	293	
7865	937	
7867	282	
7868	291	
7869	293	
7870	314	
7871	367	
7872	366	
7873	365	
7874	339	
7875	372	
7876	376	
7877	378	
7878	352	
7879	385	
7880	383	
7881	390	
7882	390	
7883	357	
7884	379	
7885	1013	
7887	388	
7888	389	
7889	388	
7890	703	
7892	377	
7893	370	
7894	348	
7895	340	
7896	366	
7897	364	
7898	346	
7899	338	
7900	366	
7901	728	
7902	346	
7903	345	
7904	344	
7905	1001	
7907	369	
7908	390	
7909	387	
7910	376	
7911	356	
7912	377	
7913	378	
7914	379	
7915	359	
7916	367	
7917	385	
7918	384	
7919	373	
7920	381	
7921	622	
7922	453	
7923	378	
7924	385	
7925	1008	
7927	386	
7928	361	
7929	383	
7930	386	
7931	775	
7932	348	
7933	379	
7934	383	
7935	354	
7936	349	
7937	380	
7938	452	
7939	381	
7940	391	
7941	382	
7942	380	
7943	349	
7944	352	
7945	1015	
7947	363	
7948	385	
7949	383	
7950	356	
7951	664	
7952	351	
7953	392	
7954	569	
7955	395	
7956	385	
7957	387	
7958	386	
7959	379	
7960	350	
7961	388	
7962	389	
7963	363	
7964	356	
7965	1008	
7967	357	
7968	381	
7969	383	
7970	379	
7971	283	
7972	307	
7973	309	
7974	304	
7975	347	
7976	306	
7977	283	
7978	308	
7979	308	
7980	287	
7981	351	
7982	308	
7983	311	
7984	287	
7985	1006	
7987	429	
7988	385	
7989	385	
7990	384	
7991	375	
7992	360	
7993	373	
7994	385	
7995	349	
7996	354	
7997	384	
7998	384	
7999	359	
8000	350	
8001	347	
8002	386	
8003	357	
8004	378	
8005	1247	
8007	382	
8008	790	
8009	1084	
8010	368	
8011	342	
8012	339	
8013	750	
8014	380	
8015	380	
8016	353	
8017	350	
8018	383	
8019	1109	
8020	375	
8021	381	
8022	381	
8023	381	
8024	381	
8025	919	
8027	386	
8028	350	
8029	349	
8030	392	
8031	381	
8032	390	
8033	522	
8034	362	
8035	392	
8036	384	
8037	387	
8038	384	
8039	384	
8040	364	
8041	359	
8042	367	
8043	385	
8044	3419	
8048	377	
8049	363	
8050	718	
8052	368	
8053	386	
8054	385	
8055	382	
8056	386	
8057	360	
8058	347	
8059	716	
8060	380	
8061	350	
8062	353	
8063	381	
8064	387	
8065	997	
8067	441	
8068	889	
8069	664	
8070	700	
8072	384	
8073	384	
8074	386	
8075	380	
8076	380	
8077	380	
8078	346	
8079	345	
8080	311	
8081	278	
8082	279	
8083	280	
8084	304	
8085	936	
8087	305	
8088	306	
8089	302	
8090	671	
8091	413	
8092	386	
8093	383	
8094	394	
8095	384	
8096	382	
8097	386	
8098	356	
8099	704	
8100	711	
8102	409	
8103	375	
8104	378	
8105	1038	
8107	1827	
8109	1164	
8110	1147	
8112	734	
8113	893	
8114	655	
8115	1356	
8117	1077	
8119	378	
8120	377	
8121	1101	
8123	847	
8124	379	
8125	1046	
8127	355	
8128	341	
8129	374	
8130	745	
8132	345	
8133	374	
8134	372	
8135	379	
8136	367	
8137	368	
8138	373	
8139	662	
8140	741	
8142	1185	
8144	359	
8145	1023	
8147	971	
8148	796	
8149	683	
8150	708	
8152	704	
8153	862	
8154	666	
8155	1191	
8157	999	
8159	362	
8160	645	
8161	707	
8162	372	
8163	826	
8164	337	
8165	987	
8167	394	
8168	371	
8169	1159	
8170	1122	
8172	346	
8173	367	
8174	701	
8175	341	
8176	648	
8177	336	
8178	369	
8179	1112	
8180	344	
8181	340	
8182	387	
8183	380	
8184	421	
8185	1001	
8187	494	
8188	359	
8189	281	
8190	643	
8192	287	
8193	274	
8194	295	
8195	412	
8196	588	
8197	273	
8198	295	
8199	379	
8200	429	
8201	407	
8202	377	
8203	369	
8204	563	
8205	916	
8207	584	
8208	547	
8209	352	
8210	1488	
8212	397	
8213	379	
8214	375	
8215	366	
8216	395	
8217	378	
8218	375	
8219	372	
8220	388	
8221	354	
8222	368	
8223	365	
8224	338	
8225	938	
8227	1030	
8229	647	
8230	696	
8232	369	
8233	347	
8234	507	
8235	380	
8236	369	
8237	369	
8238	342	
8239	367	
8240	376	
8241	684	
8242	366	
8243	367	
8244	367	
8245	918	
8247	368	
8248	371	
8249	339	
8250	716	
8252	370	
8253	510	
8254	336	
8255	359	
8256	370	
8257	340	
8258	353	
8259	369	
8260	367	
8261	367	
8262	662	
8263	362	
8264	371	
8265	917	
8267	572	
8268	532	
8269	371	
8270	372	
8271	411	
8272	390	
8273	418	
8274	387	
8275	370	
8276	369	
8277	378	
8278	391	
8279	372	
8280	391	
8281	419	
8282	428	
8283	374	
8284	368	
8285	1047	
8287	353	
8288	369	
8289	386	
8290	398	
8291	346	
8292	369	
8293	370	
8294	371	
8295	358	
8296	370	
8297	384	
8298	430	
8299	350	
8300	374	
8301	370	
8302	348	
8303	349	
8304	337	
8305	1497	
8307	446	
8308	372	
8309	372	
8310	377	
8311	299	
8312	354	
8313	388	
8314	381	
8315	377	
8316	380	
8317	375	
8318	377	
8319	372	
8320	340	
8321	371	
8322	372	
8323	373	
8324	344	
8325	1020	
8327	381	
8328	379	
8329	1176	
8330	376	
8331	382	
8332	372	
8333	372	
8334	369	
8335	339	
8336	341	
8337	366	
8338	367	
8339	1056	
8340	338	
8341	366	
8342	367	
8343	343	
8344	337	
8345	935	
8347	340	
8348	375	
8349	367	
8350	775	
8352	615	
8353	378	
8354	345	
8355	382	
8356	388	
8357	356	
8358	362	
8359	408	
8360	384	
8361	404	
8362	387	
8363	381	
8364	381	
8365	936	
8367	386	
8368	382	
8369	380	
8370	383	
8371	380	
8372	378	
8373	374	
8374	353	
8375	352	
8376	377	
8377	375	
8378	354	
8379	351	
8380	377	
8381	376	
8382	354	
8383	350	
8384	344	
8385	992	
8387	352	
8388	365	
8389	367	
8390	376	
8391	337	
8392	335	
8393	365	
8394	366	
8395	358	
8396	365	
8397	380	
8398	394	
8399	379	
8400	373	
8401	378	
8402	387	
8403	368	
8404	383	
8405	1004	
8407	373	
8408	383	
8409	371	
8410	397	
8411	307	
8412	277	
8413	303	
8414	374	
8415	355	
8416	281	
8417	338	
8418	362	
8419	303	
8420	356	
8421	761	
8422	387	
8423	384	
8424	362	
8425	1019	
8427	365	
8428	352	
8429	384	
8430	395	
8431	712	
8432	347	
8433	348	
8434	398	
8435	377	
8436	381	
8437	379	
8438	380	
8439	346	
8440	365	
8441	351	
8442	380	
8443	380	
8444	354	
8445	994	
8447	434	
8448	350	
8449	382	
8450	395	
8451	388	
8452	365	
8453	358	
8454	390	
8455	376	
8456	373	
8457	386	
8458	385	
8459	385	
8460	358	
8461	357	
8462	592	
8463	504	
8464	425	
8465	1028	
8467	401	
8468	781	
8469	378	
8470	390	
8471	730	
8472	337	
8473	339	
8474	372	
8475	379	
8476	354	
8477	347	
8478	371	
8479	369	
8480	339	
8481	759	
8482	339	
8483	372	
8484	351	
8485	1015	
8487	375	
8488	372	
8489	1095	
8490	347	
8491	368	
8492	377	
8493	356	
8494	771	
8495	384	
8496	335	
8497	339	
8498	376	
8499	1066	
8500	360	
8501	351	
8502	347	
8503	363	
8504	366	
8505	1039	
8507	393	
8508	388	
8509	384	
8510	381	
8511	384	
8512	390	
8513	375	
8514	384	
8515	290	
8516	356	
8517	319	
8518	314	
8519	299	
8520	282	
8521	304	
8522	320	
8523	281	
8524	308	
8525	952	
8527	308	
8528	281	
8529	350	
8530	384	
8531	382	
8532	366	
8533	352	
8534	382	
8535	390	
8536	354	
8537	383	
8538	385	
8539	398	
8540	385	
8541	396	
8542	370	
8543	437	
8544	386	
8545	986	
8547	405	
8548	376	
8549	352	
8550	382	
8551	387	
8552	374	
8553	387	
8554	396	
8555	393	
8556	385	
8557	384	
8558	384	
8559	382	
8560	350	
8561	362	
8562	376	
8563	382	
8564	363	
8565	933	
8567	387	
8568	356	
8569	355	
8570	347	
8571	385	
8572	357	
8573	404	
8574	361	
8575	394	
8576	722	
8577	381	
8578	374	
8579	373	
8580	377	
8581	354	
8582	340	
8583	382	
8584	384	
8585	1039	
8587	377	
8588	384	
8589	339	
8590	382	
8591	374	
8592	379	
8593	398	
8594	343	
8595	356	
8596	391	
8597	355	
8598	365	
8599	386	
8600	388	
8601	394	
8602	362	
8603	384	
8604	386	
8605	945	
8607	383	
8608	383	
8609	386	
8610	354	
8611	382	
8612	691	
8613	399	
8614	339	
8615	367	
8616	372	
8617	349	
8618	339	
8619	335	
8620	366	
8621	723	
8622	369	
8623	367	
8624	366	
8625	988	
8627	340	
8628	371	
8629	340	
8630	276	
8631	598	
8632	294	
8633	293	
8634	276	
8635	269	
8636	578	
8637	293	
8638	281	
8639	268	
8640	302	
8641	367	
8642	339	
8643	392	
8644	381	
8645	994	
8647	342	
8648	359	
8649	1093	
8650	340	
8651	361	
8652	372	
8653	371	
8654	375	
8655	367	
8656	373	
8657	370	
8658	343	
8659	1051	
8660	370	
8661	375	
8662	352	
8663	371	
8664	368	
8665	995	
8667	345	
8668	340	
8669	370	
8670	629	
8672	371	
8673	371	
8674	351	
8675	343	
8676	340	
8677	370	
8678	396	
8679	350	
8680	348	
8681	369	
8682	366	
8683	371	
8684	336	
8685	1644	
8688	393	
8689	375	
8690	376	
8691	377	
8692	364	
8693	378	
8694	410	
8695	372	
8696	374	
8697	351	
8698	356	
8699	351	
8700	370	
8701	370	
8702	372	
8703	381	
8704	368	
8705	983	
8707	373	
8708	369	
8709	336	
8710	501	
8711	682	
8712	366	
8713	373	
8714	341	
8715	335	
8716	369	
8717	353	
8718	345	
8719	336	
8720	375	
8721	367	
8722	370	
8723	336	
8724	366	
8725	934	
8727	353	
8728	379	
8729	376	
8730	366	
8731	358	
8732	372	
8733	379	
8734	385	
8735	341	
8736	355	
8737	394	
8738	377	
8739	374	
8740	380	
8741	374	
8742	379	
8743	376	
8744	372	
8745	996	
8747	352	
8748	375	
8749	370	
8750	347	
8751	750	
8752	370	
8753	369	
8754	335	
8755	336	
8756	366	
8757	383	
8758	341	
8759	367	
8760	378	
8761	368	
8762	369	
8763	338	
8764	338	
8765	993	
8767	349	
8768	337	
8769	380	
8770	374	
8771	379	
8772	338	
8773	366	
8774	369	
8775	333	
8776	338	
8777	383	
8778	368	
8779	379	
8780	374	
8781	368	
8782	370	
8783	345	
8784	341	
8785	990	
8787	359	
8788	360	
8789	377	
8790	374	
8791	383	
8792	360	
8793	375	
8794	378	
8795	371	
8796	376	
8797	377	
8798	370	
8799	344	
8800	343	
8801	366	
8802	366	
8803	335	
8804	337	
8805	941	
8807	372	
8808	358	
8809	1155	
8810	641	
8812	386	
8813	376	
8814	337	
8815	384	
8816	372	
8817	334	
8818	335	
8819	1263	
8820	363	
8821	368	
8822	373	
8823	373	
8824	374	
8825	946	
8827	348	
8828	371	
8829	370	
8830	339	
8831	469	
8832	371	
8833	371	
8834	380	
8835	337	
8836	366	
8837	392	
8838	339	
8839	717	
8840	370	
8841	368	
8842	354	
8843	351	
8844	378	
8845	989	
8847	359	
8848	382	
8849	380	
8850	379	
8851	350	
8852	346	
8853	380	
8854	381	
8855	384	
8856	358	
8857	373	
8858	372	
8859	360	
8860	368	
8861	297	
8862	295	
8863	273	
8864	289	
8865	984	
8867	359	
8868	340	
8869	365	
8870	370	
8871	358	
8872	346	
8873	371	
8874	369	
8875	362	
8876	367	
8877	369	
8878	369	
8879	367	
8880	368	
8881	728	
8882	366	
8883	333	
8884	334	
8885	984	
8887	337	
8888	337	
8889	366	
8890	372	
8891	708	
8892	337	
8893	369	
8894	385	
8895	360	
8896	702	
8897	368	
8898	1319	
8900	353	
8901	347	
8902	370	
8903	374	
8904	342	
8905	985	
8907	366	
8908	367	
8909	370	
8910	369	
8911	353	
8912	340	
8913	368	
8914	371	
8915	368	
8916	347	
8917	364	
8918	366	
8919	338	
8920	340	
8921	333	
8922	366	
8923	368	
8924	339	
8925	983	
8927	701	
8928	380	
8929	371	
8930	418	
8931	682	
8932	370	
8933	338	
8934	367	
8935	368	
8936	731	
8937	366	
8938	366	
8939	367	
8940	349	
8941	334	
8942	366	
8943	370	
8944	662	
8945	979	
8947	368	
8948	477	
8949	355	
8950	368	
8951	371	
8952	381	
8953	647	
8954	695	
8955	373	
8956	384	
8957	368	
8958	373	
8959	372	
8960	364	
8961	362	
8962	381	
8963	376	
8964	702	
8965	932	
8967	294	
8968	293	
8969	1097	
8970	270	
8971	293	
8972	295	
8973	602	
8974	648	
8975	305	
8976	306	
8977	354	
8978	390	
8979	1145	
8980	388	
8981	389	
8982	349	
8983	382	
8984	717	
8985	977	
8987	384	
8988	381	
8989	349	
8990	387	
8991	379	
8992	388	
8993	700	
8994	711	
8995	722	
8996	397	
8997	387	
8998	378	
8999	373	
9000	384	
9001	682	
9002	937	
9003	743	
9004	715	
9005	1030	
9007	415	
9008	393	
9009	378	
9010	382	
9011	384	
9012	380	
9013	380	
9014	387	
9015	347	
9016	382	
9017	378	
9018	351	
9019	347	
9020	383	
9021	374	
9022	353	
9023	381	
9024	719	
9025	982	
9027	384	
9028	381	
9029	383	
9030	376	
9031	347	
9032	383	
9033	724	
9034	383	
9035	385	
9036	382	
9037	380	
9038	351	
9039	358	
9040	386	
9041	386	
9042	352	
9043	374	
9044	384	
9045	1003	
9047	357	
9048	371	
9049	383	
9050	350	
9051	354	
9052	390	
9053	384	
9054	365	
9055	390	
9056	389	
9057	383	
9058	356	
9059	344	
9060	386	
9061	379	
9062	380	
9063	359	
9064	380	
9065	991	
9067	360	
9068	347	
9069	381	
9070	450	
9071	717	
9072	349	
9073	391	
9074	379	
9075	292	
9076	308	
9077	306	
9078	302	
9079	279	
9080	286	
9081	304	
9082	307	
9083	281	
9084	306	
9085	937	
9087	356	
9088	353	
9089	386	
9090	414	
9091	365	
9092	376	
9093	376	
9094	374	
9095	390	
9096	370	
9097	366	
9098	374	
9099	375	
9100	340	
9101	373	
9102	386	
9103	353	
9104	373	
9105	993	
9107	342	
9108	341	
9109	382	
9110	369	
9111	782	
9112	340	
9113	337	
9114	370	
9115	349	
9116	341	
9117	369	
9118	368	
9119	346	
9120	385	
9121	341	
9122	367	
9123	384	
9124	340	
9125	998	
9127	374	
9128	374	
9129	1125	
9130	385	
9131	371	
9132	346	
9133	369	
9134	381	
9135	387	
9136	349	
9137	356	
9138	378	
9139	1082	
9140	347	
9141	387	
9142	375	
9143	375	
9144	374	
9145	924	
9147	377	
9148	389	
9149	348	
9150	417	
9151	375	
9152	360	
9153	376	
9154	368	
9155	370	
9156	347	
9157	343	
9158	380	
9159	370	
9160	408	
9161	765	
9162	344	
9163	369	
9164	339	
9165	1547	
9167	449	
9168	378	
9169	344	
9170	380	
9171	560	
9172	556	
9173	379	
9174	392	
9175	357	
9176	346	
9177	348	
9178	368	
9179	396	
9180	370	
9181	689	
9182	500	
9183	448	
9184	449	
9185	1319	
9187	469	
9188	463	
9189	494	
9190	491	
9191	492	
9192	467	
9193	490	
9194	486	
9195	452	
9196	479	
9197	622	
9198	473	
9199	386	
9200	338	
9201	359	
9202	374	
9203	347	
9204	346	
9205	1013	
9207	377	
9208	727	
9209	385	
9210	382	
9211	380	
9212	396	
9213	754	
9214	368	
9215	369	
9216	340	
9217	367	
9218	369	
9219	349	
9220	369	
9221	373	
9222	374	
9223	342	
9224	696	
9225	1048	
9227	368	
9228	404	
9229	513	
9230	370	
9231	375	
9232	365	
9233	1120	
9235	370	
9236	370	
9237	369	
9238	389	
9239	393	
9240	348	
9241	746	
9242	1031	
9244	360	
9245	1021	
9247	386	
9248	353	
9249	368	
9250	1770	
9253	343	
9254	368	
9255	391	
9256	344	
9257	335	
9258	368	
9259	376	
9260	376	
9261	340	
9262	367	
9263	374	
9264	346	
9265	966	
9267	379	
9268	645	
9269	335	
9270	374	
9271	380	
9272	339	
9273	337	
9274	366	
9275	383	
9276	337	
9277	354	
9278	372	
9279	369	
9280	359	
9281	341	
9282	350	
9283	372	
9284	353	
9285	901	
9287	376	
9288	383	
9289	1064	
9290	708	
9292	356	
9293	350	
9294	386	
9295	371	
9296	758	
9297	357	
9298	369	
9299	1131	
9300	645	
9302	341	
9303	762	
9304	378	
9305	947	
9307	374	
9308	368	
9309	376	
9310	339	
9311	738	
9312	369	
9313	341	
9314	337	
9315	368	
9316	368	
9317	341	
9318	368	
9319	367	
9320	375	
9321	338	
9322	338	
9323	366	
9324	381	
9325	1054	
9327	395	
9328	378	
9329	388	
9330	349	
9331	354	
9332	375	
9333	396	
9334	347	
9335	586	
9336	380	
9337	388	
9338	343	
9339	374	
9340	370	
9341	374	
9342	357	
9343	403	
9344	376	
9345	1159	
9347	377	
9348	373	
9349	385	
9350	353	
9351	749	
9352	367	
9353	376	
9354	342	
9355	397	
9356	412	
9357	414	
9358	391	
9359	344	
9360	388	
9361	381	
9362	361	
9363	376	
9364	368	
9365	1142	
9367	344	
9368	370	
9369	373	
9370	356	
9371	341	
9372	381	
9373	780	
9374	559	
9375	355	
9376	344	
9377	402	
9378	382	
9379	355	
9380	348	
9381	341	
9382	419	
9383	375	
9384	372	
9385	1013	
9387	373	
9388	782	
9389	339	
9390	338	
9391	728	
9392	498	
9393	339	
9394	337	
9395	367	
9396	366	
9397	367	
9398	337	
9399	365	
9400	368	
9401	648	
9402	337	
9403	366	
9404	367	
9405	1037	
9407	374	
9408	663	
9409	342	
9410	372	
9411	299	
9412	296	
9413	271	
9414	318	
9415	303	
9416	293	
9417	301	
9418	273	
9419	275	
9420	370	
9421	376	
9422	345	
9423	365	
9424	373	
9425	950	
9427	386	
9428	376	
9429	361	
9430	360	
9431	383	
9432	376	
9433	369	
9434	368	
9435	370	
9436	373	
9437	340	
9438	353	
9439	344	
9440	377	
9441	449	
9442	357	
9443	346	
9444	371	
9445	950	
9447	360	
9448	377	
9449	1142	
9450	339	
9451	358	
9452	372	
9453	370	
9454	344	
9455	370	
9456	374	
9457	373	
9458	340	
9459	1121	
9460	382	
9461	357	
9462	385	
9463	369	
9464	367	
9465	986	
9467	353	
9468	370	
9469	357	
9470	360	
9471	338	
9472	368	
9473	378	
9474	372	
9475	618	
9476	366	
9477	367	
9478	347	
9479	388	
9480	375	
9481	373	
9482	388	
9483	372	
9484	373	
9485	949	
9487	355	
9488	366	
9489	374	
9490	341	
9491	368	
9492	372	
9493	358	
9494	372	
9495	339	
9496	371	
9497	369	
9498	348	
9499	336	
9500	365	
9501	368	
9502	782	
9503	368	
9504	365	
9505	982	
9507	343	
9508	336	
9509	380	
9510	440	
9511	728	
9512	366	
9513	366	
9514	367	
9515	336	
9516	335	
9517	367	
9518	379	
9519	357	
9520	302	
9521	303	
9522	305	
9523	312	
9524	294	
9525	922	
9527	284	
9528	320	
9529	305	
9530	299	
9531	372	
9532	364	
9533	375	
9534	354	
9535	356	
9536	337	
9537	368	
9538	377	
9539	368	
9540	387	
9541	737	
9542	383	
9543	371	
9544	338	
9545	1025	
9547	377	
9548	338	
9549	368	
9550	447	
9551	670	
9552	365	
9553	367	
9554	365	
9555	337	
9556	333	
9557	386	
9558	764	
9559	345	
9560	384	
9561	374	
9562	382	
9563	387	
9564	380	
9565	992	
9567	457	
9568	358	
9569	362	
9570	377	
9571	374	
9572	340	
9573	367	
9574	376	
9575	340	
9576	341	
9577	384	
9578	373	
9579	373	
9580	369	
9581	345	
9582	368	
9583	368	
9584	357	
9585	949	
9587	380	
9588	342	
9589	369	
9590	429	
9591	710	
9592	368	
9593	334	
9594	368	
9595	370	
9596	725	
9597	342	
9598	380	
9599	389	
9600	348	
9601	366	
9602	367	
9603	366	
9604	337	
9605	953	
9607	378	
9608	686	
9609	1167	
9610	376	
9611	369	
9612	374	
9613	340	
9614	386	
9615	799	
9616	531	
9617	346	
9618	359	
9619	1184	
9620	350	
9621	403	
9622	374	
9623	376	
9624	373	
9625	1026	
9627	383	
9628	401	
9629	299	
9630	294	
9631	297	
9632	285	
9633	287	
9634	268	
9635	292	
9636	295	
9637	304	
9638	293	
9639	303	
9640	405	
9641	817	
9642	351	
9643	394	
9644	449	
9645	987	
9647	379	
9648	786	
9649	395	
9650	375	
9651	368	
9652	413	
9653	342	
9654	344	
9655	373	
9656	433	
9657	681	
9658	763	
9659	378	
9660	399	
9661	385	
9662	356	
9663	345	
9664	370	
9665	1256	
9667	701	
9668	384	
9669	385	
9670	727	
9672	372	
9673	377	
9674	412	
9675	729	
9676	711	
9677	408	
9678	674	
9679	1020	
9680	761	
9682	703	
9683	717	
9684	706	
9685	1378	
9687	661	
9688	1181	
9690	361	
9691	671	
9692	704	
9693	787	
9694	762	
9695	665	
9696	712	
9697	819	
9698	751	
9699	1017	
9700	710	
9702	930	
9703	1285	
9705	1473	
9707	687	
9708	1044	
9710	695	
9712	691	
9713	1275	
9715	660	
9716	677	
9717	738	
9718	681	
9719	1024	
9720	731	
9722	732	
9723	669	
9724	724	
9725	1013	
9727	1154	
9729	1044	
9730	705	
9732	378	
9733	718	
9734	716	
9735	712	
9736	713	
9737	679	
9738	713	
9739	374	
9740	402	
9741	778	
9742	679	
9743	746	
9744	729	
9745	1944	
9748	1211	
9750	657	
9752	686	
9753	684	
9754	650	
9755	712	
9756	715	
9757	658	
9758	702	
9759	1022	
9760	720	
9762	345	
9763	719	
9764	710	
9765	1525	
9767	700	
9768	1206	
9770	789	
9772	704	
9773	708	
9774	669	
9775	710	
9776	705	
9777	705	
9778	653	
9779	1069	
9780	741	
9782	647	
9783	655	
9784	712	
9785	1492	
9787	716	
9788	1203	
9790	684	
9792	710	
9793	707	
9794	347	
9795	724	
9796	721	
9797	719	
9798	689	
9799	930	
9800	722	
9801	1385	
9803	688	
9804	727	
9805	1366	
9807	754	
9808	1143	
9810	820	
9812	418	
9813	721	
9814	374	
9815	348	
9816	372	
9817	710	
9818	374	
9819	356	
9820	345	
9821	373	
9822	385	
9823	361	
9824	341	
9825	1084	
9827	343	
9828	687	
9829	372	
9830	376	
9831	744	
9832	574	
9833	360	
9834	337	
9835	576	
9836	373	
9837	374	
9838	342	
9839	342	
9840	337	
9841	345	
9842	351	
9843	357	
9844	381	
9845	1068	
9847	414	
9848	367	
9849	376	
9850	379	
9851	370	
9852	384	
9853	377	
9854	395	
9855	376	
9856	377	
9857	342	
9858	359	
9859	344	
9860	377	
9861	374	
9862	356	
9863	376	
9864	376	
9865	1071	
9867	347	
9868	1158	
9870	606	
9872	379	
9873	379	
9874	377	
9875	387	
9876	373	
9877	372	
9878	335	
9879	340	
9880	383	
9881	381	
9882	352	
9883	362	
9884	382	
9885	1051	
9887	355	
9888	370	
9889	380	
9890	347	
9891	345	
9892	370	
9893	379	
9894	377	
9895	375	
9896	378	
9897	386	
9898	360	
9899	351	
9900	378	
9901	372	
9902	376	
9903	350	
9904	373	
9905	1027	
9907	352	
9908	344	
9909	373	
9910	387	
9911	682	
9912	344	
9913	373	
9914	376	
9915	367	
9916	344	
9917	374	
9918	372	
9919	376	
9920	378	
9921	373	
9922	372	
9923	341	
9924	342	
9925	1040	
9927	339	
9928	350	
9929	1191	
9930	377	
9931	357	
9932	367	
9933	379	
9934	379	
9935	371	
9936	351	
9937	368	
9938	377	
9939	1118	
9940	345	
9941	374	
9942	380	
9943	382	
9944	380	
9945	1039	
9947	360	
9948	343	
9949	377	
9950	377	
9951	374	
9952	351	
9953	372	
9954	372	
9955	339	
9956	347	
9957	344	
9958	375	
9959	345	
9960	343	
9961	277	
9962	298	
9963	300	
9964	274	
9965	953	
9967	300	
9968	285	
9969	296	
9970	422	
9971	368	
9972	372	
9973	1463	
9975	360	
9976	395	
9977	389	
9978	355	
9979	349	
9980	384	
9981	400	
9982	368	
9983	377	
9984	383	
9985	1107	
9987	340	
9988	336	
9989	366	
9990	374	
9991	688	
9992	367	
9993	367	
9994	335	
9995	334	
9996	334	
9997	366	
9998	370	
9999	373	
10000	366	
10001	712	
10002	376	
10003	349	
10004	550	
10005	1101	
10007	344	
10008	366	
10009	366	
10010	353	
10011	366	
10012	367	
10013	366	
10014	335	
10015	356	
10016	371	
10017	372	
10018	367	
10019	375	
10020	369	
10021	371	
10022	368	
10023	347	
10024	359	
10025	1069	
10027	348	
10028	784	
10029	641	
10030	366	
10031	377	
10032	375	
10033	374	
10034	470	
10035	360	
10036	381	
10037	378	
10038	516	
10039	358	
10040	376	
10041	378	
10042	454	
10043	350	
10044	342	
10045	1027	
10047	366	
10048	347	
10049	376	
10050	461	
10051	346	
10052	355	
10053	411	
10054	411	
10055	386	
10056	366	
10057	385	
10058	392	
10059	368	
10060	379	
10061	381	
10062	381	
10063	370	
10064	386	
10065	1085	
10067	513	
10068	370	
10069	301	
10070	544	
10071	343	
10072	270	
10073	292	
10074	389	
10075	276	
10076	267	
10077	298	
10078	373	
10079	299	
10080	377	
10081	370	
10082	487	
10083	368	
10084	477	
10085	1253	
10087	373	
10088	401	
10089	1256	
10090	386	
10091	440	
10092	352	
10093	369	
10094	389	
10095	361	
10096	374	
10097	620	
10098	438	
10099	1225	
10100	681	
10102	387	
10103	361	
10104	354	
10105	1005	
10107	347	
10108	345	
10109	375	
10110	494	
10111	727	
10112	345	
10113	373	
10114	385	
10115	359	
10116	437	
10117	377	
10118	371	
10119	387	
10120	360	
10121	355	
10122	378	
10123	413	
10124	361	
10125	1027	
10127	402	
10128	384	
10129	372	
10130	400	
10131	380	
10132	432	
10133	389	
10134	378	
10135	389	
10136	347	
10137	366	
10138	368	
10139	367	
10140	346	
10141	758	
10142	377	
10143	362	
10144	352	
10145	975	
10147	400	
10148	352	
10149	342	
10150	387	
10151	389	
10152	352	
10153	367	
10154	377	
10155	403	
10156	388	
10157	362	
10158	375	
10159	425	
10160	351	
10161	369	
10162	375	
10163	363	
10164	380	
10165	944	
10167	393	
10168	371	
10169	342	
10170	375	
10171	368	
10172	362	
10173	346	
10174	378	
10175	376	
10176	387	
10177	346	
10178	298	
10179	306	
10180	310	
10181	293	
10182	307	
10183	307	
10184	318	
10185	977	
10187	322	
10188	308	
10189	349	
10190	380	
10191	390	
10192	375	
10193	368	
10194	380	
10195	387	
10196	461	
10197	367	
10198	383	
10199	377	
10200	355	
10201	344	
10202	377	
10203	378	
10204	410	
10205	1010	
10207	379	
10208	411	
10209	371	
10210	379	
10211	381	
10212	475	
10213	400	
10214	379	
10215	379	
10216	521	
10217	382	
10218	376	
10219	381	
10220	406	
10221	357	
10222	367	
10223	382	
10224	435	
10225	1064	
10227	385	
10228	464	
10229	380	
10230	382	
10231	398	
10232	382	
10233	382	
10234	382	
10235	373	
10236	363	
10237	355	
10238	343	
10239	380	
0	347	
1	374	
2	382	
3	378	
4	387	
5	1132	
6	368	
7	385	
8	459	
9	1113	
10	383	
11	399	
12	387	
13	395	
14	382	
15	375	
16	363	
17	363	
18	379	
19	1171	
20	460	
21	354	
22	379	
23	379	
24	383	
25	975	
27	379	
28	346	
29	358	
30	692	
32	444	
33	373	
34	380	
35	381	
36	454	
37	376	
38	370	
39	382	
40	388	
41	558	
42	380	
43	378	
44	384	
45	994	
47	375	
48	391	
49	362	
50	377	
51	424	
52	402	
53	417	
54	351	
55	379	
56	382	
57	360	
58	355	
59	376	
60	443	
61	371	
62	376	
63	374	
64	382	
65	998	
67	813	
68	502	
69	361	
70	371	
71	369	
72	368	
73	345	
74	335	
75	367	
76	343	
77	355	
78	338	
79	675	
80	394	
81	384	
82	344	
83	367	
84	367	
85	979	
87	381	
88	411	
89	388	
90	380	
91	378	
92	405	
93	363	
94	344	
95	375	
96	403	
97	357	
98	378	
99	375	
100	549	
101	724	
102	340	
103	371	
104	374	
105	994	
107	664	
108	489	
109	399	
110	377	
111	379	
112	429	
113	351	
114	383	
115	386	
116	370	
117	382	
118	366	
119	383	
120	382	
121	800	
122	352	
123	383	
124	380	
125	991	
127	386	
128	382	
129	355	
130	479	
131	605	
132	493	
133	360	
134	376	
135	370	
136	375	
137	358	
138	380	
139	365	
140	353	
141	344	
142	341	
143	368	
144	359	
145	962	
147	381	
148	373	
149	382	
150	350	
151	374	
152	373	
153	371	
154	381	
155	428	
156	376	
157	337	
158	337	
159	369	
160	377	
161	338	
162	341	
163	367	
164	378	
165	923	
167	377	
168	371	
169	1106	
170	339	
171	372	
172	361	
173	355	
174	342	
175	366	
176	371	
177	349	
178	909	
179	1155	
180	400	
181	436	
182	392	
183	381	
184	377	
185	970	
187	382	
188	377	
189	347	
190	614	
192	389	
193	353	
194	352	
195	385	
196	383	
197	389	
198	356	
199	355	
200	387	
201	385	
202	387	
203	365	
204	394	
205	1017	
207	388	
208	384	
209	380	
210	348	
211	377	
212	383	
213	380	
214	402	
215	382	
216	360	
217	407	
218	359	
219	346	
220	380	
221	404	
222	357	
223	350	
224	377	
225	1058	
227	382	
228	379	
229	403	
230	362	
231	347	
232	384	
233	405	
234	391	
235	349	
236	382	
237	379	
238	361	
239	372	
240	385	
241	420	
242	376	
243	373	
244	379	
245	1017	
247	361	
248	381	
249	922	
250	538	
251	336	
252	366	
253	402	
254	358	
255	366	
256	372	
257	391	
258	370	
259	361	
260	382	
261	403	
262	386	
263	382	
264	373	
265	1097	
267	342	
268	382	
269	386	
270	352	
271	270	
272	293	
273	317	
274	293	
275	313	
276	293	
277	391	
278	391	
279	349	
280	387	
281	400	
282	451	
283	343	
284	368	
285	1003	
287	352	
288	337	
289	377	
290	388	
291	344	
292	361	
293	372	
294	443	
295	344	
296	371	
297	372	
298	427	
299	377	
300	394	
301	471	
302	391	
303	380	
304	367	
305	1091	
307	340	
308	365	
309	367	
310	658	
312	423	
313	366	
314	369	
315	334	
316	333	
317	369	
318	334	
319	372	
320	367	
321	371	
322	372	
323	358	
324	370	
325	1069	
327	347	
328	377	
329	1141	
330	373	
331	359	
332	337	
333	368	
334	367	
335	365	
336	341	
337	365	
338	394	
339	1109	
340	385	
341	368	
342	397	
343	430	
344	359	
345	1038	
347	364	
348	346	
349	372	
350	361	
352	375	
353	371	
354	379	
355	353	
356	358	
357	378	
358	377	
359	379	
360	342	
361	372	
362	375	
363	352	
364	341	
365	1519	
367	367	
368	351	
369	388	
370	393	
371	396	
372	359	
373	382	
374	627	
375	412	
376	284	
377	293	
378	293	
379	297	
380	299	
381	299	
382	304	
383	283	
384	277	
385	1032	
387	378	
388	389	
389	374	
390	500	
391	719	
392	335	
393	370	
394	373	
395	346	
396	343	
397	372	
398	378	
399	379	
400	376	
401	375	
402	373	
403	354	
404	344	
405	1010	
407	384	
408	393	
409	376	
410	386	
411	351	
412	338	
413	366	
414	369	
415	341	
416	333	
417	367	
418	370	
419	361	
420	374	
421	696	
422	367	
423	339	
424	342	
425	1009	
427	380	
428	338	
429	367	
430	352	
431	342	
432	353	
433	347	
434	369	
435	391	
436	366	
437	371	
438	370	
439	388	
440	340	
441	379	
442	372	
443	762	
444	375	
445	1083	
447	347	
448	345	
449	372	
450	372	
451	753	
452	343	
453	370	
454	375	
455	355	
456	405	
457	371	
458	367	
459	351	
460	347	
461	337	
462	367	
463	380	
464	368	
465	990	
467	377	
468	378	
469	373	
470	396	
471	386	
472	359	
473	375	
474	373	
475	386	
476	365	
477	367	
478	364	
479	782	
480	352	
481	382	
482	381	
483	282	
484	280	
485	905	
487	280	
488	319	
489	1089	
490	309	
491	302	
492	278	
493	284	
494	381	
495	382	
496	348	
497	382	
498	382	
499	1113	
500	349	
501	363	
502	385	
503	384	
504	397	
505	976	
507	385	
508	375	
509	348	
510	378	
511	374	
512	352	
513	347	
514	378	
515	379	
516	348	
517	379	
518	383	
519	376	
520	359	
521	350	
522	383	
523	380	
524	385	
525	1020	
527	375	
528	579	
529	359	
530	379	
531	374	
532	431	
533	357	
534	392	
535	379	
536	379	
537	345	
538	378	
539	377	
540	402	
541	733	
542	374	
543	372	
544	344	
545	1048	
547	378	
548	348	
549	350	
550	379	
551	376	
552	349	
553	358	
554	375	
555	374	
556	379	
557	359	
558	369	
559	381	
560	347	
561	359	
562	381	
563	382	
564	362	
565	1097	
567	378	
568	773	
569	340	
570	372	
571	771	
572	377	
573	341	
574	367	
575	392	
576	680	
577	342	
578	334	
579	367	
580	356	
581	614	
582	368	
583	366	
584	368	
585	957	
587	375	
588	372	
589	363	
590	369	
591	377	
592	299	
593	300	
594	296	
595	294	
596	294	
597	278	
598	282	
599	301	
600	313	
601	304	
602	296	
603	368	
604	369	
605	914	
607	371	
608	352	
609	351	
610	336	
611	737	
612	367	
613	342	
614	341	
615	366	
616	397	
617	339	
618	337	
619	368	
620	366	
621	336	
622	335	
623	367	
624	397	
625	929	
627	355	
628	398	
629	347	
630	373	
631	373	
632	398	
633	380	
634	359	
635	368	
636	397	
637	378	
638	373	
639	367	
640	394	
641	342	
642	342	
643	367	
644	367	
645	921	
647	372	
648	372	
649	1144	
650	376	
651	367	
652	368	
653	371	
654	369	
655	344	
656	368	
657	343	
658	345	
659	1093	
660	402	
661	377	
662	347	
663	369	
664	374	
665	922	
667	371	
668	372	
669	369	
670	370	
671	368	
672	366	
673	350	
674	343	
675	337	
676	365	
677	373	
678	353	
679	367	
680	366	
681	716	
682	375	
683	337	
684	367	
685	963	
687	347	
688	376	
689	396	
690	379	
691	367	
692	367	
693	394	
694	337	
695	348	
696	378	
697	398	
698	375	
699	372	
700	371	
701	738	
702	344	
703	339	
704	368	
705	980	
707	341	
708	371	
709	369	
710	378	
711	338	
712	367	
713	397	
714	339	
715	357	
716	710	
717	408	
718	373	
719	377	
720	372	
721	397	
722	349	
723	340	
724	359	
725	940	
727	369	
728	371	
729	399	
730	647	
731	334	
732	366	
733	392	
734	347	
735	338	
736	366	
737	391	
738	341	
739	647	
740	369	
741	370	
742	671	
743	338	
744	367	
745	1034	
747	389	
748	370	
749	367	
750	379	
751	368	
752	343	
753	372	
754	377	
755	373	
756	350	
757	374	
758	384	
759	362	
760	370	
761	370	
762	806	
763	338	
764	369	
765	1578	
767	372	
768	366	
769	382	
770	671	
771	337	
772	334	
773	371	
774	358	
775	347	
776	344	
777	375	
778	400	
779	373	
780	383	
781	380	
782	494	
783	368	
784	381	
785	1149	
787	390	
788	384	
789	418	
790	1136	
792	349	
793	423	
794	403	
795	361	
796	389	
797	406	
798	396	
799	352	
800	378	
801	407	
802	361	
803	428	
804	374	
805	1171	
807	390	
808	380	
809	1297	
810	716	
812	379	
813	375	
814	375	
815	341	
816	370	
817	370	
818	342	
819	1097	
820	377	
821	297	
822	306	
823	274	
824	597	
825	1015	
827	374	
828	370	
829	385	
830	846	
832	484	
833	392	
834	389	
835	385	
836	379	
837	381	
838	363	
839	358	
840	770	
842	414	
843	1562	
845	1019	
847	366	
848	338	
849	369	
850	771	
852	345	
853	647	
854	393	
855	374	
856	338	
857	372	
858	406	
859	758	
860	718	
862	432	
863	433	
864	386	
865	997	
867	941	
868	340	
869	369	
870	393	
871	750	
872	714	
873	369	
874	716	
875	683	
876	342	
877	373	
878	380	
879	387	
880	345	
881	376	
882	379	
883	352	
884	376	
885	1036	
887	373	
888	346	
889	383	
890	1069	
892	392	
893	375	
894	374	
895	350	
896	347	
897	371	
898	374	
899	667	
900	334	
901	364	
902	369	
903	390	
904	361	
905	1039	
907	1072	
909	397	
910	456	
911	1237	
913	382	
914	374	
915	456	
916	346	
917	344	
918	374	
919	405	
920	381	
921	379	
922	297	
923	373	
924	613	
925	966	
927	305	
928	306	
929	283	
930	310	
931	316	
932	288	
933	381	
934	379	
935	446	
936	362	
937	376	
938	377	
939	432	
940	387	
941	733	
942	374	
943	367	
944	368	
945	961	
947	350	
948	340	
949	334	
950	498	
951	909	
952	732	
953	345	
954	370	
955	372	
956	342	
957	347	
958	379	
959	377	
960	377	
961	374	
962	374	
963	374	
964	359	
965	925	
967	608	
968	388	
969	1181	
970	722	
972	385	
973	351	
974	381	
975	380	
976	346	
977	350	
978	380	
979	1142	
980	393	
981	378	
982	381	
983	382	
984	347	
985	979	
987	380	
988	358	
989	346	
990	372	
991	708	
992	381	
993	378	
994	354	
995	372	
996	368	
997	339	
998	369	
999	377	
1000	339	
1001	367	
1002	366	
1003	364	
1004	886	
1005	943	
1007	381	
1008	356	
1009	386	
1010	371	
1011	775	
1012	343	
1013	370	
1014	341	
1015	472	
1016	346	
1017	346	
1018	349	
1019	406	
1020	400	
1021	350	
1022	345	
1023	376	
1024	402	
1025	1002	
1027	388	
1028	393	
1029	355	
1030	366	
1031	377	
1032	320	
1033	299	
1034	294	
1035	317	
1036	287	
1037	325	
1038	286	
1039	293	
1040	310	
1041	317	
1042	338	
1043	378	
1044	384	
1045	969	
1047	377	
1048	371	
1049	339	
1050	373	
1051	367	
1052	376	
1053	371	
1054	345	
1055	392	
1056	378	
1057	417	
1058	403	
1059	384	
1060	376	
1061	373	
1062	345	
1063	367	
1064	391	
1065	1026	
1067	382	
1068	437	
1069	751	
1070	338	
1071	369	
1072	368	
1073	336	
1074	352	
1075	372	
1076	381	
1077	373	
1078	370	
1079	369	
1080	376	
1081	336	
1082	360	
1083	380	
1084	387	
1085	932	
1087	373	
1088	367	
1089	396	
1090	370	
1091	339	
1092	371	
1093	360	
1094	354	
1095	367	
1096	383	
1097	384	
1098	383	
1099	369	
1100	448	
1101	362	
1102	343	
1103	370	
1104	370	
1105	1049	
1107	382	
1108	367	
1109	367	
1110	365	
1111	370	
1112	369	
1113	366	
1114	345	
1115	356	
1116	369	
1117	368	
1118	344	
1119	342	
1120	377	
1121	375	
1122	397	
1123	354	
1124	375	
1125	966	
1127	363	
1128	374	
1129	1106	
1130	373	
1131	411	
1132	383	
1133	452	
1134	380	
1135	372	
1136	368	
1137	474	
1138	363	
1139	1083	
1140	368	
1141	449	
1142	369	
1143	271	
1144	369	
1145	1514	
1147	310	
1148	294	
1149	392	
1150	313	
1151	279	
1152	292	
1153	476	
1154	712	
1155	394	
1156	383	
1157	377	
1158	349	
1159	351	
1160	374	
1161	382	
1162	387	
1163	395	
1164	385	
1165	1135	
1167	359	
1168	368	
1169	432	
1170	364	
1171	342	
1172	383	
1173	380	
1174	388	
1175	378	
1176	373	
1177	370	
1178	352	
1179	358	
1180	400	
1181	855	
1182	377	
1183	378	
1184	337	
1185	1125	
1187	380	
1188	337	
1189	371	
1190	372	
1191	350	
1192	352	
1193	374	
1194	399	
1195	365	
1196	373	
1197	374	
1198	363	
1199	355	
1200	378	
1201	382	
1202	372	
1203	354	
1204	392	
1205	1009	
1207	363	
1208	346	
1209	379	
1210	468	
1211	686	
1212	380	
1213	371	
1214	370	
1215	347	
1216	344	
1217	374	
1218	372	
1219	376	
1220	375	
1221	372	
1222	375	
1223	340	
1224	336	
1225	1015	
1227	366	
1228	358	
1229	384	
1230	389	
1231	390	
1232	345	
1233	368	
1234	380	
1235	791	
1236	387	
1237	371	
1238	396	
1239	379	
1240	352	
1241	367	
1242	375	
1243	376	
1244	554	
1245	1076	
1247	353	
1248	377	
1249	377	
1250	377	
1251	731	
1252	368	
1253	398	
1254	345	
1255	346	
1256	346	
1257	403	
1258	343	
1259	365	
1260	369	
1261	403	
1262	394	
1263	342	
1264	383	
1265	1028	
1267	347	
1268	371	
1269	399	
1270	386	
1271	367	
1272	365	
1273	398	
1274	341	
1275	338	
1276	367	
1277	396	
1278	348	
1279	369	
1280	374	
1281	399	
1282	533	
1283	377	
1284	379	
1285	1028	
1287	343	
1288	370	
1289	1244	
1290	363	
1291	373	
1292	376	
1293	403	
1294	347	
1295	342	
1296	370	
1297	396	
1298	381	
1299	1089	
1300	375	
1301	395	
1302	357	
1303	357	
1304	373	
1305	1021	
1307	395	
1308	501	
1309	633	
1310	401	
1312	412	
1313	399	
1314	725	
1315	375	
1316	371	
1317	368	
1318	342	
1319	369	
1320	485	
1321	715	
1322	337	
1323	787	
1324	681	
1325	1714	
1327	393	
1328	383	
1329	386	
1330	391	
1331	381	
1332	355	
1333	380	
1334	494	
1335	358	
1336	366	
1337	379	
1338	499	
1339	362	
1340	377	
1341	380	
1342	466	
1343	368	
1344	387	
1345	1054	
1347	402	
1348	382	
1349	390	
1350	359	
1351	355	
1352	365	
1353	389	
1354	388	
1355	379	
1356	379	
1357	391	
1358	436	
1359	358	
1360	375	
1361	390	
1362	416	
1363	422	
1364	396	
1365	1154	
1367	391	
1368	380	
1369	393	
1370	365	
1371	277	
1372	377	
1373	375	
1374	413	
1375	364	
1376	380	
1377	376	
1378	769	
1379	653	
1380	372	
1381	377	
1382	358	
1383	354	
1384	359	
1385	1093	
1387	543	
1388	575	
1389	438	
1390	396	
1391	760	
1392	413	
1393	419	
1394	395	
1395	372	
1396	368	
1397	679	
1398	385	
1399	342	
1400	341	
1401	376	
1402	346	
1403	342	
1404	375	
1405	1064	
1407	365	
1408	364	
1409	383	
1410	474	
1411	385	
1412	352	
1413	376	
1414	397	
1415	348	
1416	376	
1417	372	
1418	372	
1419	346	
1420	417	
1421	380	
1422	357	
1423	374	
1424	341	
1425	1000	
1427	346	
1428	368	
1429	369	
1430	378	
1431	337	
1432	342	
1433	369	
1434	398	
1435	389	
1436	335	
1437	370	
1438	368	
1439	340	
1440	377	
1441	372	
1442	371	
1443	378	
1444	372	
1445	1003	
1446	786	
1447	340	
1448	335	
1449	1172	
1450	341	
1451	340	
1452	368	
1453	367	
1454	367	
1455	370	
1456	337	
1457	366	
1458	367	
1459	1052	
1460	391	
1461	373	
1462	382	
1463	379	
1464	371	
1465	993	
1467	362	
1468	371	
1469	373	
1470	512	
1471	587	
1472	269	
1473	291	
1474	297	
1475	298	
1476	277	
1477	292	
1478	296	
1479	342	
1480	310	
1481	304	
1482	385	
1483	360	
1484	375	
1485	1035	
1487	353	
1488	374	
1489	377	
1490	374	
1491	703	
1492	369	
1493	373	
1494	337	
1495	354	
1496	334	
1497	373	
1498	374	
1499	345	
1500	377	
1501	373	
1502	373	
1503	343	
1504	350	
1505	1111	
1507	391	
1508	338	
1509	366	
1510	368	
1511	347	
1512	368	
1513	369	
1514	372	
1515	353	
1516	335	
1517	371	
1518	385	
1519	366	
1520	369	
1521	368	
1522	373	
1523	373	
1524	340	
1525	1007	
1527	350	
1528	342	
1529	373	
1530	379	
1531	370	
1532	337	
1533	370	
1534	371	
1535	340	
1536	396	
1537	377	
1538	385	
1539	396	
1540	515	
1541	778	
1542	372	
1543	351	
1544	375	
1545	1510	
1547	388	
1548	343	
1549	369	
1550	347	
1551	357	
1552	353	
1553	378	
1554	378	
1555	379	
1556	537	
1557	374	
1558	377	
1559	343	
1560	370	
1561	370	
1562	367	
1563	386	
1564	375	
1565	1025	
1567	398	
1568	372	
1569	370	
1570	367	
1571	380	
1572	346	
1573	365	
1574	372	
1575	351	
1576	335	
1577	366	
1578	371	
1579	366	
1580	382	
1581	295	
1582	302	
1583	274	
1584	274	
1585	959	
1587	314	
1588	306	
1589	305	
1590	276	
1591	283	
1592	275	
1593	361	
1594	388	
1595	377	
1596	366	
1597	378	
1598	374	
1599	402	
1600	341	
1601	371	
1602	372	
1603	351	
1604	361	
1605	992	
1607	374	
1608	345	
1609	1188	
1610	374	
1611	344	
1612	359	
1613	373	
1614	379	
1615	361	
1616	378	
1617	374	
1618	373	
1619	1192	
1620	377	
1621	340	
1622	380	
1623	341	
1624	347	
1625	1000	
1627	386	
1628	559	
1629	349	
1630	371	
1631	382	
1632	352	
1633	343	
1634	381	
1635	377	
1636	382	
1637	376	
1638	377	
1639	373	
1640	357	
1641	334	
1642	374	
1643	378	
1644	361	
1645	1051	
1647	379	
1648	395	
1649	359	
1650	370	
1651	369	
1652	381	
1653	349	
1654	370	
1655	384	
1656	698	
1657	371	
1658	369	
1659	489	
1660	453	
1661	445	
1662	493	
1663	374	
1664	339	
1665	971	
1667	420	
1668	538	
1669	374	
1670	367	
1671	373	
1672	348	
1673	341	
1674	360	
1675	367	
1676	377	
1677	343	
1678	368	
1679	372	
1680	340	
1681	341	
1682	377	
1683	379	
1684	370	
1685	997	
1687	372	
1688	345	
1689	364	
1690	336	
1691	732	
1692	526	
1693	276	
1694	292	
1695	294	
1696	582	
1697	305	
1698	268	
1699	293	
1700	269	
1701	581	
1702	610	
1703	369	
1704	365	
1705	990	
1707	371	
1708	368	
1709	332	
1710	368	
1711	369	
1712	703	
1713	339	
1714	373	
1715	363	
1716	374	
1717	379	
1718	377	
1719	348	
1720	368	
1721	374	
1722	340	
1723	356	
1724	372	
1725	936	
1727	370	
1728	374	
1729	365	
1730	652	
1731	376	
1732	371	
1733	374	
1734	371	
1735	370	
1736	370	
1737	418	
1738	343	
1739	699	
1740	368	
1741	421	
1742	349	
1743	338	
1744	369	
1745	1052	
1747	346	
1748	373	
1749	501	
1750	358	
1751	361	
1752	376	
1753	373	
1754	372	
1755	381	
1756	373	
1757	372	
1758	334	
1759	341	
1760	377	
1761	876	
1762	613	
1763	348	
1764	379	
1765	1056	
1767	388	
1768	352	
1769	1182	
1770	661	
1772	410	
1773	376	
1774	391	
1775	344	
1776	370	
1777	373	
1778	363	
1779	1881	
1781	341	
1782	338	
1783	347	
1784	339	
1785	1039	
1787	375	
1788	375	
1789	769	
1790	394	
1791	339	
1792	346	
1793	381	
1794	374	
1795	381	
1796	368	
1797	367	
1798	379	
1799	371	
1800	387	
1801	393	
1802	364	
1803	398	
1804	401	
1805	1061	
1807	356	
1808	408	
1809	374	
1810	345	
1811	366	
1812	380	
1813	402	
1814	381	
1815	368	
1816	366	
1817	402	
1818	347	
1819	392	
1820	559	
1821	400	
1822	404	
1823	367	
1824	369	
1825	997	
1827	343	
1828	364	
1829	377	
1830	380	
1831	372	
1832	366	
1833	398	
1834	382	
1835	348	
1836	393	
1837	381	
1838	382	
1839	380	
1840	420	
1841	402	
1842	354	
1843	337	
1844	366	
1845	963	
1847	353	
1848	381	
1849	420	
1850	431	
1851	369	
1852	406	
1853	402	
1854	412	
1855	350	
1856	363	
1857	389	
1858	358	
1859	346	
1860	376	
1861	387	
1862	490	
1863	380	
1864	375	
1865	1150	
1867	348	
1868	379	
1869	379	
1870	409	
1871	375	
1872	374	
1873	376	
1874	456	
1875	347	
1876	376	
1877	377	
1878	344	
1879	364	
1880	708	
1881	375	
1882	497	
1883	352	
1884	343	
1885	1514	
1887	782	
1888	410	
1889	374	
1890	720	
1892	380	
1893	352	
1894	333	
1895	370	
1896	375	
1897	355	
1898	395	
1899	733	
1900	394	
1901	382	
1902	370	
1903	367	
1904	365	
1905	921	
1907	386	
1908	367	
1909	366	
1910	384	
1911	369	
1912	367	
1913	336	
1914	341	
1915	353	
1916	379	
1917	346	
1918	345	
1919	383	
1920	386	
1921	632	
1922	414	
1923	294	
1924	308	
1925	1061	
1927	378	
1928	377	
1929	1178	
1930	730	
1932	376	
1933	397	
1934	358	
1935	376	
1936	381	
1937	377	
1938	378	
1939	1172	
1940	394	
1941	342	
1942	378	
1943	340	
1944	375	
1945	1033	
1947	352	
1948	745	
1949	762	
1950	355	
1951	356	
1952	376	
1953	406	
1954	365	
1955	386	
1956	381	
1957	828	
1958	396	
1959	375	
1960	372	
1961	417	
1962	362	
1963	365	
1964	369	
1965	1282	
1967	379	
1968	393	
1969	407	
1970	842	
1972	397	
1973	374	
1974	368	
1975	375	
1976	371	
1977	648	
1978	432	
1979	367	
1980	398	
1981	389	
1982	380	
1983	381	
1984	383	
1985	1114	
1987	380	
1988	732	
1989	1111	
1990	378	
1991	335	
1992	3167	
1995	3686	
1999	382	
2000	4132	
2004	2116	
2007	380	
2008	705	
2009	376	
2010	344	
2011	3881	
2015	1646	
2017	715	
2018	442	
2019	357	
2020	390	
2021	745	
2022	449	
2023	295	
2024	292	
2025	930	
2027	303	
2028	631	
2029	328	
2030	285	
2031	267	
2032	308	
2033	416	
2034	402	
2035	379	
2036	381	
2037	405	
2038	438	
2039	385	
2040	369	
2041	394	
2042	411	
2043	349	
2044	371	
2045	1068	
2047	497	
2048	937	
2049	491	
2050	447	
2051	445	
2052	491	
2053	489	
2054	490	
2055	493	
2056	488	
2057	488	
2058	444	
2059	446	
2060	407	
2061	389	
2062	351	
2063	384	
2064	381	
2065	987	
2067	691	
2068	381	
2069	379	
2070	389	
2071	378	
2072	380	
2073	381	
2074	345	
2075	386	
2076	381	
2077	382	
2078	348	
2079	346	
2080	387	
2081	384	
2082	360	
2083	352	
2084	384	
2085	951	
2087	357	
2088	356	
2089	1148	
2090	348	
2091	343	
2092	374	
2093	377	
2094	359	
2095	368	
2096	367	
2097	367	
2098	342	
2099	1029	
2100	372	
2101	368	
2102	381	
2103	369	
2104	367	
2105	971	
2107	348	
2108	336	
2109	369	
2110	433	
2111	629	
2112	367	
2113	366	
2114	369	
2115	373	
2116	335	
2117	371	
2118	373	
2119	340	
2120	368	
2121	372	
2122	369	
2123	377	
2124	374	
2125	985	
2127	484	
2128	396	
2129	385	
2130	353	
2131	312	
2132	298	
2133	297	
2134	281	
2135	296	
2136	280	
2137	294	
2138	292	
2139	274	
2140	268	
2141	583	
2142	277	
2143	374	
2144	366	
2145	1004	
2147	340	
2148	338	
2149	371	
2150	630	
2152	370	
2153	596	
2154	374	
2155	343	
2156	335	
2157	376	
2158	385	
2159	352	
2160	402	
2161	381	
2162	377	
2163	383	
2164	379	
2165	1048	
2167	352	
2168	360	
2169	370	
2170	377	
2171	374	
2172	361	
2173	378	
2174	377	
2175	343	
2176	398	
2177	373	
2178	373	
2179	405	
2180	592	
2181	449	
2182	461	
2183	408	
2184	376	
2185	1094	
2187	340	
2188	339	
2189	365	
2190	369	
2191	746	
2192	366	
2193	366	
2194	366	
2195	335	
2196	335	
2197	369	
2198	366	
2199	370	
2200	372	
2201	367	
2202	368	
2203	335	
2204	336	
2205	1331	
2207	360	
2208	355	
2209	356	
2210	377	
2211	379	
2212	348	
2213	365	
2214	377	
2215	374	
2216	378	
2217	381	
2218	376	
2219	382	
2220	344	
2221	375	
2222	374	
2223	347	
2224	341	
2225	1058	
2227	347	
2228	385	
2229	366	
2230	2378	
2233	377	
2234	373	
2235	4120	
2240	387	
2241	304	
2242	305	
2243	306	
2244	309	
2245	971	
2247	346	
2248	301	
2249	1083	
2250	295	
2251	288	
2252	340	
2253	355	
2254	368	
2255	339	
2256	344	
2257	369	
2258	370	
2259	1142	
2260	381	
2261	338	
2262	367	
2263	366	
2264	346	
2265	1073	
2267	401	
2268	351	
2269	380	
2270	370	
2271	379	
2272	342	
2273	352	
2274	376	
2275	371	
2276	375	
2277	370	
2278	374	
2279	398	
2280	347	
2281	344	
2282	371	
2283	392	
2284	352	
2285	936	
2287	397	
2288	342	
2289	369	
2290	368	
2291	778	
2292	343	
2293	345	
2294	370	
2295	403	
2296	632	
2297	366	
2298	366	
2299	393	
2300	344	
2301	335	
2302	370	
2303	397	
2304	351	
2305	935	
2307	510	
2308	392	
2309	344	
2310	369	
2311	376	
2312	394	
2313	368	
2314	374	
2315	370	
2316	362	
2317	340	
2318	368	
2319	373	
2320	342	
2321	337	
2322	367	
2323	368	
2324	338	
2325	1012	
2327	377	
2328	343	
2329	368	
2330	372	
2331	367	
2332	337	
2333	345	
2334	337	
2335	381	
2336	345	
2337	379	
2338	341	
2339	378	
2340	359	
2341	342	
2342	363	
2343	384	
2344	380	
2345	1026	
2347	376	
2348	360	
2349	342	
2350	368	
2351	369	
2352	342	
2353	369	
2354	347	
2355	371	
2356	773	
2357	362	
2358	374	
2359	369	
2360	370	
2361	380	
2362	351	
2363	383	
2364	385	
2365	975	
2367	377	
2368	600	
2369	794	
2370	369	
2371	383	
2372	372	
2373	371	
2374	375	
2375	371	
2376	761	
2377	374	
2378	366	
2379	368	
2380	369	
2381	765	
2382	337	
2383	366	
2384	396	
2385	951	
2387	369	
2388	394	
2389	338	
2390	365	
2391	378	
2392	395	
2393	346	
2394	370	
2395	379	
2396	404	
2397	390	
2398	343	
2399	373	
2400	356	
2401	526	
2402	521	
2403	379	
2404	379	
2405	1028	
2407	375	
2408	375	
2409	1179	
2410	368	
2411	365	
2412	373	
2413	363	
2414	340	
2415	364	
2416	364	
2417	340	
2418	344	
2419	1112	
2420	386	
2421	363	
2422	377	
2423	366	
2424	371	
2425	1021	
2427	371	
2428	370	
2429	374	
2430	342	
2431	349	
2432	374	
2433	377	
2434	368	
2435	367	
2436	369	
2437	367	
2438	343	
2439	368	
2440	369	
2441	373	
2442	376	
2443	366	
2444	367	
2445	931	
2447	340	
2448	366	
2449	347	
2450	338	
2451	742	
2452	364	
2453	371	
2454	344	
2455	336	
2456	368	
2457	339	
2458	342	
2459	340	
2460	379	
2461	375	
2462	344	
2463	398	
2464	374	
2465	1009	
2467	362	
2468	373	
2469	653	
2470	395	
2471	306	
2472	299	
2473	304	
2474	379	
2475	377	
2476	377	
2477	274	
2478	4241	
2483	352	
2484	382	
2485	960	
2487	352	
2488	713	
2489	373	
2490	381	
2491	374	
2492	377	
2493	374	
2494	343	
2495	360	
2496	379	
2497	374	
2498	367	
2499	354	
2500	374	
2501	371	
2502	371	
2503	366	
2504	367	
2505	951	
2507	391	
2508	374	
2509	384	
2510	376	
2511	754	
2512	377	
2513	374	
2514	340	
2515	340	
2516	373	
2517	387	
2518	342	
2519	348	
2520	379	
2521	376	
2522	363	
2523	377	
2524	377	
2525	931	
2527	348	
2528	374	
2529	387	
2530	341	
2531	377	
2532	373	
2533	374	
2534	352	
2535	343	
2536	376	
2537	374	
2538	379	
2539	385	
2540	437	
2541	751	
2542	338	
2543	343	
2544	373	
2545	1484	
2547	390	
2548	347	
2549	371	
2550	730	
2552	356	
2553	379	
2554	378	
2555	347	
2556	384	
2557	374	
2558	367	
2559	368	
2560	376	
2561	381	
2562	363	
2563	776	
2564	393	
2565	1537	
2567	387	
2568	374	
2569	1142	
2570	379	
2571	388	
2572	378	
2573	302	
2574	301	
2575	349	
2576	354	
2577	301	
2578	300	
2579	1038	
2580	301	
2581	301	
2582	296	
2583	282	
2584	395	
2585	1040	
2587	404	
2588	373	
2589	376	
2590	389	
2591	757	
2592	370	
2593	370	
2594	355	
2595	374	
2596	343	
2597	369	
2598	406	
2599	348	
2600	369	
2601	380	
2602	399	
2603	379	
2604	374	
2605	1021	
2607	380	
2608	376	
2609	381	
2610	349	
2611	359	
2612	374	
2613	388	
2614	356	
2615	383	
2616	353	
2617	379	
2618	377	
2619	375	
2620	386	
2621	372	
2622	373	
2623	345	
2624	339	
2625	1000	
2627	397	
2628	352	
2629	374	
2630	436	
2631	599	
2632	350	
2633	381	
2634	383	
2635	391	
2636	379	
2637	380	
2638	375	
2639	346	
2640	376	
2641	374	
2642	377	
2643	349	
2644	379	
2645	1005	
2647	391	
2648	351	
2649	373	
2650	373	
2651	753	
2652	373	
2653	371	
2654	371	
2655	374	
2656	371	
2657	372	
2658	373	
2659	339	
2660	363	
2661	372	
2662	379	
2663	339	
2664	378	
2665	999	
2667	391	
2668	350	
2669	361	
2670	378	
2671	383	
2672	346	
2673	369	
2674	376	
2675	356	
2676	374	
2677	377	
2678	371	
2679	354	
2680	346	
2681	375	
2682	377	
2683	375	
2684	299	
2685	1325	
2687	275	
2688	272	
2689	272	
2690	304	
2691	613	
2692	277	
2693	275	
2694	295	
2695	380	
2696	349	
2697	350	
2698	377	
2699	378	
2700	350	
2701	377	
2702	379	
2703	380	
2704	361	
2705	1078	
2707	361	
2708	339	
2709	381	
2710	400	
2711	758	
2712	393	
2713	369	
2714	380	
2715	383	
2716	370	
2717	367	
2718	365	
2719	339	
2720	356	
2721	338	
2722	367	
2723	382	
2724	383	
2725	1064	
2727	347	
2728	355	
2729	1177	
2730	381	
2731	378	
2732	428	
2733	381	
2734	367	
2735	387	
2736	759	
2737	367	
2738	366	
2739	1028	
2740	344	
2741	337	
2742	365	
2743	375	
2744	369	
2745	1490	
2747	381	
2748	383	
2749	386	
2750	414	
2751	394	
2752	347	
2753	378	
2754	376	
2755	371	
2756	389	
2757	413	
2758	392	
2759	736	
2760	381	
2761	370	
2762	378	
2763	350	
2764	406	
2765	1138	
2767	373	
2768	354	
2769	349	
2770	393	
2771	348	
2772	349	
2773	379	
2774	379	
2775	385	
2776	346	
2777	347	
2778	385	
2779	382	
2780	387	
2781	384	
2782	390	
2783	385	
2784	365	
2785	1161	
2787	388	
2788	381	
2789	375	
2790	370	
2791	357	
2792	363	
2793	369	
2794	299	
2795	299	
2796	314	
2797	298	
2798	297	
2799	298	
2800	272	
2801	622	
2802	304	
2803	299	
2804	277	
2805	940	
2807	381	
2808	355	
2809	349	
2810	388	
2811	383	
2812	354	
2813	347	
2814	364	
2815	380	
2816	377	
2817	378	
2818	389	
2819	386	
2820	362	
2821	383	
2822	382	
2823	369	
2824	362	
2825	1021	
2827	375	
2828	386	
2829	376	
2830	370	
2831	734	
2832	336	
2833	341	
2834	368	
2835	368	
2836	734	
2837	340	
2838	335	
2839	377	
2840	578	
2841	342	
2842	340	
2843	368	
2844	337	
2845	959	
2847	387	
2848	377	
2849	372	
2850	370	
2851	741	
2852	352	
2853	338	
2854	374	
2855	390	
2856	788	
2857	551	
2858	378	
2859	374	
2860	349	
2861	370	
2862	374	
2863	372	
2864	389	
2865	923	
2867	385	
2868	384	
2869	340	
2870	370	
2871	368	
2872	355	
2873	341	
2874	380	
2875	373	
2876	382	
2877	381	
2878	368	
2879	369	
2880	342	
2881	771	
2882	369	
2883	368	
2884	357	
2885	935	
2887	374	
2888	369	
2889	1066	
2890	355	
2891	375	
2892	368	
2893	364	
2894	373	
2895	506	
2896	621	
2897	345	
2898	342	
2899	1844	
2901	348	
2902	357	
2903	375	
2904	373	
2905	1055	
2907	380	
2908	449	
2909	426	
2910	371	
2911	367	
2912	369	
2913	360	
2914	338	
2915	368	
2916	372	
2917	347	
2918	368	
2919	366	
2920	366	
2921	780	
2922	353	
2923	367	
2924	370	
2925	1019	
2927	372	
2928	367	
2929	343	
2930	354	
2931	368	
2932	368	
2933	389	
2934	347	
2935	380	
2936	372	
2937	416	
2938	361	
2939	359	
2940	369	
2941	375	
2942	365	
2943	367	
2944	374	
2945	2146	
2948	383	
2949	359	
2950	419	
2951	747	
2952	368	
2953	372	
2954	370	
2955	367	
2956	380	
2957	335	
2958	342	
2959	366	
2960	370	
2961	376	
2962	341	
2963	339	
2964	374	
2965	1599	
2967	344	
2968	375	
2969	373	
2970	352	
2971	348	
2972	371	
2973	371	
2974	402	
2975	389	
2976	372	
2977	373	
2978	459	
2979	366	
2980	368	
2981	370	
2982	340	
2983	367	
2984	366	
2985	1077	
2987	353	
2988	368	
2989	365	
2990	374	
2991	378	
2992	374	
2993	379	
2994	404	
2995	377	
2996	374	
2997	386	
2998	482	
2999	354	
3000	384	
3001	375	
3002	433	
3003	380	
3004	375	
3005	1054	
3007	361	
3008	344	
3009	389	
3010	382	
3011	409	
3012	381	
3013	381	
3014	470	
3015	388	
3016	370	
3017	380	
3018	448	
3019	352	
3020	440	
3022	369	
3023	354	
3024	288	
3025	914	
3027	347	
3028	344	
3029	356	
3030	345	
3031	764	
3032	574	
3033	463	
3034	372	
3035	379	
3036	442	
3037	349	
3038	382	
3039	398	
3040	399	
3041	388	
3042	381	
3043	391	
3044	356	
3045	1054	
3047	394	
3048	388	
3049	1746	
3051	361	
3052	338	
3053	369	
3054	366	
3055	333	
3056	336	
3057	336	
3058	367	
3059	1113	
3060	374	
3061	338	
3062	368	
3063	367	
3064	368	
3065	954	
3067	371	
3068	645	
3069	336	
3070	372	
3071	426	
3072	529	
3073	359	
3074	363	
3075	378	
3076	384	
3077	387	
3078	384	
3079	379	
3080	483	
3081	365	
3082	379	
3083	379	
3084	426	
3085	1023	
3087	407	
3088	457	
3089	389	
3090	378	
3091	758	
3092	347	
3093	375	
3094	378	
3095	377	
3096	442	
3097	360	
3098	345	
3099	389	
3100	458	
3101	394	
3102	361	
3103	380	
3104	458	
3105	987	
3107	389	
3108	387	
3109	399	
3110	382	
3111	377	
3112	361	
3113	354	
3114	378	
3115	378	
3116	354	
3117	371	
3118	381	
3119	386	
3120	489	
3121	384	
3122	346	
3123	378	
3124	347	
3125	976	
3127	303	
3128	311	
3129	275	
3130	360	
3131	305	
3132	369	
3133	324	
3134	281	
3135	606	
3136	490	
3137	313	
3138	381	
3139	368	
3140	363	
3141	353	
3142	378	
3143	368	
3144	390	
3145	943	
3147	411	
3148	397	
3149	344	
3150	660	
3152	337	
3153	341	
3154	337	
3155	802	
3157	351	
3158	373	
3159	371	
3160	346	
3161	351	
3162	405	
3163	371	
3164	381	
3165	1035	
3167	379	
3168	390	
3169	386	
3170	344	
3171	367	
3172	370	
3173	387	
3174	372	
3175	365	
3176	743	
3177	350	
3178	370	
3179	366	
3180	377	
3181	350	
3182	339	
3183	367	
3184	376	
3185	953	
3187	371	
3188	369	
3189	341	
3190	339	
3191	347	
3192	382	
3193	376	
3194	381	
3195	377	
3196	375	
3197	397	
3198	381	
3199	372	
3200	372	
3201	362	
3202	373	
3203	382	
3204	374	
3205	1034	
3207	375	
3208	371	
3209	1107	
3210	339	
3211	376	
3212	372	
3213	348	
3214	348	
3215	379	
3216	370	
3217	380	
3218	341	
3219	1174	
3220	352	
3221	660	
3222	501	
3223	474	
3224	518	
3225	959	
3227	384	
3228	374	
3229	368	
3230	374	
3231	377	
3232	376	
3233	386	
3234	373	
3235	367	
3236	372	
3237	352	
3238	370	
3239	368	
3240	293	
3241	298	
3242	275	
3243	296	
3244	295	
3245	914	
3247	296	
3248	294	
3249	288	
3250	353	
3251	744	
3252	370	
3253	342	
3254	384	
3255	370	
3256	366	
3257	366	
3258	338	
3259	375	
3260	370	
3261	348	
3262	356	
3263	344	
3264	372	
3265	952	
3267	364	
3268	382	
3269	355	
3270	382	
3271	368	
3272	371	
3273	340	
3274	387	
3275	370	
3276	737	
3277	336	
3278	339	
3279	365	
3280	380	
3281	645	
3282	338	
3283	364	
3284	372	
3285	996	
3286	404	
3287	369	
3288	369	
3289	378	
3290	349	
3291	739	
3292	337	
3293	375	
3294	345	
3295	370	
3296	456	
3297	339	
3298	371	
3299	373	
3300	388	
3301	382	
3302	370	
3303	368	
3304	369	
3305	932	
3307	370	
3308	341	
3309	342	
3310	445	
3311	770	
3312	735	
3313	339	
3314	338	
3315	372	
3316	370	
3317	340	
3318	370	
3319	366	
3320	374	
3321	336	
3322	336	
3323	372	
3324	370	
3325	970	
3327	374	
3328	377	
3329	339	
3330	368	
3331	372	
3332	371	
3333	350	
3334	374	
3335	379	
3336	761	
3337	370	
3338	338	
3339	366	
3340	350	
3341	758	
3342	367	
3343	365	
3344	339	
3345	989	
3347	373	
3348	367	
3349	371	
3350	366	
3351	365	
3352	366	
3353	367	
3354	335	
3355	371	
3356	370	
3357	342	
3358	366	
3359	366	
3360	368	
3361	732	
3362	333	
3363	365	
3364	342	
3365	1065	
3367	372	
3368	369	
3369	1166	
3370	375	
3371	368	
3372	368	
3373	335	
3374	338	
3375	378	
3376	374	
3377	364	
3378	344	
3379	1121	
3380	535	
3381	357	
3382	348	
3383	374	
3384	371	
3385	1086	
3387	372	
3388	359	
3389	343	
3390	380	
3391	373	
3392	371	
3393	361	
3394	337	
3395	371	
3396	378	
3397	369	
3398	373	
3399	366	
3400	368	
3401	753	
3402	335	
3403	366	
3404	366	
3405	1133	
3407	340	
3408	368	
3409	371	
3410	337	
3411	363	
3412	373	
3413	353	
3414	406	
3415	367	
3416	679	
3417	380	
3418	369	
3419	368	
3420	368	
3421	336	
3422	340	
3423	372	
3424	374	
3425	969	
3427	378	
3428	374	
3429	359	
3430	341	
3431	730	
3432	450	
3433	431	
3434	339	
3435	367	
3436	366	
3437	342	
3438	367	
3439	367	
3440	376	
3441	338	
3442	335	
3443	379	
3444	375	
3445	1089	
3447	374	
3448	373	
3449	367	
3450	366	
3451	369	
3452	351	
3453	384	
3454	380	
3455	375	
3456	764	
3457	391	
3458	336	
3459	367	
3460	396	
3461	727	
3462	347	
3463	368	
3464	380	
3465	1004	
3467	371	
3468	376	
3469	346	
3470	367	
3471	291	
3472	301	
3473	305	
3474	297	
3475	433	
3476	460	
3477	361	
3478	389	
3479	372	
3480	368	
3481	378	
3482	344	
3483	365	
3484	386	
3485	941	
3487	367	
3488	375	
3489	350	
3490	343	
3491	748	
3492	392	
3493	385	
3494	338	
3495	377	
3496	367	
3497	370	
3498	340	
3499	369	
3500	358	
3501	341	
3502	345	
3503	374	
3504	372	
3505	946	
3507	366	
3508	371	
3509	475	
3510	340	
3511	369	
3512	399	
3513	366	
3514	352	
3515	368	
3516	376	
3517	341	
3518	383	
3519	382	
3520	401	
3521	383	
3522	371	
3523	367	
3524	368	
3525	915	
3527	376	
3528	371	
3529	1122	
3530	336	
3531	346	
3532	369	
3533	362	
3534	349	
3535	370	
3536	371	
3537	347	
3538	338	
3539	1126	
3540	394	
3541	373	
3542	348	
3543	367	
3544	367	
3545	940	
3547	372	
3548	370	
3549	790	
3550	340	
3551	368	
3552	366	
3553	372	
3554	338	
3555	339	
3556	368	
3557	366	
3558	341	
3559	339	
3560	372	
3561	367	
3562	371	
3563	421	
3564	378	
3565	1017	
3567	357	
3568	374	
3569	370	
3570	372	
3571	368	
3572	369	
3573	370	
3574	371	
3575	340	
3576	377	
3577	300	
3578	299	
3579	298	
3580	300	
3581	299	
3582	277	
3583	301	
3584	297	
3585	979	
3587	281	
3588	377	
3589	377	
3590	381	
3591	343	
3592	374	
3593	374	
3594	373	
3595	349	
3596	374	
3597	372	
3598	348	
3599	339	
3600	363	
3601	371	
3602	376	
3603	345	
3604	352	
3605	1067	
3607	347	
3608	375	
3609	370	
3610	373	
3611	346	
3612	370	
3613	369	
3614	357	
3615	340	
3616	375	
3617	376	
3618	376	
3619	369	
3620	406	
3621	740	
3622	345	
3623	350	
3624	376	
3625	1671	
3627	350	
3628	337	
3629	365	
3630	748	
3632	338	
3633	372	
3634	355	
3635	337	
3636	368	
3637	368	
3638	369	
3639	345	
3640	368	
3641	366	
3642	348	
3643	348	
3644	374	
3645	1545	
3647	427	
3648	381	
3649	383	
3650	379	
3651	409	
3652	364	
3653	376	
3654	377	
3655	359	
3656	371	
3657	380	
3658	381	
3659	398	
3660	390	
3661	373	
3662	345	
3663	351	
3664	348	
3665	1045	
3667	359	
3668	357	
3669	342	
3670	389	
3671	362	
3672	356	
3673	438	
3674	409	
3675	463	
3676	396	
3677	404	
3678	405	
3679	374	
3680	375	
3681	380	
3682	365	
3683	342	
3684	368	
3685	1053	
3687	376	
3688	297	
3689	1102	
3690	301	
3691	276	
3692	292	
3693	294	
3694	277	
3695	270	
3696	270	
3697	298	
3698	389	
3699	1082	
3700	371	
3701	370	
3702	373	
3703	290	
3704	381	
3705	1041	
3707	353	
3708	359	
3709	372	
3710	345	
3711	339	
3712	375	
3713	374	
3714	373	
3715	338	
3716	372	
3717	372	
3718	368	
3719	337	
3720	365	
3721	364	
3722	369	
3723	343	
3724	335	
3725	1006	
3727	398	
3728	336	
3729	367	
3730	413	
3731	646	
3732	344	
3733	366	
3734	409	
3735	809	
3737	376	
3738	573	
3739	400	
3740	387	
3741	374	
3742	402	
3743	363	
3744	353	
3745	1048	
3747	362	
3748	339	
3749	366	
3750	374	
3751	347	
3752	352	
3753	366	
3754	401	
3755	339	
3756	344	
3757	373	
3758	402	
3759	358	
3760	346	
3761	376	
3762	427	
3763	724	
3764	391	
3765	1132	
3767	381	
3768	353	
3769	372	
3770	366	
3771	372	
3772	337	
3773	355	
3774	370	
3775	343	
3776	359	
3777	368	
3778	366	
3779	346	
3780	417	
3781	376	
3782	372	
3783	369	
3784	358	
3785	1085	
3787	376	
3788	346	
3789	366	
3790	371	
3791	712	
3792	353	
3793	334	
3794	365	
3795	375	
3796	342	
3797	363	
3798	391	
3799	388	
3800	364	
3801	396	
3802	376	
3803	392	
3804	381	
3805	1083	
3807	370	
3808	341	
3809	366	
3810	368	
3811	350	
3812	392	
3813	367	
3814	365	
3815	338	
3816	361	
3817	369	
3818	369	
3819	367	
3820	431	
3821	724	
3822	383	
3823	383	
3824	340	
3825	1073	
3827	344	
3828	362	
3829	336	
3830	408	
3831	423	
3832	429	
3833	349	
3834	386	
3835	401	
3836	393	
3837	380	
3838	382	
3839	386	
3840	374	
3841	382	
3842	371	
3843	385	
3844	379	
3845	1064	
3847	371	
3848	353	
3849	1134	
3850	384	
3851	377	
3852	348	
3853	376	
3854	379	
3855	372	
3856	351	
3857	352	
3858	378	
3859	1078	
3860	384	
3861	386	
3862	384	
3863	377	
3864	364	
3865	962	
3867	374	
3868	349	
3869	367	
3870	366	
3871	754	
3872	351	
3873	382	
3874	377	
3875	399	
3876	356	
3877	355	
3878	386	
3879	380	
3880	393	
3881	345	
3882	379	
3883	377	
3884	380	
3885	1066	
3887	386	
3888	350	
3889	343	
3890	376	
3891	378	
3892	385	
3893	392	
3894	382	
3895	382	
3896	503	
3897	431	
3898	379	
3899	374	
3900	460	
3901	381	
3902	428	
3903	677	
3904	359	
3905	1016	
3907	375	
3908	371	
3909	380	
3910	378	
3911	395	
3912	391	
3913	477	
3914	553	
3915	373	
3916	407	
3917	347	
3918	362	
3919	382	
3920	339	
3921	359	
3922	367	
3923	367	
3924	719	
3925	1074	
3927	397	
3928	371	
3929	373	
3930	375	
3931	751	
3932	339	
3933	338	
3934	366	
3935	434	
3936	671	
3937	352	
3938	362	
3939	370	
3940	370	
3941	372	
3942	343	
3943	372	
3944	341	
3945	987	
3947	376	
3948	376	
3949	346	
3950	788	
3952	374	
3953	363	
3954	365	
3955	373	
3956	350	
3957	371	
3958	379	
3959	366	
3960	373	
3961	740	
3962	336	
3963	366	
3964	335	
3965	987	
3967	369	
3968	337	
3969	338	
3970	371	
3971	636	
3972	367	
3973	338	
3974	333	
3975	372	
3976	371	
3977	376	
3978	405	
3979	375	
3980	370	
3981	368	
3982	362	
3983	377	
3984	367	
3985	1072	
3987	375	
3988	393	
3989	413	
3990	821	
3992	376	
3993	339	
3994	343	
3995	372	
3996	373	
3997	356	
3998	345	
3999	771	
4000	381	
4001	350	
4002	372	
4003	379	
4004	386	
4005	1095	
4007	378	
4008	380	
4009	1146	
4010	372	
4011	376	
4012	373	
4013	358	
4014	353	
4015	374	
4016	376	
4017	352	
4018	372	
4019	1158	
4020	371	
4021	274	
4022	274	
4023	301	
4024	296	
4025	967	
4027	313	
4028	295	
4029	349	
4030	373	
4031	373	
4032	396	
4033	389	
4034	356	
4035	368	
4036	380	
4037	379	
4038	379	
4039	366	
4040	373	
4041	390	
4042	355	
4043	389	
4044	391	
4045	1013	
4047	384	
4048	370	
4049	338	
4050	341	
4051	775	
4052	383	
4053	370	
4054	339	
4055	371	
4056	366	
4057	369	
4058	344	
4059	372	
4060	345	
4061	353	
4062	360	
4063	375	
4064	373	
4065	981	
4067	376	
4068	377	
4069	1039	
4070	447	
4071	398	
4072	378	
4073	392	
4074	350	
4075	389	
4076	377	
4077	407	
4078	353	
4079	352	
4080	433	
4081	409	
4082	360	
4083	358	
4084	374	
4085	1663	
4087	402	
4088	399	
4089	477	
4090	402	
4091	376	
4092	430	
4093	442	
4094	387	
4095	409	
4096	612	
4097	388	
4098	390	
4099	379	
4100	406	
4101	395	
4102	363	
4103	395	
4104	418	
4105	1407	
4107	361	
4108	381	
4109	399	
4110	348	
4111	377	
4112	376	
4113	380	
4114	482	
4115	523	
4116	520	
4117	485	
4118	463	
4119	520	
4120	379	
4121	716	
4122	377	
4123	380	
4124	378	
4125	979	
4127	295	
4128	298	
4129	312	
4130	300	
4131	296	
4132	330	
4133	351	
4134	339	
4135	300	
4136	321	
4137	354	
4138	306	
4139	382	
4140	435	
4141	778	
4142	372	
4143	372	
4144	390	
4145	1058	
4147	371	
4148	407	
4149	440	
4150	381	
4151	371	
4152	398	
4153	368	
4154	360	
4155	373	
4156	403	
4157	399	
4158	377	
4159	371	
4160	406	
4161	424	
4162	354	
4163	369	
4164	360	
4165	1034	
4167	380	
4168	368	
4169	1621	
4171	447	
4172	381	
4173	381	
4174	381	
4175	367	
4176	371	
4177	359	
4178	347	
4179	1093	
4180	402	
4181	385	
4182	348	
4183	346	
4184	380	
4185	927	
4187	584	
4188	388	
4189	399	
4190	375	
4191	372	
4192	371	
4193	375	
4194	347	
4195	435	
4196	384	
4197	376	
4198	358	
4199	364	
4200	375	
4201	379	
4202	341	
4203	369	
4204	370	
4205	1815	
4207	351	
4208	378	
4209	376	
4210	505	
4211	711	
4212	485	
4213	397	
4214	349	
4215	386	
4216	377	
4217	404	
4218	375	
4219	382	
4220	380	
4221	358	
4222	350	
4223	379	
4224	384	
4225	915	
4227	400	
4228	373	
4229	394	
4230	386	
4231	338	
4232	366	
4233	359	
4234	379	
4235	599	
4236	377	
4237	398	
4238	381	
4239	293	
4240	298	
4241	316	
4242	324	
4243	276	
4244	298	
4245	907	
4247	294	
4248	296	
4249	328	
4250	414	
4251	350	
4252	362	
4253	393	
4254	434	
4255	344	
4256	365	
4257	413	
4258	416	
4259	374	
4260	368	
4261	829	
4262	395	
4263	350	
4264	383	
4265	1096	
4267	402	
4268	372	
4269	408	
4270	434	
4271	339	
4272	367	
4273	395	
4274	353	
4275	401	
4276	353	
4277	377	
4278	379	
4279	349	
4280	370	
4281	372	
4282	376	
4283	362	
4284	370	
4285	1066	
4287	375	
4288	364	
4289	368	
4290	344	
4291	360	
4292	367	
4293	378	
4294	357	
4295	379	
4296	389	
4297	366	
4298	389	
4299	351	
4300	343	
4301	743	
4302	392	
4303	364	
4304	338	
4305	1065	
4307	385	
4308	366	
4309	368	
4310	385	
4311	385	
4312	337	
4313	380	
4314	406	
4315	409	
4316	395	
4317	374	
4318	414	
4319	435	
4320	375	
4321	370	
4322	414	
4323	392	
4324	356	
4325	1003	
4327	391	
4328	383	
4329	1137	
4330	400	
4331	383	
4332	360	
4333	375	
4334	368	
4335	379	
4336	379	
4337	366	
4338	369	
4339	1281	
4340	345	
4341	368	
4342	381	
4343	367	
4344	408	
4345	1079	
4347	450	
4348	349	
4349	380	
4350	322	
4351	609	
4352	279	
4353	305	
4354	310	
4355	284	
4356	305	
4357	305	
4358	306	
4359	279	
4360	361	
4361	378	
4362	380	
4363	387	
4364	347	
4365	1097	
4367	348	
4368	358	
4369	372	
4370	383	
4371	414	
4372	353	
4373	379	
4374	412	
4375	417	
4376	337	
4377	367	
4378	397	
4379	345	
4380	359	
4381	371	
4382	419	
4383	414	
4384	375	
4385	1612	
4387	354	
4388	357	
4389	383	
4390	395	
4391	724	
4392	360	
4393	382	
4394	384	
4395	362	
4396	351	
4397	375	
4398	379	
4399	353	
4400	347	
4401	387	
4402	381	
4403	380	
4404	379	
4405	1070	
4407	339	
4408	346	
4409	380	
4410	446	
4411	779	
4412	404	
4413	374	
4414	374	
4415	438	
4416	351	
4417	373	
4418	374	
4419	347	
4420	364	
4421	347	
4422	382	
4423	382	
4424	350	
4425	1042	
4427	355	
4428	376	
4429	371	
4430	373	
4431	379	
4432	358	
4433	370	
4434	373	
4435	354	
4436	359	
4437	372	
4438	380	
4439	387	
4440	409	
4441	374	
4442	372	
4443	381	
4444	341	
4445	1022	
4447	400	
4448	343	
4449	366	
4450	649	
4452	395	
4453	351	
4454	372	
4455	395	
4456	366	
4457	375	
4458	369	
4459	630	
4460	366	
4461	366	
4462	372	
4463	389	
4464	383	
4465	998	
4467	380	
4468	386	
4469	374	
4470	381	
4471	764	
4472	431	
4473	351	
4474	366	
4475	392	
4476	355	
4477	390	
4478	367	
4479	399	
4480	401	
4481	367	
4482	369	
4483	394	
4484	356	
4485	1002	
4487	436	
4488	363	
4489	1178	
4490	401	
4491	385	
4492	366	
4493	355	
4494	371	
4495	378	
4496	398	
4497	349	
4498	379	
4499	1133	
4500	381	
4501	380	
4502	380	
4503	380	
4504	348	
4505	968	
4507	383	
4508	349	
4509	384	
4510	382	
4511	385	
4512	348	
4513	351	
4514	383	
4515	387	
4516	355	
4517	352	
4518	383	
4519	384	
4520	365	
4521	352	
4522	364	
4523	383	
4524	385	
4525	945	
4527	392	
4528	389	
4529	367	
4530	380	
4531	385	
4532	374	
4533	350	
4534	377	
4535	382	
4536	363	
4537	377	
4538	380	
4539	382	
4540	384	
4541	781	
4542	350	
4543	383	
4544	381	
4545	930	
4547	384	
4548	385	
4549	348	
4550	387	
4551	379	
4552	348	
4553	349	
4554	350	
4555	390	
4556	380	
4557	387	
4558	352	
4559	383	
4560	386	
4561	576	
4562	353	
4563	386	
4564	387	
4565	948	
4567	402	
4568	383	
4569	386	
4570	366	
4571	296	
4572	303	
4573	293	
4574	309	
4575	313	
4576	307	
4577	304	
4578	305	
4579	378	
4580	384	
4581	763	
4582	345	
4583	382	
4584	383	
4585	923	
4587	384	
4588	381	
4589	375	
4590	376	
4591	349	
4592	383	
4593	400	
4594	388	
4595	356	
4596	369	
4597	391	
4598	386	
4599	386	
4600	386	
4601	385	
4602	351	
4603	351	
4604	382	
4605	977	
4607	375	
4608	382	
4609	386	
4610	360	
4611	371	
4612	385	
4613	371	
4614	350	
4615	383	
4616	380	
4617	363	
4618	379	
4619	369	
4620	382	
4621	372	
4622	353	
4623	390	
4624	383	
4625	1002	
4627	383	
4628	381	
4629	379	
4630	356	
4631	345	
4632	381	
4633	384	
4634	353	
4635	355	
4636	369	
4637	367	
4638	349	
4639	341	
4640	359	
4641	374	
4642	388	
4643	349	
4644	343	
4645	1004	
4647	388	
4648	356	
4649	1199	
4650	365	
4651	356	
4652	378	
4653	375	
4654	378	
4655	1181	
4657	358	
4658	345	
4659	1135	
4660	376	
4661	369	
4662	351	
4663	416	
4664	379	
4665	1043	
4667	356	
4668	383	
4669	362	
4670	348	
4671	373	
4672	360	
4673	368	
4674	425	
4675	388	
4676	381	
4677	384	
4678	380	
4679	379	
4680	274	
4681	277	
4682	282	
4683	305	
4684	303	
4685	1005	
4687	292	
4688	290	
4689	280	
4690	358	
4691	758	
4692	376	
4693	386	
4694	349	
4695	382	
4696	378	
4697	346	
4698	352	
4699	385	
4700	374	
4701	369	
4702	365	
4703	385	
4704	384	
4705	981	
4707	365	
4708	364	
4709	434	
4710	378	
4711	755	
4712	423	
4713	408	
4714	376	
4715	377	
4716	389	
4717	402	
4718	345	
4719	376	
4720	391	
4721	881	
4722	381	
4723	375	
4724	375	
4725	1009	
4727	349	
4728	379	
4729	379	
4730	344	
4731	351	
4732	375	
4733	377	
4734	347	
4735	370	
4736	372	
4737	342	
4738	341	
4739	365	
4740	366	
4741	371	
4742	355	
4743	368	
4744	367	
4745	1031	
4747	372	
4748	368	
4749	370	
4750	356	
4751	728	
4752	367	
4753	366	
4754	339	
4755	337	
4756	367	
4757	382	
4758	384	
4759	387	
4760	378	
4761	384	
4762	360	
4763	379	
4764	379	
4765	964	
4767	386	
4768	385	
4769	356	
4770	393	
4771	381	
4772	382	
4773	380	
4774	347	
4775	348	
4776	381	
4777	344	
4778	348	
4779	346	
4780	380	
4781	349	
4782	389	
4783	381	
4784	375	
4785	973	
4787	347	
4788	378	
4789	376	
4790	294	
4791	294	
4792	297	
4793	309	
4794	290	
4795	296	
4796	298	
4797	295	
4798	284	
4799	319	
4800	296	
4801	368	
4802	396	
4803	369	
4804	367	
4805	943	
4807	384	
4808	379	
4809	1176	
4810	377	
4811	378	
4812	379	
4813	378	
4814	341	
4815	352	
4816	387	
4817	384	
4818	385	
4819	1138	
4820	381	
4821	384	
4822	358	
4823	350	
4824	379	
4825	1007	
4827	355	
4828	382	
4829	356	
4830	386	
4831	761	
4832	380	
4833	380	
4834	349	
4835	353	
4836	382	
4837	378	
4838	359	
4839	389	
4840	388	
4841	383	
4842	385	
4843	352	
4844	384	
4845	978	
4847	374	
4848	382	
4849	396	
4850	423	
4851	382	
4852	395	
4853	390	
4854	385	
4855	357	
4856	381	
4857	382	
4858	380	
4859	381	
4860	386	
4861	379	
4862	347	
4863	350	
4864	387	
4865	1057	
4867	368	
4868	379	
4869	378	
4870	347	
4871	348	
4872	364	
4873	382	
4874	366	
4875	343	
4876	386	
4877	378	
4878	380	
4879	374	
4880	374	
4881	337	
4882	342	
4883	342	
4884	373	
4885	1045	
4887	347	
4888	381	
4889	374	
4890	380	
4891	341	
4892	374	
4893	375	
4894	821	
4895	463	
4896	346	
4897	372	
4898	345	
4899	375	
4900	371	
4901	371	
4902	392	
4903	360	
4904	367	
4905	1079	
4907	351	
4908	370	
4909	368	
4910	362	
4911	339	
4912	369	
4913	368	
4914	510	
4915	390	
4916	378	
4917	374	
4918	542	
4919	359	
4920	367	
4921	383	
4922	486	
4923	394	
4924	353	
4925	1093	
4927	358	
4928	360	
4929	381	
4930	405	
4931	354	
4932	369	
4933	379	
4934	458	
4935	358	
4936	383	
4937	377	
4938	434	
4939	385	
4940	378	
4941	377	
4942	383	
4943	363	
4944	378	
4945	1100	
4947	418	
4948	380	
4949	374	
4950	703	
4952	395	
4953	381	
4954	379	
4955	393	
4956	381	
4957	382	
4958	386	
4959	363	
4960	373	
4961	383	
4962	391	
4963	369	
4964	378	
4965	1030	
4967	385	
4968	359	
4969	1172	
4970	340	
4971	508	
4972	371	
4973	389	
4974	393	
4975	392	
4976	378	
4977	379	
4978	386	
4979	1121	
4980	354	
4981	378	
4982	379	
4983	418	
4984	346	
4985	1057	
4987	353	
4988	370	
4989	368	
4990	702	
4992	348	
4993	347	
4994	376	
4995	399	
4996	342	
4997	347	
4998	370	
4999	354	
5000	350	
5001	363	
5002	375	
5003	373	
5004	369	
5005	1140	
5007	440	
5008	344	
5009	367	
5010	421	
5011	769	
5012	374	
5013	364	
5014	367	
5015	338	
5016	338	
5017	337	
5018	369	
5019	379	
5020	354	
5021	268	
5022	297	
5023	319	
5024	301	
5025	1019	
5027	394	
5028	353	
5029	349	
5030	376	
5031	396	
5032	383	
5033	361	
5034	378	
5035	383	
5036	380	
5037	364	
5038	377	
5039	378	
5040	369	
5041	392	
5042	376	
5043	374	
5044	355	
5045	991	
5047	378	
5048	346	
5049	365	
5050	391	
5051	372	
5052	370	
5053	370	
5054	371	
5055	392	
5056	348	
5057	348	
5058	373	
5059	382	
5060	355	
5061	339	
5062	371	
5063	378	
5064	349	
5065	995	
5067	378	
5068	360	
5069	343	
5070	374	
5071	369	
5072	384	
5073	370	
5074	371	
5075	338	
5076	338	
5077	336	
5078	370	
5079	369	
5080	375	
5081	677	
5082	375	
5083	368	
5084	370	
5085	974	
5087	373	
5088	578	
5089	348	
5090	373	
5091	385	
5092	374	
5093	350	
5094	371	
5095	358	
5096	360	
5097	376	
5098	371	
5099	378	
5100	379	
5101	365	
5102	371	
5103	364	
5104	350	
5105	994	
5107	377	
5108	398	
5109	400	
5110	391	
5111	673	
5112	394	
5113	347	
5114	339	
5115	374	
5116	416	
5117	340	
5118	373	
5119	370	
5120	350	
5121	354	
5122	370	
5123	370	
5124	353	
5125	935	
5127	306	
5128	298	
5129	1024	
5130	297	
5131	291	
5132	280	
5133	274	
5134	293	
5135	292	
5136	335	
5137	340	
5138	292	
5139	1115	
5140	377	
5141	339	
5142	335	
5143	367	
5144	370	
5145	960	
5147	374	
5148	402	
5149	428	
5150	381	
5151	375	
5152	375	
5153	341	
5154	347	
5155	375	
5156	375	
5157	374	
5158	372	
5159	370	
5160	367	
5161	365	
5162	336	
5163	365	
5164	371	
5165	935	
5167	376	
5168	352	
5169	370	
5170	368	
5171	739	
5172	367	
5173	337	
5174	336	
5175	370	
5176	366	
5177	370	
5178	340	
5179	369	
5180	450	
5181	735	
5182	333	
5183	367	
5184	374	
5185	953	
5187	343	
5188	370	
5189	390	
5190	343	
5191	357	
5192	370	
5193	375	
5194	377	
5195	372	
5196	370	
5197	471	
5198	353	
5199	368	
5200	398	
5201	371	
5202	349	
5203	369	
5204	380	
5205	1144	
5207	375	
5208	366	
5209	355	
5210	371	
5211	381	
5212	367	
5213	386	
5214	350	
5215	347	
5216	383	
5217	355	
5218	386	
5219	341	
5220	398	
5221	392	
5222	354	
5223	349	
5224	372	
5225	1097	
5227	383	
5228	368	
5229	382	
5230	346	
5231	369	
5232	365	
5233	389	
5234	365	
5235	381	
5236	365	
5237	320	
5238	278	
5239	267	
5240	298	
5241	633	
5242	332	
5243	358	
5244	306	
5245	1072	
5247	308	
5248	370	
5249	401	
5250	347	
5251	350	
5252	383	
5253	392	
5254	377	
5255	378	
5256	377	
5257	379	
5258	354	
5259	347	
5260	373	
5261	384	
5262	397	
5263	358	
5264	378	
5265	1161	
5267	387	
5268	379	
5269	386	
5270	363	
5271	346	
5272	377	
5273	380	
5274	428	
5275	354	
5276	374	
5277	379	
5278	425	
5279	342	
5280	385	
5281	391	
5282	377	
5283	349	
5284	380	
5285	1162	
5287	465	
5288	359	
5289	1259	
5290	868	
5292	377	
5293	396	
5294	404	
5295	347	
5296	368	
5297	364	
5298	407	
5299	1075	
5300	413	
5301	368	
5302	482	
5303	381	
5304	377	
5305	1056	
5307	378	
5308	340	
5309	371	
5310	432	
5311	369	
5312	343	
5313	380	
5314	412	
5315	344	
5316	356	
5317	369	
5318	369	
5319	352	
5320	380	
5321	367	
5322	409	
5323	377	
5324	374	
5325	1053	
5327	359	
5328	367	
5329	366	
5330	418	
5331	342	
5332	367	
5333	365	
5334	380	
5335	337	
5336	336	
5337	366	
5338	339	
5339	359	
5340	379	
5341	370	
5342	408	
5343	388	
5344	375	
5345	1013	
5347	360	
5348	273	
5349	309	
5350	285	
5351	301	
5352	308	
5353	298	
5354	327	
5355	298	
5356	293	
5357	292	
5358	304	
5359	355	
5360	335	
5361	378	
5362	391	
5363	404	
5364	365	
5365	992	
5367	349	
5368	349	
5369	377	
5370	505	
5371	793	
5372	344	
5373	377	
5374	393	
5375	564	
5376	349	
5377	376	
5378	405	
5379	344	
5380	371	
5381	369	
5382	401	
5383	381	
5384	370	
5385	1005	
5387	359	
5388	663	
5389	432	
5390	368	
5391	355	
5392	341	
5393	371	
5394	367	
5395	341	
5396	342	
5397	375	
5398	374	
5399	343	
5400	377	
5401	364	
5402	367	
5403	344	
5404	359	
5405	995	
5407	370	
5408	343	
5409	337	
5410	375	
5411	337	
5412	376	
5413	340	
5414	372	
5415	372	
5416	755	
5417	514	
5418	383	
5419	383	
5420	345	
5421	370	
5422	376	
5423	380	
5424	365	
5425	1045	
5427	362	
5428	344	
5429	378	
5430	375	
5431	735	
5432	375	
5433	350	
5434	379	
5435	340	
5436	340	
5437	346	
5438	370	
5439	372	
5440	379	
5441	375	
5442	372	
5443	372	
5444	343	
5445	1015	
5447	382	
5448	350	
5449	1169	
5450	375	
5451	378	
5452	349	
5453	352	
5454	357	
5455	372	
5456	368	
5457	345	
5458	378	
5459	1174	
5460	377	
5461	370	
5462	375	
5463	375	
5464	360	
5465	995	
5467	378	
5468	377	
5469	340	
5470	380	
5471	750	
5472	376	
5473	340	
5474	372	
5475	381	
5476	341	
5477	344	
5478	341	
5479	387	
5480	399	
5481	347	
5482	376	
5483	380	
5484	363	
5485	970	
5487	388	
5488	380	
5489	552	
5490	371	
5491	373	
5492	367	
5493	341	
5494	367	
5495	379	
5496	377	
5497	369	
5498	367	
5499	366	
5500	369	
5501	780	
5502	336	
5503	365	
5504	367	
5505	919	
5507	371	
5508	343	
5509	350	
5510	466	
5511	741	
5512	357	
5513	349	
5514	335	
5515	381	
5516	371	
5517	437	
5518	342	
5519	376	
5520	603	
5521	672	
5522	338	
5523	369	
5524	405	
5525	977	
5527	382	
5528	382	
5529	353	
5530	342	
5531	737	
5532	348	
5533	342	
5534	337	
5535	368	
5536	370	
5537	373	
5538	367	
5539	369	
5540	497	
5541	359	
5542	357	
5543	758	
5544	417	
5545	958	
5547	375	
5548	418	
5549	414	
5550	375	
5551	372	
5552	389	
5553	374	
5554	400	
5555	370	
5556	408	
5557	432	
5558	373	
5559	373	
5560	338	
5561	348	
5562	341	
5563	371	
5564	374	
5565	1029	
5567	376	
5568	374	
5569	379	
5570	358	
5571	300	
5572	302	
5573	274	
5574	273	
5575	305	
5576	298	
5577	379	
5578	350	
5579	346	
5580	366	
5581	353	
5582	358	
5583	360	
5584	378	
5585	1006	
5587	371	
5588	369	
5589	353	
5590	337	
5591	362	
5592	369	
5593	362	
5594	370	
5595	370	
5596	368	
5597	367	
5598	338	
5599	367	
5600	370	
5601	753	
5602	363	
5603	337	
5604	369	
5605	1515	
5607	338	
5608	365	
5609	1120	
5610	342	
5611	338	
5612	370	
5613	865	
5614	371	
5615	355	
5616	374	
5617	370	
5618	342	
5619	1087	
5620	370	
5621	375	
5622	342	
5623	366	
5624	373	
5625	985	
5627	362	
5628	364	
5629	366	
5630	672	
5632	370	
5633	380	
5634	391	
5635	340	
5636	367	
5637	366	
5638	366	
5639	658	
5640	380	
5641	372	
5642	672	
5643	370	
5644	368	
5645	955	
5647	349	
5648	352	
5649	383	
5650	374	
5651	346	
5652	365	
5653	376	
5654	445	
5655	379	
5656	394	
5657	372	
5658	517	
5659	405	
5660	369	
5661	365	
5662	388	
5663	338	
5664	368	
5665	1055	
5667	347	
5668	370	
5669	368	
5670	704	
5672	373	
5673	370	
5674	342	
5675	374	
5676	335	
5677	294	
5678	297	
5679	272	
5680	288	
5681	302	
5682	301	
5683	284	
5684	300	
5685	919	
5687	308	
5688	348	
5689	706	
5690	670	
5692	368	
5693	366	
5694	353	
5695	340	
5696	369	
5697	372	
5698	369	
5699	370	
5700	336	
5701	731	
5702	389	
5703	371	
5704	350	
5705	985	
5707	339	
5708	334	
5709	368	
5710	540	
5711	428	
5712	345	
5713	372	
5714	397	
5715	432	
5716	346	
5717	373	
5718	399	
5719	343	
5720	408	
5721	377	
5722	398	
5723	440	
5724	348	
5725	994	
5727	365	
5728	354	
5729	362	
5730	438	
5731	375	
5732	352	
5733	367	
5734	748	
5735	345	
5736	341	
5737	371	
5738	373	
5739	369	
5740	386	
5741	730	
5742	365	
5743	335	
5744	352	
5745	966	
5747	376	
5748	668	
5749	367	
5750	359	
5751	334	
5752	384	
5753	342	
5754	377	
5755	373	
5756	539	
5757	355	
5758	372	
5759	369	
5760	352	
5761	358	
5762	372	
5763	370	
5764	356	
5765	1004	
5767	357	
5768	343	
5769	1149	
5770	369	
5771	349	
5772	372	
5773	369	
5774	367	
5775	337	
5776	371	
5777	369	
5778	367	
5779	1111	
5780	353	
5781	367	
5782	366	
5783	369	
5784	337	
5785	939	
5787	310	
5788	270	
5789	292	
5790	293	
5791	296	
5792	272	
5793	274	
5794	272	
5795	292	
5796	283	
5797	372	
5798	371	
5799	377	
5800	342	
5801	369	
5802	366	
5803	350	
5804	339	
5805	926	
5807	369	
5808	369	
5809	336	
5810	374	
5811	716	
5812	371	
5813	346	
5814	372	
5815	372	
5816	342	
5817	336	
5818	342	
5819	372	
5820	404	
5821	586	
5822	407	
5823	389	
5824	628	
5825	984	
5827	397	
5828	678	
5829	447	
5830	720	
5832	361	
5833	341	
5834	365	
5835	381	
5836	368	
5837	375	
5838	389	
5839	715	
5840	376	
5841	350	
5842	336	
5843	885	
5844	789	
5845	960	
5847	391	
5848	371	
5849	369	
5850	380	
5851	380	
5852	336	
5853	361	
5854	345	
5855	377	
5856	375	
5857	411	
5858	365	
5859	373	
5860	393	
5861	399	
5862	351	
5863	371	
5864	382	
5865	970	
5867	378	
5868	706	
5869	405	
5870	708	
5872	345	
5873	343	
5874	352	
5875	371	
5876	372	
5877	348	
5878	374	
5879	800	
5880	693	
5881	402	
5882	346	
5883	376	
5884	382	
5885	1005	
5887	1048	
5889	419	
5890	660	
5891	347	
5892	838	
5893	406	
5894	362	
5895	704	
5896	373	
5897	427	
5898	304	
5899	298	
5900	273	
5901	314	
5902	279	
5903	302	
5904	300	
5905	983	
5907	305	
5908	377	
5909	525	
5910	719	
5912	376	
5913	497	
5914	349	
5915	385	
5916	373	
5917	469	
5918	365	
5919	685	
5920	402	
5921	361	
5922	415	
5923	405	
5924	373	
5925	1075	
5927	1010	
5929	1167	
5930	347	
5931	694	
5932	404	
5933	410	
5934	347	
5935	368	
5936	366	
5937	358	
5938	346	
5939	1121	
5940	731	
5942	359	
5943	964	
5944	686	
5945	1000	
5947	368	
5948	365	
5949	335	
5950	339	
5951	340	
5952	369	
5953	456	
5954	394	
5955	375	
5956	377	
5957	390	
5958	543	
5959	360	
5960	376	
5961	383	
5962	364	
5963	370	
5964	376	
5965	1095	
5967	374	
5968	375	
5969	366	
5970	363	
5971	350	
5972	375	
5973	377	
5974	377	
5975	380	
5976	370	
5977	396	
5978	389	
5979	343	
5980	378	
5981	776	
5982	402	
5983	347	
5984	369	
5985	1004	
5987	378	
5988	383	
5989	545	
5990	756	
5992	366	
5993	382	
5994	347	
5995	345	
5996	369	
5997	429	
5998	379	
5999	706	
6000	379	
6001	367	
6002	440	
6003	364	
6004	378	
6005	1056	
6007	367	
6008	368	
6009	367	
6010	371	
6011	357	
6012	382	
6013	374	
6014	375	
6015	344	
6016	341	
6017	385	
6018	346	
6019	355	
6020	373	
6021	395	
6022	433	
6023	366	
6024	364	
6025	1071	
6027	344	
6028	741	
6029	402	
6030	721	
6032	369	
6033	370	
6034	374	
6035	367	
6036	366	
6037	340	
6038	355	
6039	376	
6040	382	
6041	772	
6042	375	
6043	369	
6044	370	
6045	930	
6047	347	
6048	384	
6049	398	
6050	385	
6051	354	
6052	374	
6053	376	
6054	376	
6055	346	
6056	498	
6057	618	
6058	350	
6059	345	
6060	381	
6061	406	
6062	366	
6063	335	
6064	365	
6065	960	
6067	352	
6068	367	
6069	386	
6070	364	
6071	374	
6072	367	
6073	370	
6074	372	
6075	344	
6076	371	
6077	399	
6078	344	
6079	372	
6080	368	
6081	398	
6082	345	
6083	340	
6084	349	
6085	1014	
6087	381	
6088	355	
6089	1179	
6090	356	
6091	370	
6092	365	
6093	401	
6094	351	
6095	336	
6096	366	
6097	393	
6098	376	
6099	1055	
6100	375	
6101	394	
6102	372	
6103	344	
6104	368	
6105	1403	
6107	356	
6108	353	
6109	370	
6110	385	
6111	344	
6112	377	
6113	370	
6114	355	
6115	357	
6116	347	
6117	371	
6118	404	
6119	674	
6120	371	
6121	294	
6122	302	
6123	284	
6124	389	
6125	975	
6127	314	
6128	304	
6129	292	
6130	314	
6131	364	
6132	374	
6133	371	
6134	753	
6135	378	
6136	369	
6137	367	
6138	339	
6139	372	
6140	376	
6141	736	
6142	372	
6143	346	
6144	335	
6145	1192	
6147	409	
6148	377	
6149	390	
6150	378	
6151	355	
6152	383	
6153	373	
6154	386	
6155	371	
6156	345	
6157	383	
6158	544	
6159	2987	
6162	372	
6163	348	
6164	348	
6165	994	
6167	373	
6168	371	
6169	370	
6170	373	
6171	773	
6172	337	
6173	367	
6174	380	
6175	344	
6176	368	
6177	374	
6178	371	
6179	341	
6180	337	
6181	336	
6182	371	
6183	357	
6184	383	
6185	1055	
6187	367	
6188	367	
6189	369	
6190	369	
6191	738	
6192	334	
6193	375	
6194	369	
6195	378	
6196	337	
6197	368	
6198	371	
6199	373	
6200	374	
6201	700	
6202	371	
6203	338	
6204	335	
6205	989	
6207	371	
6208	340	
6209	339	
6210	369	
6211	347	
6212	369	
6213	352	
6214	371	
6215	368	
6216	373	
6217	359	
6218	372	
6219	364	
6220	336	
6221	368	
6222	382	
6223	359	
6224	372	
6225	992	
6227	373	
6228	344	
6229	338	
6230	371	
6231	587	
6232	270	
6233	267	
6234	294	
6235	296	
6236	589	
6237	291	
6238	293	
6239	267	
6240	273	
6241	624	
6242	376	
6243	375	
6244	362	
6245	999	
6247	378	
6248	375	
6249	1153	
6250	880	
6252	349	
6253	369	
6254	381	
6255	370	
6256	379	
6257	363	
6258	377	
6259	1174	
6260	370	
6261	340	
6262	367	
6263	368	
6264	340	
6265	992	
6267	372	
6268	354	
6269	349	
6270	381	
6271	379	
6272	351	
6273	385	
6274	388	
6275	386	
6276	351	
6277	360	
6278	386	
6279	373	
6280	370	
6281	369	
6282	363	
6283	369	
6284	338	
6285	1004	
6287	362	
6288	339	
6289	335	
6290	369	
6291	367	
6292	371	
6293	338	
6294	366	
6295	371	
6296	370	
6297	374	
6298	368	
6299	366	
6300	357	
6301	340	
6302	369	
6303	366	
6304	368	
6305	905	
6307	378	
6308	585	
6309	350	
6310	367	
6311	371	
6312	373	
6313	364	
6314	371	
6315	367	
6316	356	
6317	336	
6318	369	
6319	367	
6320	373	
6321	369	
6322	368	
6323	368	
6324	333	
6325	906	
6327	371	
6328	373	
6329	372	
6330	373	
6331	365	
6332	337	
6333	371	
6334	335	
6335	369	
6336	338	
6337	345	
6338	339	
6339	372	
6340	356	
6341	341	
6342	294	
6343	296	
6344	299	
6345	1008	
6347	304	
6348	297	
6349	300	
6350	305	
6351	300	
6352	307	
6353	389	
6354	363	
6355	374	
6356	373	
6357	356	
6358	348	
6359	376	
6360	377	
6361	376	
6362	371	
6363	368	
6364	373	
6365	935	
6367	376	
6368	370	
6369	341	
6370	358	
6371	367	
6372	372	
6373	339	
6374	341	
6375	375	
6376	371	
6377	356	
6378	375	
6379	371	
6380	371	
6381	372	
6382	339	
6383	373	
6384	370	
6385	1035	
6387	370	
6388	368	
6389	367	
6390	337	
6391	366	
6392	367	
6393	371	
6394	367	
6395	366	
6396	368	
6397	337	
6398	340	
6399	366	
6400	371	
6401	740	
6402	343	
6403	338	
6404	366	
6405	1464	
6407	341	
6408	367	
6409	1152	
6410	373	
6411	372	
6412	372	
6413	372	
6414	345	
6415	356	
6416	372	
6417	374	
6418	360	
6419	1099	
6420	370	
6421	372	
6422	340	
6423	855	
6424	369	
6425	949	
6427	343	
6428	370	
6429	368	
6430	384	
6431	366	
6432	366	
6433	366	
6434	346	
6435	335	
6436	366	
6437	368	
6438	372	
6439	334	
6440	376	
6441	366	
6442	370	
6443	366	
6444	369	
6445	960	
6447	344	
6448	377	
6449	377	
6450	693	
6452	344	
6453	593	
6454	382	
6455	343	
6456	360	
6457	375	
6458	368	
6459	729	
6460	378	
6461	368	
6462	372	
6463	356	
6464	368	
6465	1025	
6467	377	
6468	373	
6469	964	
6470	390	
6471	345	
6472	379	
6473	369	
6474	369	
6475	377	
6476	336	
6477	372	
6478	340	
6479	381	
6480	350	
6481	372	
6482	374	
6483	347	
6484	343	
6485	995	
6487	380	
6488	364	
6489	375	
6490	731	
6492	378	
6493	366	
6494	366	
6495	351	
6496	360	
6497	372	
6498	368	
6499	396	
6500	335	
6501	368	
6502	375	
6503	353	
6504	339	
6505	1002	
6507	385	
6508	367	
6509	707	
6510	704	
6512	340	
6513	367	
6514	371	
6515	342	
6516	340	
6517	371	
6518	377	
6519	342	
6520	345	
6521	340	
6522	372	
6523	357	
6524	349	
6525	1004	
6527	384	
6528	371	
6529	368	
6530	369	
6531	477	
6532	350	
6533	380	
6534	372	
6535	459	
6536	358	
6537	371	
6538	368	
6539	389	
6540	382	
6541	746	
6542	387	
6543	343	
6544	344	
6545	1053	
6547	377	
6548	353	
6549	344	
6550	387	
6551	378	
6552	352	
6553	357	
6554	393	
6555	390	
6556	407	
6557	379	
6558	381	
6559	380	
6560	353	
6561	348	
6562	382	
6563	420	
6564	381	
6565	1049	
6567	379	
6568	376	
6569	1260	
6570	378	
6571	405	
6572	326	
6573	376	
6574	373	
6575	346	
6576	359	
6577	378	
6578	376	
6579	1052	
6580	350	
6581	340	
6582	368	
6583	368	
6584	389	
6585	986	
6587	375	
6588	619	
6589	370	
6590	368	
6591	371	
6592	341	
6593	337	
6594	371	
6595	365	
6596	373	
6597	406	
6598	357	
6599	399	
6600	344	
6601	340	
6602	366	
6603	368	
6604	406	
6605	1023	
6607	398	
6608	358	
6609	348	
6610	405	
6611	374	
6612	350	
6613	380	
6614	366	
6615	365	
6616	352	
6617	355	
6618	343	
6619	374	
6620	393	
6621	354	
6622	343	
6623	380	
6624	381	
6625	996	
6627	385	
6628	355	
6629	362	
6630	362	
6631	389	
6632	359	
6633	408	
6634	340	
6635	413	
6636	397	
6637	403	
6638	375	
6639	374	
6640	358	
6641	345	
6642	351	
6643	386	
6644	415	
6645	1012	
6647	372	
6648	402	
6649	411	
6650	349	
6651	386	
6652	437	
6653	413	
6654	379	
6655	380	
6656	387	
6657	348	
6658	341	
6659	387	
6660	351	
6661	344	
6662	362	
6663	375	
6664	374	
6665	979	
6667	378	
6668	379	
6669	391	
6670	342	
6671	299	
6672	463	
6673	313	
6674	298	
6675	293	
6676	280	
6677	277	
6678	267	
6679	294	
6680	379	
6681	737	
6682	336	
6683	368	
6684	371	
6685	1022	
6687	371	
6688	367	
6689	342	
6690	372	
6691	377	
6692	373	
6693	376	
6694	344	
6695	355	
6696	375	
6697	342	
6698	346	
6699	358	
6700	384	
6701	390	
6702	356	
6703	367	
6704	372	
6705	1034	
6707	372	
6708	378	
6709	390	
6710	384	
6711	375	
6712	367	
6713	368	
6714	349	
6715	367	
6716	373	
6717	366	
6718	377	
6719	376	
6720	389	
6721	348	
6722	374	
6723	346	
6724	380	
6725	998	
6727	347	
6728	380	
6729	1200	
6730	365	
6731	352	
6732	382	
6733	376	
6734	348	
6735	375	
6736	375	
6737	371	
6738	342	
6739	1156	
6740	376	
6741	370	
6742	380	
6743	362	
6744	370	
6745	981	
6747	343	
6748	372	
6749	383	
6750	387	
6751	737	
6752	366	
6753	373	
6754	354	
6755	336	
6756	368	
6757	370	
6758	345	
6759	667	
6760	373	
6761	376	
6762	346	
6763	368	
6764	371	
6765	950	
6767	375	
6768	372	
6769	382	
6770	881	
6772	354	
6773	369	
6774	377	
6775	271	
6776	292	
6777	368	
6778	375	
6779	1518	
6781	627	
6782	795	
6783	306	
6784	304	
6785	961	
6787	277	
6788	294	
6789	293	
6790	408	
6791	750	
6792	376	
6793	385	
6794	345	
6795	345	
6796	338	
6797	370	
6798	376	
6799	380	
6800	371	
6801	367	
6802	371	
6803	342	
6804	337	
6805	992	
6807	368	
6808	376	
6809	372	
6810	338	
6811	343	
6812	362	
6813	369	
6814	360	
6815	339	
6816	340	
6817	370	
6818	367	
6819	367	
6820	364	
6821	724	
6822	343	
6823	354	
6824	340	
6825	1000	
6827	393	
6828	341	
6829	369	
6830	1212	
6832	374	
6833	367	
6834	371	
6835	357	
6836	358	
6837	389	
6838	379	
6839	383	
6840	341	
6841	346	
6842	375	
6843	393	
6844	341	
6845	1036	
6847	382	
6848	369	
6849	373	
6850	373	
6851	352	
6852	342	
6853	365	
6854	366	
6855	338	
6856	367	
6857	368	
6858	367	
6859	783	
6860	347	
6861	368	
6862	367	
6863	723	
6864	378	
6865	1034	
6867	372	
6868	380	
6869	338	
6870	377	
6871	349	
6872	370	
6873	345	
6874	374	
6875	384	
6876	381	
6877	354	
6878	377	
6879	384	
6880	375	
6881	374	
6882	375	
6883	377	
6884	363	
6885	1025	
6887	377	
6888	758	
6889	1085	
6890	296	
6891	279	
6892	284	
6893	270	
6894	293	
6895	293	
6896	273	
6897	276	
6898	296	
6899	1056	
6900	387	
6901	338	
6902	373	
6903	370	
6904	412	
6905	1003	
6907	381	
6908	349	
6909	342	
6910	383	
6911	372	
6912	382	
6913	379	
6914	374	
6915	371	
6916	374	
6917	366	
6918	368	
6919	365	
6920	367	
6921	339	
6922	369	
6923	369	
6924	374	
6925	974	
6927	377	
6928	342	
6929	347	
6930	380	
6931	771	
6932	357	
6933	346	
6934	367	
6935	383	
6936	740	
6937	347	
6938	339	
6939	371	
6940	347	
6941	349	
6942	378	
6943	376	
6944	376	
6945	988	
6947	379	
6948	374	
6949	342	
6950	368	
6951	377	
6952	387	
6953	364	
6954	379	
6955	368	
6956	367	
6957	358	
6958	360	
6959	366	
6960	361	
6961	397	
6962	372	
6963	371	
6964	345	
6965	1003	
6967	374	
6968	393	
6969	341	
6970	354	
6971	737	
6972	369	
6973	367	
6974	340	
6975	375	
6976	369	
6977	380	
6978	372	
6979	376	
6980	366	
6981	344	
6982	397	
6983	453	
6984	387	
6985	953	
6987	356	
6988	373	
6989	349	
6990	343	
6991	362	
6992	388	
6993	375	
6994	375	
6995	369	
6996	402	
6997	371	
6998	338	
6999	370	
7000	336	
7001	340	
7002	369	
7003	376	
7004	370	
7005	1035	
7007	344	
7008	375	
7009	356	
7010	384	
7011	372	
7012	373	
7013	372	
7014	380	
7015	351	
7016	381	
7017	351	
7018	351	
7019	352	
7020	379	
7021	388	
7022	351	
7023	353	
7024	376	
7025	993	
7027	406	
7028	374	
7029	367	
7030	350	
7031	363	
7032	375	
7033	375	
7034	353	
7035	339	
7036	368	
7037	369	
7038	337	
7039	337	
7040	367	
7041	367	
7042	367	
7043	365	
7044	366	
7045	975	
7047	340	
7048	373	
7049	1136	
7050	348	
7051	341	
7052	372	
7053	374	
7054	344	
7055	358	
7056	374	
7057	375	
7058	587	
7059	1407	
7061	572	
7062	373	
7063	366	
7064	372	
7065	928	
7067	392	
7068	367	
7069	365	
7070	339	
7071	337	
7072	366	
7073	367	
7074	368	
7075	374	
7076	370	
7077	373	
7078	360	
7079	350	
7080	390	
7081	378	
7082	382	
7083	344	
7084	341	
7085	1050	
7087	355	
7088	359	
7089	547	
7090	496	
7091	384	
7092	343	
7093	372	
7094	386	
7095	365	
7096	404	
7097	386	
7098	370	
7099	368	
7100	377	
7101	372	
7102	411	
7103	368	
7104	369	
7105	1037	
7107	378	
7108	366	
7109	366	
7110	390	
7111	758	
7112	367	
7113	369	
7114	373	
7115	342	
7116	338	
7117	369	
7118	371	
7119	371	
7120	340	
7121	369	
7122	368	
7123	339	
7124	336	
7125	991	
7127	347	
7128	340	
7129	373	
7130	370	
7131	374	
7132	339	
7133	351	
7134	371	
7135	350	
7136	345	
7137	359	
7138	368	
7139	372	
7140	367	
7141	366	
7142	352	
7143	345	
7144	337	
7145	988	
7147	364	
7148	382	
7149	369	
7150	403	
7151	780	
7152	347	
7153	368	
7154	373	
7155	402	
7156	380	
7157	369	
7158	378	
7159	362	
7160	388	
7161	340	
7162	370	
7163	362	
7164	362	
7165	999	
7167	412	
7168	378	
7169	361	
7170	601	
7171	381	
7172	378	
7173	368	
7174	368	
7175	370	
7176	347	
7177	368	
7178	378	
7179	363	
7180	388	
7181	358	
7182	367	
7183	373	
7184	357	
7185	1001	
7187	421	
7188	386	
7189	369	
7190	370	
7191	406	
7192	348	
7193	340	
7194	372	
7195	425	
7196	356	
7197	351	
7198	372	
7199	409	
7200	373	
7201	352	
7202	374	
7203	487	
7204	392	
7205	1032	
7207	369	
7208	344	
7209	1162	
7210	379	
7211	363	
7212	338	
7213	337	
7214	374	
7215	373	
7216	375	
7217	348	
7218	369	
7219	1160	
7220	350	
7221	280	
7222	293	
7223	292	
7224	286	
7225	890	
7227	298	
7228	297	
7229	270	
7230	272	
7231	736	
7232	370	
7233	337	
7234	335	
7235	373	
7236	384	
7237	375	
7238	371	
7239	371	
7240	375	
7241	349	
7242	335	
7243	372	
7244	378	
7245	923	
7247	377	
7248	372	
7249	369	
7250	361	
7251	353	
7252	379	
7253	360	
7254	379	
7255	3834	
7259	379	
7260	373	
7261	378	
7262	347	
7263	360	
7264	369	
7265	1052	
7267	377	
7268	371	
7269	360	
7270	373	
7271	374	
7272	536	
7273	363	
7274	357	
7275	369	
7276	372	
7277	410	
7278	399	
7279	378	
7280	372	
7281	406	
7282	355	
7283	340	
7284	369	
7285	1061	
7287	376	
7288	368	
7289	436	
7290	361	
7291	342	
7292	369	
7293	464	
7294	452	
7295	357	
7296	368	
7297	405	
7298	347	
7299	347	
7300	388	
7301	391	
7302	416	
7303	381	
7304	375	
7305	1007	
7307	353	
7308	340	
7309	370	
7310	408	
7311	349	
7312	360	
7313	370	
7314	395	
7315	369	
7316	353	
7317	367	
7318	415	
7319	410	
7320	419	
7321	409	
7322	451	
7323	433	
7324	474	
7325	1062	
7327	441	
7328	362	
7329	367	
7330	365	
7331	394	
7332	281	
7333	314	
7334	325	
7335	350	
7336	295	
7337	292	
7338	864	
7339	272	
7340	285	
7341	293	
7342	322	
7343	406	
7344	380	
7345	1511	
7347	361	
7348	347	
7349	369	
7350	1309	
7352	380	
7353	367	
7354	376	
7355	351	
7356	388	
7357	340	
7358	379	
7359	400	
7360	357	
7361	351	
7362	371	
7363	579	
7364	541	
7365	1039	
7367	383	
7368	367	
7369	1149	
7370	366	
7371	376	
7372	348	
7373	407	
7374	597	
7375	360	
7376	353	
7377	375	
7378	368	
7379	1088	
7380	356	
7381	352	
7382	379	
7383	410	
7384	385	
7385	1001	
7387	404	
7388	359	
7389	348	
7390	988	
7392	405	
7393	378	
7394	377	
7395	402	
7396	346	
7397	346	
7398	377	
7399	754	
7400	365	
7401	386	
7402	377	
7403	380	
7404	378	
7405	988	
7407	379	
7408	353	
7409	353	
7410	385	
7411	384	
7412	379	
7413	403	
7414	380	
7415	381	
7416	379	
7417	371	
7418	351	
7419	384	
7420	377	
7421	367	
7422	350	
7423	385	
7424	407	
7425	933	
7427	361	
7428	409	
7429	389	
7430	668	
7432	417	
7433	386	
7434	373	
7435	379	
7436	372	
7437	349	
7438	352	
7439	375	
7440	407	
7441	367	
7442	373	
7443	371	
7444	368	
7445	945	
7447	383	
7448	381	
7449	663	
7450	390	
7451	379	
7452	372	
7453	347	
7454	379	
7455	335	
7456	370	
7457	367	
7458	350	
7459	337	
7460	377	
7461	422	
7462	376	
7463	336	
7464	367	
7465	983	
7467	374	
7468	368	
7469	393	
7470	346	
7471	339	
7472	373	
7473	393	
7474	383	
7475	342	
7476	341	
7477	373	
7478	350	
7479	356	
7480	362	
7481	370	
7482	387	
7483	365	
7484	358	
7485	1117	
7487	357	
7488	362	
7489	388	
7490	408	
7491	390	
7492	371	
7493	367	
7494	427	
7495	346	
7496	365	
7497	368	
7498	439	
7499	396	
7500	369	
7501	370	
7502	453	
7503	390	
7504	354	
7505	1015	
7507	819	
7508	365	
7509	380	
7510	381	
7511	936	
7512	353	
7513	374	
7514	375	
7515	381	
7516	344	
7517	376	
7518	377	
7519	514	
7520	357	
7521	375	
7522	378	
7523	521	
7524	349	
7525	1015	
7527	634	
7528	342	
7529	1147	
7530	372	
7531	371	
7532	345	
7533	370	
7534	516	
7535	645	
7536	569	
7537	339	
7538	372	
7539	1080	
7540	380	
7541	372	
7542	372	
7543	373	
7544	342	
7545	982	
7547	409	
7548	389	
7549	376	
7550	373	
7551	397	
7552	368	
7553	350	
7554	366	
7555	372	
7556	348	
7557	340	
7558	374	
7559	391	
7560	414	
7561	354	
7562	376	
7563	378	
7564	469	
7565	1046	
7567	384	
7568	409	
7569	355	
7570	384	
7571	376	
7572	461	
7573	354	
7574	347	
7575	381	
7576	392	
7577	352	
7578	346	
7579	379	
7580	392	
7581	471	
7582	554	
7583	389	
7584	375	
7585	921	
7587	376	
7588	376	
7589	346	
7590	369	
7591	370	
7592	371	
7593	338	
7594	345	
7595	368	
7596	373	
7597	351	
7598	369	
7599	373	
7600	345	
7601	335	
7602	352	
7603	367	
7604	364	
7605	1033	
7607	380	
7608	375	
7609	381	
7610	353	
7611	378	
7612	375	
7613	345	
7614	341	
7615	371	
7616	374	
7617	365	
7618	343	
7619	397	
7620	417	
7621	748	
7622	359	
7623	337	
7624	368	
7625	989	
7627	345	
7628	369	
7629	371	
7630	672	
7632	390	
7633	402	
7634	371	
7635	371	
7636	389	
7637	385	
7638	351	
7639	385	
7640	382	
7641	380	
7642	349	
7643	350	
7644	382	
7645	991	
7647	406	
7648	388	
7649	393	
7650	2271	
7653	380	
7654	356	
7655	353	
7656	380	
7657	375	
7658	378	
7659	374	
7660	381	
7661	394	
7662	370	
7663	384	
7664	380	
7665	1110	
7667	375	
7668	371	
7669	369	
7670	385	
7671	602	
7672	280	
7673	297	
7674	292	
7675	281	
7676	270	
7677	296	
7678	370	
7679	348	
7680	371	
7681	699	
7682	374	
7683	348	
7684	337	
7685	997	
7687	350	
7688	337	
7689	1142	
7690	375	
7691	373	
7692	348	
7693	371	
7694	376	
7695	354	
7696	352	
7697	375	
7698	391	
7699	1261	
7700	340	
7701	346	
7702	371	
7703	345	
7704	345	
7705	1060	
7707	381	
7708	383	
7709	359	
7710	372	
7711	360	
7712	341	
7713	367	
7714	368	
7715	353	
7716	342	
7717	374	
7718	375	
7719	351	
7720	4865	
7725	1080	
7727	370	
7728	340	
7729	339	
7730	372	
7731	734	
7732	338	
7733	337	
7734	367	
7735	386	
7736	340	
7737	378	
7738	376	
7739	369	
7740	347	
7741	339	
7742	368	
7743	367	
7744	349	
7745	1072	
7747	380	
7748	377	
7749	377	
7750	365	
7751	372	
7752	340	
7753	339	
7754	349	
7755	372	
7756	373	
7757	354	
7758	349	
7759	373	
7760	347	
7761	354	
7762	371	
7763	373	
7764	384	
7765	945	
7767	374	
7768	367	
7769	362	
7770	336	
7771	457	
7772	379	
7773	360	
7774	389	
7775	368	
7776	381	
7777	294	
7778	295	
7779	294	
7780	294	
7781	597	
7782	267	
7783	291	
7784	305	
7785	888	
7787	298	
7788	367	
7789	340	
7790	352	
7791	737	
7792	367	
7793	334	
7794	340	
7795	370	
7796	366	
7797	371	
7798	366	
7799	337	
7800	299	
7801	265	
7802	351	
7803	345	
7804	369	
7805	1016	
7807	342	
7808	369	
7809	370	
7810	343	
7811	339	
7812	371	
7813	372	
7814	341	
7815	364	
7816	371	
7817	369	
7818	372	
7819	339	
7820	370	
7821	369	
7822	360	
7823	337	
7824	358	
7825	1094	
7827	377	
7828	367	
7829	366	
7830	369	
7831	672	
7832	366	
7833	368	
7834	351	
7835	367	
7836	368	
7837	367	
7838	366	
7839	350	
7840	365	
7841	367	
7842	339	
7843	339	
7844	367	
7845	1665	
7847	388	
7848	337	
7849	1243	
7850	771	
7852	350	
7853	377	
7854	381	
7855	393	
7856	341	
7857	379	
7858	382	
7859	1896	
7861	378	
7862	414	
7863	395	
7864	343	
7865	1000	
7867	402	
7868	345	
7869	340	
7870	359	
7871	352	
7872	356	
7873	351	
7874	379	
7875	760	
7876	392	
7877	399	
7878	380	
7879	489	
7880	353	
7881	359	
7882	378	
7883	433	
7884	381	
7885	1045	
7887	317	
7888	291	
7889	296	
7890	296	
7891	278	
7892	296	
7893	300	
7894	295	
7895	309	
7896	282	
7897	298	
7898	296	
7899	343	
7900	347	
7901	789	
7902	373	
7903	372	
7904	354	
7905	1033	
7907	371	
7908	347	
7909	342	
7910	374	
7911	730	
7912	355	
7913	339	
7914	372	
7915	373	
7916	387	
7917	346	
7918	338	
7919	370	
7920	366	
7921	341	
7922	354	
7923	753	
7924	667	
7925	1078	
7927	373	
7928	408	
7929	350	
7930	369	
7931	379	
7932	442	
7933	373	
7934	385	
7935	378	
7936	380	
7937	608	
7938	370	
7939	370	
7940	345	
7941	344	
7942	380	
7943	370	
7944	402	
7945	941	
7947	377	
7948	376	
7949	368	
7950	347	
7951	737	
7952	402	
7953	403	
7954	342	
7955	370	
7956	407	
7957	340	
7958	377	
7959	371	
7960	402	
7961	759	
7962	349	
7963	372	
7964	368	
7965	1002	
7967	341	
7968	369	
7969	348	
7970	350	
7971	343	
7972	372	
7973	384	
7974	350	
7975	376	
7976	372	
7977	393	
7978	392	
7979	344	
7980	375	
7981	375	
7982	388	
7983	343	
7984	373	
7985	967	
7987	353	
7988	370	
7989	419	
7990	358	
7991	373	
7992	373	
7993	650	
7994	384	
7995	367	
7996	372	
7997	370	
7998	379	
7999	341	
8000	370	
8001	365	
8002	401	
8003	372	
8004	364	
8005	1224	
8007	360	
8008	369	
8009	1145	
8010	353	
8011	350	
8012	394	
8013	374	
8014	412	
8015	375	
8016	371	
8017	370	
8018	427	
8019	1092	
8020	352	
8021	372	
8022	377	
8023	358	
8024	374	
8025	1688	
8027	370	
8028	345	
8029	373	
8030	409	
8031	365	
8032	345	
8033	374	
8034	447	
8035	372	
8036	340	
8037	370	
8038	369	
8039	396	
8040	387	
8041	375	
8042	380	
8043	387	
8044	376	
8045	1087	
8047	363	
8048	356	
8049	358	
8050	439	
8051	407	
8052	380	
8053	355	
8054	366	
8055	460	
8056	384	
8057	366	
8058	367	
8059	441	
8060	346	
8061	364	
8062	367	
8063	443	
8064	364	
8065	1085	
8067	464	
8068	349	
8069	343	
8070	374	
8071	735	
8072	444	
8073	420	
8074	379	
8075	505	
8076	380	
8077	343	
8078	369	
8079	443	
8080	362	
8081	373	
8082	367	
8083	366	
8084	348	
8085	1046	
8087	369	
8088	443	
8089	368	
8090	394	
8091	372	
8092	426	
8093	374	
8094	376	
8095	370	
8096	365	
8097	346	
8098	347	
8099	368	
8100	381	
8101	348	
8102	339	
8103	375	
8104	446	
8105	992	
8107	377	
8108	458	
8109	368	
8110	390	
8111	369	
8112	477	
8113	395	
8114	370	
8115	370	
8116	461	
8117	346	
8118	342	
8119	366	
8120	371	
8121	356	
8122	366	
8123	365	
8124	369	
8125	1083	
8127	369	
8128	367	
8129	338	
8130	372	
8131	367	
8132	368	
8133	333	
8134	338	
8135	366	
8136	368	
8137	337	
8138	366	
8139	372	
8140	643	
8142	380	
8143	337	
8144	367	
8145	999	
8147	347	
8148	380	
8149	447	
8150	376	
8151	343	
8152	372	
8153	337	
8154	358	
8155	361	
8156	373	
8157	374	
8158	340	
8159	339	
8160	369	
8161	369	
8162	372	
8163	340	
8164	354	
8165	946	
8167	340	
8168	356	
8169	1153	
8170	453	
8171	387	
8172	370	
8173	367	
8174	352	
8175	337	
8176	371	
8177	372	
8178	366	
8179	1138	
8180	370	
8181	369	
8182	393	
8183	357	
8184	368	
8185	985	
8187	355	
8188	371	
8189	369	
8190	410	
8191	370	
8192	367	
8193	366	
8194	413	
8195	348	
8196	333	
8197	372	
8198	450	
8199	379	
8200	341	
8201	721	
8202	482	
8203	365	
8204	345	
8205	992	
8207	406	
8208	367	
8209	375	
8210	478	
8211	379	
8212	345	
8213	372	
8214	371	
8215	407	
8216	358	
8217	372	
8218	369	
8219	440	
8220	398	
8221	298	
8222	297	
8223	319	
8224	296	
8225	972	
8227	293	
8228	285	
8229	296	
8230	293	
8231	348	
8232	371	
8233	367	
8234	365	
8235	336	
8236	411	
8237	374	
8238	367	
8239	473	
8240	344	
8241	367	
8242	368	
8243	435	
8244	358	
8245	1002	
8247	466	
8248	402	
8249	348	
8250	373	
8251	736	
8252	412	
8253	348	
8254	368	
8255	480	
8256	773	
8257	339	
8258	373	
8259	368	
8260	408	
8261	339	
8262	371	
8263	373	
8264	360	
8265	1065	
8267	374	
8268	360	
8269	347	
8270	370	
8271	369	
8272	377	
8273	346	
8274	348	
8275	374	
8276	435	
8277	360	
8278	373	
8279	372	
8280	394	
8281	378	
8282	360	
8283	368	
8284	361	
8285	1036	
8287	369	
8288	484	
8289	386	
8290	371	
8291	367	
8292	436	
8293	369	
8294	343	
8295	371	
8296	435	
8297	385	
8298	368	
8299	368	
8300	443	
8301	802	
8302	340	
8303	365	
8304	365	
8305	1088	
8307	375	
8308	366	
8309	390	
8310	347	
8311	368	
8312	366	
8313	437	
8314	370	
8315	376	
8316	371	
8317	419	
8318	354	
8319	343	
8320	368	
8321	432	
8322	344	
8323	340	
8324	376	
8325	1119	
8327	381	
8328	369	
8329	1803	
8331	281	
8332	302	
8333	314	
8334	281	
8335	312	
8336	333	
8337	488	
8338	309	
8339	1070	
8340	308	
8341	404	
8342	420	
8343	340	
8344	381	
8345	1076	
8347	370	
8348	371	
8349	366	
8350	372	
8351	353	
8352	385	
8353	370	
8354	393	
8355	350	
8356	378	
8357	369	
8358	385	
8359	354	
8360	373	
8361	373	
8362	367	
8363	366	
8364	358	
8365	1095	
8367	367	
8368	380	
8369	378	
8370	384	
8371	377	
8372	342	
8373	373	
8374	372	
8375	351	
8376	342	
8377	377	
8378	375	
8379	347	
8380	366	
8381	375	
8382	376	
8383	346	
8384	344	
8385	997	
8387	385	
8388	345	
8389	373	
8390	347	
8391	348	
8392	341	
8393	360	
8394	377	
8395	374	
8396	373	
8397	361	
8398	373	
8399	368	
8400	343	
8401	365	
8402	374	
8403	365	
8404	360	
8405	1010	
8407	363	
8408	396	
8409	365	
8410	373	
8411	370	
8412	346	
8413	342	
8414	373	
8415	375	
8416	352	
8417	379	
8418	377	
8419	376	
8420	351	
8421	770	
8422	375	
8423	373	
8424	342	
8425	1006	
8427	376	
8428	342	
8429	339	
8430	380	
8431	379	
8432	343	
8433	343	
8434	347	
8435	383	
8436	379	
8437	377	
8438	349	
8439	382	
8440	351	
8441	351	
8442	288	
8443	319	
8444	578	
8445	846	
8447	304	
8448	634	
8449	520	
8450	299	
8451	297	
8452	384	
8453	379	
8454	347	
8455	369	
8456	369	
8457	340	
8458	369	
8459	367	
8460	344	
8461	345	
8462	337	
8463	363	
8464	392	
8465	949	
8467	375	
8468	394	
8469	354	
8470	340	
8471	373	
8472	371	
8473	361	
8474	371	
8475	369	
8476	370	
8477	357	
8478	340	
8479	366	
8480	398	
8481	760	
8482	370	
8483	369	
8484	373	
8485	1049	
8487	340	
8488	365	
8489	1075	
8490	390	
8491	360	
8492	369	
8493	492	
8494	383	
8495	344	
8496	370	
8497	498	
8498	375	
8499	1089	
8500	370	
8501	445	
8502	372	
8503	343	
8504	372	
8505	1049	
8507	362	
8508	382	
8509	436	
8510	402	
8511	377	
8512	351	
8513	393	
8514	558	
8515	339	
8516	347	
8517	367	
8518	362	
8519	335	
8520	366	
8521	366	
8522	361	
8523	369	
8524	369	
8525	1084	
8527	363	
8528	366	
8529	366	
8530	335	
8531	341	
8532	336	
8533	368	
8534	369	
8535	339	
8536	365	
8537	365	
8538	338	
8539	347	
8540	338	
8541	733	
8542	445	
8543	369	
8544	331	
8545	1068	
8547	338	
8548	338	
8549	364	
8550	552	
8551	725	
8552	337	
8553	372	
8554	367	
8555	371	
8556	336	
8557	337	
8558	369	
8559	336	
8560	343	
8561	336	
8562	370	
8563	339	
8564	353	
8565	1058	
8567	426	
8568	356	
8569	355	
8570	376	
8571	381	
8572	369	
8573	413	
8574	378	
8575	388	
8576	391	
8577	358	
8578	365	
8579	369	
8580	361	
8581	370	
8582	368	
8583	378	
8584	369	
8585	1000	
8587	379	
8588	351	
8589	338	
8590	381	
8591	400	
8592	399	
8593	371	
8594	336	
8595	397	
8596	371	
8597	342	
8598	367	
8599	368	
8600	398	
8601	353	
8602	386	
8603	378	
8604	391	
8605	977	
8607	389	
8608	363	
8609	358	
8610	369	
8611	385	
8612	367	
8613	360	
8614	353	
8615	373	
8616	370	
8617	371	
8618	345	
8619	367	
8620	347	
8621	338	
8622	369	
8623	368	
8624	369	
8625	967	
8627	370	
8628	376	
8629	345	
8630	337	
8631	355	
8632	364	
8633	367	
8634	374	
8635	368	
8636	365	
8637	339	
8638	344	
8639	373	
8640	381	
8641	523	
8642	363	
8643	374	
8644	375	
8645	1036	
8647	389	
8648	370	
8649	1188	
8650	344	
8651	378	
8652	368	
8653	387	
8654	342	
8655	377	
8656	369	
8657	368	
8658	350	
8659	1129	
8660	397	
8661	432	
8662	344	
8663	374	
8664	373	
8665	971	
8667	347	
8668	671	
8669	490	
8670	381	
8671	375	
8672	369	
8673	482	
8674	390	
8675	359	
8676	368	
8677	476	
8678	357	
8679	391	
8680	376	
8681	395	
8682	428	
8683	366	
8684	382	
8685	1072	
8687	356	
8688	375	
8689	376	
8690	393	
8691	368	
8692	373	
8693	374	
8694	454	
8695	351	
8696	381	
8697	377	
8698	409	
8699	338	
8700	370	
8701	368	
8702	353	
8703	368	
8704	367	
8705	1066	
8707	351	
8708	346	
8709	365	
8710	387	
8711	337	
8712	372	
8713	366	
8714	366	
8715	374	
8716	335	
8717	370	
8718	377	
8719	341	
8720	352	
8721	370	
8722	374	
8723	349	
8724	352	
8725	1082	
8727	347	
8728	344	
8729	371	
8730	367	
8731	372	
8732	342	
8733	374	
8734	372	
8735	347	
8736	348	
8737	349	
8738	371	
8739	375	
8740	348	
8741	356	
8742	371	
8743	365	
8744	339	
8745	1061	
8747	369	
8748	340	
8749	358	
8750	380	
8751	363	
8752	378	
8753	375	
8754	388	
8755	373	
8756	352	
8757	355	
8758	376	
8759	389	
8760	353	
8761	385	
8762	374	
8763	374	
8764	342	
8765	1034	
8767	377	
8768	343	
8769	375	
8770	373	
8771	591	
8772	274	
8773	269	
8774	291	
8775	296	
8776	604	
8777	271	
8778	289	
8779	365	
8780	369	
8781	368	
8782	367	
8783	369	
8784	337	
8785	952	
8787	375	
8788	369	
8789	345	
8790	369	
8791	367	
8792	368	
8793	348	
8794	342	
8795	363	
8796	373	
8797	373	
8798	357	
8799	380	
8800	359	
8801	377	
8802	380	
8803	363	
8804	379	
8805	1158	
8807	364	
8808	365	
8809	1090	
8810	344	
8811	368	
8812	366	
8813	355	
8814	337	
8815	367	
8816	368	
8817	345	
8818	366	
8819	1109	
8820	374	
8821	368	
8822	337	
8823	365	
8824	365	
8825	941	
8827	341	
8828	367	
8829	366	
8830	369	
8831	736	
8832	365	
8833	368	
8834	339	
8835	340	
8836	367	
8837	365	
8838	337	
8839	335	
8840	688	
8841	689	
8842	344	
8843	347	
8844	376	
8845	1028	
8847	343	
8848	372	
8849	370	
8850	362	
8851	338	
8852	369	
8853	371	
8854	346	
8855	341	
8856	352	
8857	374	
8858	376	
8859	353	
8860	379	
8861	369	
8862	369	
8863	346	
8864	355	
8865	1084	
8867	366	
8868	366	
8869	367	
8870	369	
8871	514	
8872	365	
8873	367	
8874	344	
8875	336	
8876	339	
8877	377	
8878	375	
8879	367	
8880	291	
8881	590	
8882	266	
8883	266	
8884	267	
8885	963	
8887	296	
8888	278	
8889	292	
8890	309	
8891	683	
8892	343	
8893	369	
8894	397	
8895	416	
8896	345	
8897	385	
8898	533	
8899	698	
8900	369	
8901	379	
8902	396	
8903	376	
8904	570	
8905	1148	
8907	397	
8908	463	
8909	579	
8910	368	
8911	376	
8912	344	
8913	350	
8914	373	
8915	353	
8916	340	
8917	369	
8918	364	
8919	501	
8920	340	
8921	356	
8922	367	
8923	368	
8924	354	
8925	1056	
8927	380	
8928	358	
8929	369	
8930	377	
8931	361	
8932	350	
8933	351	
8934	386	
8935	375	
8936	341	
8937	341	
8938	368	
8939	371	
8940	342	
8941	803	
8942	373	
8943	894	
8944	383	
8945	960	
8947	373	
8948	378	
8949	353	
8950	360	
8951	374	
8952	393	
8953	344	
8954	342	
8955	383	
8956	379	
8957	343	
8958	461	
8959	618	
8960	370	
8961	347	
8962	340	
8963	372	
8964	369	
8965	1015	
8967	375	
8968	718	
8969	1324	
8971	377	
8972	409	
8973	366	
8974	364	
8975	373	
8976	401	
8977	386	
8978	349	
8979	1359	
8981	408	
8982	356	
8983	376	
8984	391	
8985	1031	
8987	380	
8988	376	
8989	358	
8990	343	
8991	367	
8992	367	
8993	308	
8994	278	
8995	293	
8996	290	
8997	311	
8998	275	
8999	292	
9000	297	
9001	683	
9002	315	
9003	339	
9004	368	
9005	1005	
9007	375	
9008	371	
9009	375	
9010	656	
9011	364	
9012	375	
9013	389	
9014	346	
9015	359	
9016	373	
9017	372	
9018	340	
9019	673	
9020	371	
9021	373	
9022	351	
9023	352	
9024	374	
9025	1006	
9027	346	
9028	377	
9029	374	
9030	361	
9031	344	
9032	367	
9033	376	
9034	397	
9035	361	
9036	359	
9037	368	
9038	369	
9039	345	
9040	371	
9041	366	
9042	372	
9043	363	
9044	373	
9045	1000	
9047	383	
9048	354	
9049	375	
9050	377	
9051	354	
9052	340	
9053	367	
9054	958	
9055	353	
9056	383	
9057	395	
9058	369	
9059	353	
9060	350	
9061	749	
9062	375	
9063	359	
9064	369	
9065	1538	
9067	361	
9068	344	
9069	371	
9070	360	
9071	355	
9072	340	
9073	382	
9074	374	
9075	374	
9076	574	
9077	355	
9078	382	
9079	516	
9080	344	
9081	355	
9082	374	
9083	374	
9084	375	
9085	992	
9087	375	
9088	346	
9089	354	
9090	370	
9091	367	
9092	341	
9093	362	
9094	367	
9095	442	
9096	392	
9097	377	
9098	377	
9099	374	
9100	358	
9101	346	
9102	374	
9103	383	
9104	354	
9105	1052	
9107	369	
9108	347	
9109	333	
9110	382	
9111	763	
9112	428	
9113	378	
9114	374	
9115	389	
9116	469	
9117	347	
9118	375	
9119	375	
9120	385	
9121	345	
9122	376	
9123	376	
9124	511	
9125	1537	
9127	382	
9128	414	
9129	1116	
9130	367	
9131	378	
9132	383	
9133	363	
9134	349	
9135	379	
9136	380	
9137	376	
9138	354	
9139	1171	
9140	490	
9141	409	
9142	349	
9143	380	
9144	381	
9145	985	
9147	378	
9148	379	
9149	357	
9150	345	
9151	366	
9152	387	
9153	450	
9154	363	
9155	376	
9156	374	
9157	448	
9158	350	
9159	378	
9160	398	
9161	486	
9162	389	
9163	379	
9164	377	
9165	1080	
9167	379	
9168	375	
9169	435	
9170	364	
9171	378	
9172	375	
9173	444	
9174	387	
9175	348	
9176	376	
9177	377	
9178	365	
9179	344	
9180	382	
9181	385	
9182	411	
9183	355	
9184	385	
9185	943	
9187	358	
9188	385	
9189	432	
9190	357	
9191	352	
9192	410	
9193	632	
9194	361	
9195	368	
9196	388	
9197	390	
9198	435	
9199	390	
9200	379	
9201	379	
9202	464	
9203	350	
9204	360	
9205	1116	
9207	355	
9208	370	
9209	386	
9210	411	
9211	387	
9212	371	
9213	370	
9214	356	
9215	345	
9216	369	
9217	370	
9218	345	
9219	370	
9220	384	
9221	583	
9222	291	
9223	306	
9224	281	
9225	917	
9227	284	
9228	338	
9229	372	
9230	381	
9231	758	
9232	341	
9233	368	
9234	378	
9235	353	
9236	337	
9237	371	
9238	372	
9239	363	
9240	351	
9241	373	
9242	372	
9243	382	
9244	349	
9245	999	
9247	378	
9248	352	
9249	347	
9250	373	
9251	373	
9252	355	
9253	359	
9254	374	
9255	378	
9256	377	
9257	352	
9258	377	
9259	395	
9260	385	
9261	385	
9262	368	
9263	372	
9264	366	
9265	996	
9267	361	
9268	358	
9269	377	
9270	375	
9271	374	
9272	351	
9273	363	
9274	370	
9275	339	
9276	341	
9277	341	
9278	386	
9279	373	
9280	384	
9281	343	
9282	368	
9283	369	
9284	363	
9285	1358	
9287	373	
9288	911	
9289	1088	
9290	395	
9291	816	
9292	425	
9293	381	
9294	379	
9295	627	
9296	693	
9297	701	
9298	654	
9299	1184	
9300	392	
9301	360	
9302	354	
9303	370	
9304	405	
9305	1257	
9307	1039	
9309	353	
9310	442	
9311	1424	
9313	357	
9314	786	
9315	909	
9317	441	
9318	696	
9319	1022	
9320	726	
9322	663	
9323	708	
9324	709	
9325	1301	
9327	314	
9328	1189	
9330	638	
9331	656	
9332	664	
9333	747	
9334	694	
9335	1974	
9338	620	
9339	987	
9340	833	
9342	659	
9343	714	
9344	768	
9345	1263	
9347	745	
9348	1176	
9350	1469	
9352	718	
9353	748	
9354	1528	
9356	720	
9357	706	
9358	700	
9359	1033	
9360	370	
9361	965	
9362	763	
9363	681	
9364	704	
9365	1240	
9367	721	
9368	1136	
9370	774	
9372	700	
9373	742	
9374	684	
9375	655	
9376	701	
9377	732	
9378	715	
9379	960	
9380	709	
9382	677	
9383	653	
9384	708	
9385	1017	
9387	680	
9388	1134	
9390	944	
9392	705	
9393	713	
9394	667	
9395	669	
9396	662	
9397	718	
9398	726	
9399	947	
9400	347	
9401	708	
9402	716	
9403	668	
9404	660	
9405	1370	
9407	714	
9408	1235	
9410	695	
9412	672	
9413	719	
9414	713	
9415	675	
9416	686	
9417	713	
9418	715	
9419	973	
9420	753	
9422	706	
9423	692	
9424	652	
9425	1068	
9427	703	
9428	1101	
9430	802	
9432	648	
9433	683	
9434	706	
9435	662	
9436	578	
9437	705	
9438	861	
9439	2323	
9442	716	
9443	623	
9444	586	
9445	1245	
9447	643	
9448	1067	
9450	951	
9452	656	
9453	678	
9454	740	
9455	732	
9456	757	
9457	733	
9458	715	
9459	1426	
9461	747	
9462	746	
9463	1622	
9465	1235	
9467	845	
9468	1154	
9470	1367	
9472	723	
9473	662	
9474	704	
9475	817	
9477	738	
9478	339	
9479	368	
9480	369	
9481	348	
9482	349	
9483	367	
9484	467	
9485	923	
9487	373	
9488	803	
9489	379	
9490	365	
9491	365	
9492	416	
9493	397	
9494	393	
9495	367	
9496	468	
9497	384	
9498	363	
9499	366	
9500	526	
9501	408	
9502	347	
9503	372	
9504	371	
9505	999	
9507	372	
9508	715	
9509	345	
9510	946	
9512	369	
9513	340	
9514	357	
9515	375	
9516	374	
9517	390	
9518	373	
9519	347	
9520	386	
9521	373	
9522	348	
9523	341	
9524	377	
9525	1661	
9527	347	
9528	374	
9529	374	
9530	346	
9531	343	
9532	374	
9533	373	
9534	345	
9535	360	
9536	377	
9537	380	
9538	378	
9539	342	
9540	379	
9541	379	
9542	378	
9543	356	
9544	373	
9545	1000	
9547	354	
9548	315	
9549	313	
9550	292	
9551	281	
9552	304	
9553	321	
9554	305	
9555	308	
9556	307	
9557	308	
9558	304	
9559	362	
9560	379	
9561	383	
9562	356	
9563	354	
9564	382	
9565	1017	
9567	375	
9568	338	
9569	366	
9570	373	
9571	772	
9572	341	
9573	383	
9574	382	
9575	357	
9576	351	
9577	381	
9578	376	
9579	351	
9580	369	
9581	385	
9582	388	
9583	356	
9584	354	
9585	1005	
9587	395	
9588	386	
9589	383	
9590	362	
9591	352	
9592	359	
9593	357	
9594	387	
9595	376	
9596	352	
9597	366	
9598	385	
9599	382	
9600	347	
9601	369	
9602	381	
9603	370	
9604	377	
9605	1004	
9607	384	
9608	387	
9609	1166	
9610	400	
9611	362	
9612	354	
9613	380	
9614	380	
9615	378	
9616	380	
9617	357	
9618	381	
9619	1125	
9620	355	
9621	351	
9622	379	
9623	379	
9624	349	
9625	948	
9627	382	
9628	347	
9629	348	
9630	382	
9631	724	
9632	379	
9633	350	
9634	385	
9635	384	
9636	386	
9637	350	
9638	352	
9639	384	
9640	352	
9641	354	
9642	353	
9643	388	
9644	359	
9645	954	
9647	388	
9648	387	
9649	357	
9650	383	
9651	386	
9652	385	
9653	364	
9654	386	
9655	381	
9656	382	
9657	349	
9658	367	
9659	383	
9660	350	
9661	349	
9662	376	
9663	386	
9664	382	
9665	959	
9667	384	
9668	366	
9669	363	
9670	349	
9671	384	
9672	378	
9673	383	
9674	355	
9675	382	
9676	380	
9677	356	
9678	345	
9679	381	
9680	385	
9681	349	
9682	353	
9683	383	
9684	382	
9685	984	
9687	385	
9688	383	
9689	347	
9690	624	
9691	706	
9692	370	
9693	749	
9694	345	
9695	374	
9696	374	
9697	380	
9698	374	
9699	352	
9700	379	
9701	386	
9702	365	
9703	358	
9704	386	
9705	1123	
9707	388	
9708	421	
9709	613	
9710	357	
9711	354	
9712	380	
9713	384	
9714	416	
9715	375	
9716	381	
9717	382	
9718	353	
9719	350	
9720	381	
9721	383	
9722	384	
9723	374	
9724	376	
9725	1004	
9727	356	
9728	382	
9729	382	
9730	388	
9731	382	
9732	382	
9733	382	
9734	383	
9735	349	
9736	387	
9737	381	
9738	409	
9739	373	
9740	362	
9741	769	
9742	380	
9743	361	
9744	353	
9745	1005	
9747	352	
9748	349	
9749	382	
9750	383	
9751	350	
9752	349	
9753	388	
9754	384	
9755	353	
9756	409	
9757	689	
9758	373	
9759	600	
9760	371	
9761	377	
9762	377	
9763	383	
9764	379	
9765	1000	
9767	385	
9768	371	
9769	1194	
9770	373	
9771	468	
9772	297	
9773	279	
9774	293	
9775	281	
9776	271	
9777	284	
9778	293	
9779	1040	
9780	342	
9781	361	
9782	368	
9783	371	
9784	351	
9785	1065	
9787	358	
9788	336	
9789	348	
9790	377	
9791	737	
9792	339	
9793	367	
9794	368	
9795	369	
9796	336	
9797	337	
9798	366	
9799	382	
9800	357	
9801	370	
9802	367	
9803	370	
9804	383	
9805	1044	
9807	369	
9808	338	
9809	353	
9810	353	
9811	376	
9812	390	
9813	380	
9814	373	
9815	371	
9816	338	
9817	342	
9818	352	
9819	371	
9820	358	
9821	358	
9822	354	
9823	385	
9824	388	
9825	1050	
9827	375	
9828	371	
9829	387	
9830	382	
9831	381	
9832	382	
9833	357	
9834	381	
9835	381	
9836	375	
9837	349	
9838	349	
9839	373	
9840	382	
9841	363	
9842	340	
9843	368	
9844	434	
9845	1152	
9847	691	
9848	419	
9849	363	
9850	348	
9851	371	
9852	368	
9853	351	
9854	343	
9855	372	
9856	368	
9857	353	
9858	351	
9859	368	
9860	456	
9861	403	
9862	378	
9863	371	
9864	367	
9865	1015	
9867	340	
9868	379	
9869	402	
9870	376	
9871	340	
9872	371	
9873	484	
9874	354	
9875	354	
9876	370	
9877	485	
9878	303	
9879	277	
9880	298	
9881	385	
9882	321	
9883	279	
9884	301	
9885	1028	
9887	281	
9888	295	
9889	292	
9890	347	
9891	343	
9892	358	
9893	370	
9894	362	
9895	336	
9896	360	
9897	380	
9898	385	
9899	372	
9900	384	
9901	370	
9902	399	
9903	374	
9904	371	
9905	1098	
9907	380	
9908	371	
9909	379	
9910	390	
9911	381	
9912	371	
9913	370	
9914	412	
9915	347	
9916	335	
9917	380	
9918	444	
9919	401	
9920	347	
9921	371	
9922	488	
9923	348	
9924	342	
9925	994	
9927	392	
9928	382	
9929	1165	
9930	451	
9931	387	
9932	349	
9933	371	
9934	372	
9935	401	
9936	350	
9937	372	
9938	370	
9939	1106	
9940	341	
9941	340	
9942	370	
9943	396	
9944	345	
9945	990	
9947	410	
9948	363	
9949	380	
9950	372	
9951	443	
9952	391	
9953	361	
9954	367	
9955	386	
9956	355	
9957	364	
9958	367	
9959	490	
9960	347	
9961	368	
9962	364	
9963	448	
9964	351	
9965	961	
9967	464	
9968	398	
9969	349	
9970	370	
9971	401	
9972	369	
9973	343	
9974	367	
9975	453	
9976	392	
9977	340	
9978	370	
9979	368	
9980	414	
9981	339	
9982	367	
9983	367	
9984	351	
9985	992	
9987	378	
9988	298	
9989	274	
9990	294	
9991	295	
9992	271	
9993	275	
9994	274	
9995	300	
9996	301	
9997	273	
9998	300	
9999	377	
10000	356	
10001	350	
10002	371	
10003	374	
10004	372	
10005	965	
10007	370	
10008	477	
10009	398	
10010	369	
10011	371	
10012	426	
10013	386	
10014	342	
10015	370	
10016	391	
10017	398	
10018	356	
10019	366	
10020	478	
10021	361	
10022	343	
10023	369	
10024	366	
10025	1025	
10027	374	
10028	372	
10029	375	
10030	381	
10031	367	
10032	365	
10033	359	
10034	341	
10035	374	
10036	367	
10037	432	
10038	343	
10039	369	
10040	593	
10041	401	
10042	355	
10043	348	
10044	384	
10045	1003	
10047	362	
10048	372	
10049	372	
10050	338	
10051	342	
10052	372	
10053	377	
10054	351	
10055	361	
10056	371	
10057	373	
10058	377	
10059	349	
10060	367	
10061	369	
10062	338	
10063	350	
10064	352	
10065	995	
10067	349	
10068	358	
10069	366	
10070	337	
10071	338	
10072	367	
10073	368	
10074	371	
10075	337	
10076	370	
10077	366	
10078	365	
10079	352	
10080	366	
10081	365	
10082	356	
10083	335	
10084	336	
10085	1069	
10087	339	
10088	367	
10089	1145	
10090	373	
10091	336	
10092	336	
10093	364	
10094	367	
10095	344	
10096	336	
10097	291	
10098	291	
10099	955	
10100	282	
10101	291	
10102	293	
10103	297	
10104	275	
10105	983	
10107	310	
10108	380	
10109	375	
10110	465	
10111	359	
10112	346	
10113	345	
10114	371	
10115	386	
10116	381	
10117	347	
10118	371	
10119	409	
10120	343	
10121	351	
10122	370	
10123	485	
10124	401	
10125	1108	
10127	458	
10128	398	
10129	371	
10130	369	
10131	458	
10132	363	
10133	369	
10134	369	
10135	484	
10136	377	
10137	340	
10138	371	
10139	440	
10140	351	
10141	341	
10142	371	
10143	419	
10144	378	
10145	1096	
10147	367	
10148	354	
10149	345	
10150	376	
10151	884	
10152	645	
10153	350	
10154	369	
10155	377	
10156	388	
10157	379	
10158	370	
10159	373	
10160	384	
10161	343	
10162	341	
10163	380	
10164	404	
10165	1089	
10167	374	
10168	415	
10169	351	
10170	363	
10171	371	
10172	496	
10173	385	
10174	341	
10175	371	
10176	488	
10177	368	
10178	375	
10179	373	
10180	402	
10181	368	
10182	358	
10183	367	
10184	432	
10185	1033	
10187	359	
10188	370	
10189	355	
10190	342	
10191	364	
10192	370	
10193	392	
10194	356	
10195	369	
10196	366	
10197	451	
10198	377	
10199	366	
10200	368	
10201	381	
10202	348	
10203	368	
10204	373	
10205	1157	
10207	368	
10208	365	
10209	406	
10210	347	
10211	784	
10212	368	
10213	484	
10214	359	
10215	341	
10216	364	
10217	448	
10218	355	
10219	339	
10220	367	
10221	765	
10222	404	
10223	346	
10224	375	
10225	1254	
10227	342	
10228	371	
10229	372	
10230	373	
10231	347	
10232	373	
10233	370	
10234	393	
10235	349	
10236	341	
10237	369	
10238	390	
10239	349	
0	371	
1	374	
2	389	
3	348	
4	370	
5	1127	
7	367	
8	365	
9	1257	
10	351	
11	355	
12	371	
13	366	
14	455	
15	347	
16	368	
17	368	
18	447	
19	1048	
20	365	
21	369	
22	475	
23	381	
24	372	
25	994	
27	372	
28	339	
29	369	
30	593	
32	342	
33	377	
34	372	
35	380	
36	345	
37	336	
38	374	
39	340	
40	430	
41	348	
42	374	
43	386	
44	348	
45	989	
47	380	
48	344	
49	343	
50	378	
51	342	
52	344	
53	383	
54	378	
55	365	
56	359	
57	373	
58	374	
59	367	
60	350	
61	360	
62	368	
63	376	
64	369	
65	989	
67	363	
68	795	
69	369	
70	371	
71	364	
72	361	
73	367	
74	357	
75	370	
76	347	
77	339	
78	373	
79	366	
80	382	
81	296	
82	292	
83	292	
84	302	
85	880	
87	367	
88	337	
89	340	
90	346	
91	737	
92	764	
93	345	
94	338	
95	376	
96	371	
97	337	
98	341	
99	378	
100	374	
101	345	
102	344	
103	371	
104	373	
105	933	
107	547	
108	399	
109	344	
110	371	
111	535	
112	378	
113	378	
114	373	
115	356	
116	372	
117	340	
118	347	
119	521	
120	371	
121	381	
122	345	
123	354	
124	369	
125	1023	
127	365	
128	369	
129	379	
130	342	
131	361	
132	369	
133	368	
134	349	
135	367	
136	367	
137	351	
138	340	
139	347	
140	415	
141	369	
142	339	
143	367	
144	369	
145	1041	
147	338	
148	368	
149	368	
150	391	
151	734	
152	368	
153	368	
154	337	
155	371	
156	366	
157	370	
158	340	
159	354	
160	410	
161	375	
162	375	
163	373	
164	371	
165	1013	
167	347	
168	365	
169	1161	
170	352	
171	339	
172	348	
173	369	
174	372	
175	345	
176	361	
177	369	
178	379	
179	1068	
180	379	
181	368	
182	367	
183	361	
184	304	
185	957	
187	345	
188	279	
189	292	
190	344	
191	340	
192	301	
193	299	
194	319	
195	321	
196	335	
197	366	
198	405	
199	359	
200	389	
201	365	
202	406	
203	345	
204	348	
205	987	
207	347	
208	357	
209	378	
210	414	
211	390	
212	390	
213	341	
214	371	
215	382	
216	371	
217	359	
218	382	
219	438	
220	355	
221	346	
222	380	
223	381	
224	370	
225	1051	
227	389	
228	395	
229	356	
230	376	
231	380	
232	375	
233	374	
234	361	
235	374	
236	369	
237	347	
238	370	
239	389	
240	364	
241	351	
242	67752	
245	1254	
247	519	
248	394	
249	503	
250	387	
251	393	
252	380	
253	441	
254	401	
255	377	
256	378	
257	409	
258	396	
259	361	
260	959	
262	514	
263	499	
264	497	
265	1021	
267	369	
268	366	
269	363	
270	410	
271	343	
272	369	
273	369	
274	423	
275	336	
276	369	
277	367	
278	414	
279	351	
280	374	
281	451	
282	365	
283	373	
284	367	
285	1075	
287	348	
288	368	
289	365	
290	411	
291	342	
292	366	
293	388	
294	341	
295	299	
296	291	
297	290	
298	268	
299	269	
300	282	
301	296	
302	271	
303	273	
304	298	
305	1426	
307	379	
308	366	
309	711	
310	529	
312	364	
313	380	
314	379	
315	424	
316	368	
317	366	
318	388	
319	395	
320	358	
321	361	
322	754	
323	425	
324	359	
325	1646	
328	375	
329	1142	
330	373	
331	348	
332	369	
333	367	
334	367	
335	344	
336	338	
337	374	
338	365	
339	1554	
341	385	
342	373	
343	389	
344	372	
345	993	
347	381	
348	350	
349	372	
350	392	
351	404	
352	350	
353	371	
354	371	
355	412	
356	345	
357	342	
358	369	
359	471	
360	368	
361	338	
362	375	
363	506	
364	372	
365	984	
367	477	
368	376	
369	364	
370	371	
371	446	
372	368	
373	361	
374	365	
375	423	
376	364	
377	337	
378	361	
379	372	
380	360	
381	379	
382	366	
383	365	
384	358	
385	988	
387	374	
388	390	
389	345	
390	386	
391	730	
392	425	
393	377	
394	368	
395	373	
396	387	
397	352	
398	368	
399	373	
400	362	
401	372	
402	341	
403	374	
404	437	
405	864	
407	303	
408	404	
409	332	
410	298	
411	302	
412	370	
413	299	
414	272	
415	291	
416	435	
417	399	
418	363	
419	376	
420	502	
421	392	
422	346	
423	352	
424	366	
425	1039	
427	359	
428	374	
429	359	
430	396	
431	369	
432	368	
433	400	
434	361	
435	368	
436	371	
437	395	
438	353	
439	372	
440	372	
441	442	
442	378	
443	367	
444	368	
445	990	
447	341	
448	372	
449	476	
450	361	
451	368	
452	369	
453	442	
454	365	
455	341	
456	371	
457	432	
458	393	
459	344	
460	404	
461	804	
462	390	
463	343	
464	371	
465	1524	
467	352	
468	372	
469	372	
470	378	
471	344	
472	339	
473	369	
474	398	
475	340	
476	339	
477	376	
478	374	
479	345	
480	370	
481	371	
482	378	
483	351	
484	356	
485	988	
487	380	
488	361	
489	1146	
490	720	
492	371	
493	368	
494	358	
495	337	
496	336	
497	380	
498	369	
499	1141	
500	656	
502	370	
503	818	
504	339	
505	981	
507	385	
508	339	
509	380	
510	973	
512	394	
513	367	
514	369	
515	340	
516	337	
517	348	
518	367	
519	381	
520	344	
521	370	
522	376	
523	373	
524	375	
525	981	
527	340	
528	688	
529	381	
530	988	
532	351	
533	346	
534	378	
535	376	
536	347	
537	343	
538	377	
539	726	
540	382	
541	380	
542	379	
543	375	
544	347	
545	1015	
547	1061	
549	378	
550	349	
551	725	
552	781	
553	361	
554	751	
555	371	
556	371	
557	353	
558	370	
559	367	
560	340	
561	371	
562	360	
563	367	
564	366	
565	950	
567	372	
568	371	
569	336	
570	718	
572	337	
573	336	
574	336	
575	372	
576	375	
577	339	
578	348	
579	701	
580	375	
581	335	
582	336	
583	373	
584	375	
585	978	
587	1033	
589	397	
590	476	
591	666	
592	375	
593	342	
594	344	
595	360	
596	372	
597	371	
598	354	
599	350	
600	372	
601	370	
602	657	
603	858	
604	368	
605	1013	
607	373	
608	370	
609	369	
610	353	
611	368	
612	370	
613	357	
614	347	
615	383	
616	369	
617	378	
618	354	
619	368	
620	376	
621	741	
622	370	
623	345	
624	368	
625	1000	
627	374	
628	370	
629	366	
630	1009	
632	370	
633	293	
634	273	
635	274	
636	590	
637	367	
638	375	
639	372	
640	341	
641	372	
642	340	
643	342	
644	338	
645	989	
647	375	
648	348	
649	1176	
650	373	
651	364	
652	341	
653	374	
654	425	
655	374	
656	372	
657	385	
658	379	
659	1141	
660	371	
661	368	
662	367	
663	337	
664	348	
665	978	
667	353	
668	343	
669	368	
670	721	
672	369	
673	366	
674	372	
675	341	
676	378	
677	369	
678	370	
679	662	
680	340	
681	371	
682	368	
683	340	
684	349	
685	1002	
687	372	
688	375	
689	338	
690	378	
691	718	
692	338	
693	334	
694	381	
695	348	
696	371	
697	351	
698	368	
699	334	
700	346	
701	341	
702	377	
703	391	
704	377	
705	1001	
707	374	
708	342	
709	338	
710	366	
711	371	
712	339	
713	346	
714	374	
715	366	
716	342	
717	341	
718	355	
719	378	
720	376	
721	374	
722	352	
723	383	
724	386	
725	1016	
727	374	
728	402	
729	361	
730	370	
731	371	
732	401	
733	344	
734	368	
735	369	
736	369	
737	316	
738	292	
739	292	
740	287	
741	274	
742	267	
743	299	
744	388	
745	881	
747	371	
748	367	
749	340	
750	341	
751	742	
752	369	
753	368	
754	367	
755	373	
756	366	
757	374	
758	333	
759	370	
760	369	
761	646	
762	337	
763	339	
764	371	
765	926	
767	341	
768	652	
769	392	
770	347	
771	340	
772	377	
773	408	
774	354	
775	370	
776	372	
777	443	
778	393	
779	352	
780	366	
781	459	
782	398	
783	362	
784	370	
785	1032	
787	372	
788	369	
789	461	
790	352	
791	336	
792	380	
793	447	
794	419	
795	361	
796	375	
797	409	
798	371	
799	341	
800	373	
801	365	
802	409	
803	375	
804	381	
805	1115	
807	347	
808	379	
809	1254	
810	390	
811	359	
812	370	
813	372	
814	424	
815	356	
816	381	
817	658	
818	373	
819	1101	
820	356	
821	373	
822	338	
823	338	
824	370	
825	980	
827	342	
828	335	
829	379	
830	338	
831	345	
832	388	
833	379	
834	412	
835	384	
836	368	
837	369	
838	392	
839	338	
840	411	
841	375	
842	396	
843	339	
844	384	
845	1026	
847	370	
848	280	
849	303	
850	326	
851	313	
852	312	
853	308	
854	305	
855	308	
856	295	
857	303	
858	302	
859	380	
860	356	
861	385	
862	380	
863	385	
864	353	
865	1015	
867	360	
868	525	
869	680	
870	374	
871	342	
872	363	
873	373	
874	373	
875	372	
876	342	
877	337	
878	369	
879	369	
880	347	
881	347	
882	371	
883	375	
884	387	
885	999	
887	374	
888	337	
889	337	
890	368	
891	367	
892	343	
893	373	
894	342	
895	368	
896	362	
897	339	
898	363	
899	367	
900	411	
901	381	
902	380	
903	381	
904	382	
905	1030	
907	373	
908	780	
909	356	
910	383	
911	381	
912	346	
913	345	
914	375	
915	377	
916	372	
917	380	
918	340	
919	373	
920	380	
921	734	
922	347	
923	382	
924	381	
925	975	
927	382	
928	380	
929	350	
930	357	
931	379	
932	380	
933	378	
934	379	
935	379	
936	672	
937	611	
938	339	
939	344	
940	366	
941	370	
942	353	
943	361	
944	381	
945	1039	
947	355	
948	365	
949	365	
950	385	
951	379	
952	379	
953	381	
954	403	
955	383	
956	382	
957	383	
958	355	
959	353	
960	382	
961	384	
962	364	
963	381	
964	384	
965	1076	
967	338	
968	367	
969	1134	
970	346	
971	366	
972	367	
973	365	
974	336	
975	350	
976	733	
977	365	
978	367	
979	1066	
980	367	
981	373	
982	374	
983	371	
984	371	
985	1010	
987	343	
988	340	
989	369	
990	352	
991	352	
992	337	
993	372	
994	372	
995	452	
996	341	
997	371	
998	372	
999	344	
1000	366	
1001	365	
1002	367	
1003	337	
1004	345	
1005	1061	
1007	355	
1008	342	
1009	360	
1010	376	
1011	360	
1012	350	
1013	372	
1014	370	
1015	376	
1016	347	
1017	365	
1018	398	
1019	364	
1020	397	
1021	384	
1022	382	
1023	347	
1024	349	
1025	1013	
1027	356	
1028	354	
1029	391	
1030	507	
1031	753	
1032	378	
1033	377	
1034	379	
1035	347	
1036	352	
1037	353	
1038	496	
1039	768	
1040	371	
1041	357	
1042	373	
1043	364	
1044	347	
1045	971	
1047	437	
1048	529	
1049	372	
1050	367	
1051	370	
1052	341	
1053	348	
1054	365	
1055	359	
1056	338	
1057	355	
1058	365	
1059	368	
1060	339	
1061	338	
1062	363	
1063	366	
1064	373	
1065	1409	
1067	383	
1068	354	
1069	370	
1070	370	
1071	761	
1072	372	
1073	339	
1074	365	
1075	367	
1076	333	
1077	343	
1078	369	
1079	366	
1080	373	
1081	740	
1082	364	
1083	370	
1084	333	
1085	977	
1087	376	
1088	374	
1089	377	
1090	347	
1091	369	
1092	376	
1093	345	
1094	344	
1095	378	
1096	389	
1097	378	
1098	375	
1099	374	
1100	374	
1101	366	
1102	338	
1103	371	
1104	370	
1105	920	
1107	376	
1108	366	
1109	369	
1110	334	
1111	358	
1112	370	
1113	369	
1114	369	
1115	373	
1116	374	
1117	364	
1118	365	
1119	387	
1120	383	
1121	386	
1122	355	
1123	380	
1124	370	
1125	962	
1127	371	
1128	381	
1129	1153	
1130	376	
1131	369	
1132	367	
1133	334	
1134	337	
1135	342	
1136	367	
1137	367	
1138	378	
1139	1072	
1140	376	
1141	367	
1142	343	
1143	498	
1144	374	
1145	1805	
1147	377	
1148	382	
1149	389	
1150	370	
1152	373	
1153	373	
1154	343	
1155	382	
1156	375	
1157	367	
1158	351	
1159	336	
1160	371	
1161	365	
1162	375	
1163	352	
1164	378	
1165	1045	
1167	374	
1168	374	
1169	368	
1170	393	
1171	356	
1172	366	
1173	374	
1174	370	
1175	341	
1176	368	
1177	370	
1178	366	
1179	381	
1180	374	
1181	595	
1182	274	
1183	274	
1184	269	
1185	952	
1187	310	
1188	373	
1189	365	
1190	342	
1191	341	
1192	340	
1193	385	
1194	370	
1195	391	
1196	378	
1197	374	
1198	372	
1199	372	
1200	341	
1201	384	
1202	380	
1203	343	
1204	350	
1205	986	
1207	349	
1208	339	
1209	369	
1210	375	
1211	370	
1212	372	
1213	339	
1214	374	
1215	366	
1216	342	
1217	367	
1218	366	
1219	368	
1220	337	
1221	356	
1222	368	
1223	365	
1224	348	
1225	1045	
1227	368	
1228	380	
1229	373	
1230	384	
1231	358	
1232	349	
1233	341	
1234	376	
1235	373	
1236	373	
1237	341	
1238	378	
1239	374	
1240	350	
1241	341	
1242	374	
1243	374	
1244	376	
1245	1046	
1247	380	
1248	377	
1249	344	
1250	377	
1251	376	
1252	351	
1253	348	
1254	381	
1255	378	
1256	625	
1257	347	
1258	346	
1259	375	
1260	351	
1261	581	
1262	360	
1263	607	
1264	392	
1265	1030	
1267	381	
1268	384	
1269	387	
1270	370	
1271	374	
1272	388	
1273	403	
1274	361	
1275	388	
1276	418	
1277	381	
1278	367	
1279	371	
1280	338	
1281	351	
1282	337	
1283	374	
1284	399	
1285	1071	
1287	300	
1288	295	
1289	1041	
1290	275	
1291	305	
1292	300	
1293	304	
1294	294	
1295	300	
1296	298	
1297	368	
1298	285	
1299	1136	
1300	378	
1301	341	
1302	340	
1303	368	
1304	369	
1305	1014	
1307	383	
1308	378	
1309	490	
1310	420	
1311	345	
1312	383	
1313	379	
1314	377	
1315	350	
1316	375	
1317	377	
1318	359	
1319	338	
1320	368	
1321	376	
1322	365	
1323	360	
1324	384	
1325	1568	
1327	377	
1328	368	
1329	367	
1330	340	
1331	335	
1332	373	
1333	406	
1334	362	
1335	381	
1336	350	
1337	365	
1338	409	
1339	339	
1340	390	
1341	764	
1342	405	
1343	341	
1344	375	
1345	1011	
1347	353	
1348	370	
1349	369	
1350	351	
1351	814	
1352	370	
1353	370	
1354	380	
1355	344	
1356	367	
1357	774	
1358	407	
1359	386	
1360	371	
1361	751	
1362	758	
1363	347	
1364	340	
1365	987	
1367	348	
1368	343	
1369	371	
1370	370	
1371	343	
1372	357	
1373	384	
1374	383	
1375	344	
1376	359	
1377	631	
1378	403	
1379	358	
1380	375	
1381	375	
1382	372	
1383	387	
1384	374	
1385	990	
1387	360	
1388	346	
1389	354	
1390	429	
1391	451	
1392	393	
1393	366	
1394	410	
1395	347	
1396	407	
1397	293	
1398	292	
1399	341	
1400	310	
1401	305	
1402	292	
1403	409	
1404	315	
1405	868	
1407	630	
1408	345	
1409	349	
1410	378	
1411	369	
1412	336	
1413	367	
1414	369	
1415	371	
1416	341	
1417	337	
1418	368	
1419	365	
1420	339	
1421	342	
1422	386	
1423	862	
1424	378	
1425	1002	
1427	372	
1428	654	
1429	340	
1430	358	
1431	373	
1432	363	
1433	355	
1434	371	
1435	366	
1436	413	
1437	356	
1438	343	
1439	368	
1440	372	
1441	775	
1442	497	
1443	368	
1444	370	
1445	941	
1447	373	
1448	364	
1449	1092	
1450	370	
1451	369	
1452	367	
1453	368	
1454	339	
1455	374	
1456	369	
1457	391	
1458	368	
1459	1123	
1460	340	
1461	338	
1462	373	
1463	370	
1464	371	
1465	926	
1467	373	
1468	369	
1469	335	
1470	349	
1471	635	
1472	629	
1473	753	
1474	370	
1475	372	
1476	739	
1477	335	
1478	344	
1479	339	
1480	375	
1481	338	
1482	378	
1483	359	
1484	372	
1485	1448	
1487	342	
1488	374	
1489	374	
1490	388	
1491	374	
1492	386	
1493	386	
1494	372	
1495	351	
1496	376	
1497	382	
1498	371	
1499	353	
1500	371	
1501	382	
1502	384	
1503	361	
1504	369	
1505	956	
1507	366	
1508	367	
1509	376	
1510	351	
1511	381	
1512	371	
1513	369	
1514	352	
1515	341	
1516	369	
1517	370	
1518	351	
1519	349	
1520	401	
1521	372	
1522	344	
1523	375	
1524	371	
1525	974	
1527	356	
1528	341	
1529	374	
1530	394	
1531	768	
1532	343	
1533	371	
1534	371	
1535	357	
1536	340	
1537	377	
1538	381	
1539	357	
1540	363	
1541	384	
1542	376	
1543	397	
1544	377	
1545	994	
1547	351	
1548	357	
1549	347	
1550	532	
1551	739	
1552	367	
1553	380	
1554	382	
1555	395	
1556	387	
1557	380	
1558	384	
1559	375	
1560	381	
1561	383	
1562	379	
1563	381	
1564	369	
1565	1007	
1567	372	
1568	352	
1569	379	
1570	386	
1571	369	
1572	385	
1573	365	
1574	381	
1575	381	
1576	352	
1577	346	
1578	383	
1579	381	
1580	410	
1581	348	
1582	382	
1583	414	
1584	342	
1585	966	
1587	398	
1588	351	
1589	369	
1590	436	
1591	722	
1592	394	
1593	352	
1594	376	
1595	720	
1596	766	
1597	359	
1598	378	
1599	376	
1600	389	
1601	346	
1602	341	
1603	374	
1604	356	
1605	999	
1607	388	
1608	383	
1609	1094	
1610	371	
1611	372	
1612	387	
1613	354	
1614	356	
1615	369	
1616	369	
1617	371	
1618	373	
1619	1161	
1620	348	
1621	394	
1622	377	
1623	374	
1624	371	
1625	946	
1627	378	
1628	357	
1629	401	
1630	343	
1631	369	
1632	369	
1633	353	
1634	339	
1635	374	
1636	368	
1637	348	
1638	371	
1639	371	
1640	379	
1641	744	
1642	343	
1643	374	
1644	377	
1645	917	
1647	392	
1648	386	
1649	385	
1650	351	
1651	353	
1652	387	
1653	383	
1654	366	
1655	372	
1656	400	
1657	395	
1658	368	
1659	390	
1660	380	
1661	412	
1662	366	
1663	369	
1664	377	
1665	1043	
1667	359	
1668	379	
1669	373	
1670	379	
1671	372	
1672	369	
1673	371	
1674	366	
1675	343	
1676	369	
1677	369	
1678	388	
1679	371	
1680	366	
1681	368	
1682	371	
1683	351	
1684	368	
1685	1369	
1687	372	
1688	384	
1689	371	
1690	374	
1691	760	
1692	367	
1693	367	
1694	338	
1695	339	
1696	340	
1697	377	
1698	774	
1699	341	
1700	368	
1701	737	
1702	343	
1703	360	
1704	348	
1705	1005	
1707	355	
1708	349	
1709	372	
1710	781	
1712	342	
1713	373	
1714	372	
1715	346	
1716	375	
1717	394	
1718	388	
1719	368	
1720	380	
1721	381	
1722	382	
1723	385	
1724	354	
1725	1099	
1727	370	
1728	364	
1729	362	
1730	372	
1731	311	
1732	278	
1733	308	
1734	629	
1735	284	
1736	280	
1737	378	
1738	378	
1739	379	
1740	383	
1741	756	
1742	378	
1743	346	
1744	355	
1745	1099	
1747	370	
1748	339	
1749	365	
1750	365	
1751	684	
1752	765	
1753	371	
1754	372	
1755	372	
1756	342	
1757	343	
1758	372	
1759	369	
1760	339	
1761	357	
1762	576	
1763	388	
1764	355	
1765	978	
1767	388	
1768	359	
1769	1161	
1770	382	
1771	385	
1772	370	
1773	348	
1774	358	
1775	381	
1776	445	
1777	372	
1778	370	
1779	1132	
1780	342	
1781	337	
1782	366	
1783	367	
1784	373	
1785	992	
1787	382	
1788	381	
1789	372	
1790	384	
1791	380	
1792	348	
1793	348	
1794	384	
1795	484	
1796	802	
1797	350	
1798	377	
1799	378	
1800	350	
1801	363	
1802	382	
1803	383	
1804	387	
1805	978	
1807	373	
1808	370	
1809	342	
1810	353	
1811	370	
1812	368	
1813	345	
1814	340	
1815	368	
1816	370	
1817	351	
1818	380	
1819	379	
1820	391	
1821	381	
1822	348	
1823	373	
1824	377	
1825	1115	
1827	365	
1828	367	
1829	360	
1830	335	
1831	372	
1832	367	
1833	344	
1834	340	
1835	367	
1836	291	
1837	297	
1838	269	
1839	293	
1840	302	
1841	620	
1842	295	
1843	269	
1844	292	
1845	1519	
1847	378	
1848	375	
1849	348	
1850	371	
1851	371	
1852	374	
1853	394	
1854	342	
1855	342	
1856	370	
1857	370	
1858	347	
1859	340	
1860	369	
1861	379	
1862	346	
1863	350	
1864	366	
1865	999	
1867	371	
1868	371	
1869	369	
1870	339	
1871	336	
1872	367	
1873	363	
1874	365	
1875	371	
1876	356	
1877	370	
1878	339	
1879	336	
1880	374	
1881	368	
1882	360	
1883	371	
1884	371	
1885	1003	
1887	341	
1888	366	
1889	369	
1890	338	
1891	744	
1892	369	
1893	371	
1894	341	
1895	340	
1896	367	
1897	556	
1898	582	
1899	364	
1900	372	
1901	384	
1902	394	
1903	359	
1904	383	
1905	1098	
1907	349	
1908	348	
1909	367	
1910	343	
1911	342	
1912	352	
1913	368	
1914	365	
1915	370	
1916	368	
1917	367	
1918	368	
1919	360	
1920	336	
1921	363	
1922	370	
1923	362	
1924	365	
1925	1062	
1927	344	
1928	338	
1929	1138	
1930	378	
1931	343	
1932	369	
1933	372	
1934	369	
1935	378	
1936	344	
1937	369	
1938	375	
1939	1060	
1940	361	
1941	370	
1942	368	
1943	370	
1944	338	
1945	1022	
1947	275	
1948	278	
1949	269	
1950	302	
1951	300	
1952	273	
1953	271	
1954	297	
1955	290	
1956	265	
1957	350	
1958	374	
1959	378	
1960	352	
1961	372	
1962	383	
1963	371	
1964	376	
1965	1096	
1967	360	
1968	339	
1969	335	
1970	368	
1971	369	
1972	387	
1973	376	
1974	377	
1975	370	
1976	348	
1977	346	
1978	378	
1979	381	
1980	350	
1981	345	
1982	380	
1983	378	
1984	389	
1985	1050	
1987	373	
1988	352	
1989	351	
1990	383	
1991	386	
1992	353	
1993	351	
1994	357	
1995	380	
1996	351	
1997	353	
1998	385	
1999	383	
2000	368	
2001	356	
2002	353	
2003	383	
2004	380	
2005	981	
2007	371	
2008	366	
2009	351	
2010	382	
2011	383	
2012	373	
2013	372	
2014	381	
2015	381	
2016	369	
2017	346	
2018	374	
2019	371	
2020	390	
2021	371	
2022	346	
2023	368	
2024	356	
2025	1053	
2027	371	
2028	343	
2029	349	
2030	389	
2031	756	
2032	378	
2033	383	
2034	348	
2035	384	
2036	387	
2037	354	
2038	349	
2039	377	
2040	408	
2041	658	
2042	345	
2043	345	
2044	370	
2045	1023	
2047	345	
2048	377	
2049	369	
2050	411	
2051	385	
2052	381	
2053	419	
2054	398	
2055	383	
2056	380	
2057	344	
2058	305	
2059	302	
2060	307	
2061	300	
2062	315	
2063	306	
2064	479	
2065	994	
2067	275	
2068	295	
2069	366	
2070	378	
2071	760	
2072	368	
2073	367	
2074	340	
2075	338	
2076	368	
2077	371	
2078	341	
2079	371	
2080	448	
2081	667	
2082	375	
2083	338	
2084	371	
2085	1007	
2087	344	
2088	372	
2089	1148	
2090	352	
2091	341	
2092	338	
2093	368	
2094	369	
2095	390	
2096	366	
2097	367	
2098	370	
2099	1109	
2100	369	
2101	368	
2102	371	
2103	358	
2104	364	
2105	1066	
2107	348	
2108	369	
2109	367	
2110	341	
2111	737	
2112	376	
2113	365	
2114	368	
2115	338	
2116	335	
2117	368	
2118	347	
2119	370	
2120	344	
2121	365	
2122	350	
2123	339	
2124	336	
2125	1032	
2127	353	
2128	377	
2129	372	
2130	368	
2131	376	
2132	341	
2133	370	
2134	373	
2135	337	
2136	341	
2137	370	
2138	369	
2139	374	
2140	335	
2141	356	
2142	368	
2143	379	
2144	356	
2145	1082	
2147	368	
2148	365	
2149	369	
2150	379	
2151	371	
2152	356	
2153	365	
2154	365	
2155	350	
2156	344	
2157	368	
2158	374	
2159	352	
2160	376	
2161	365	
2162	368	
2163	347	
2164	340	
2165	994	
2167	363	
2168	377	
2169	374	
2170	368	
2171	346	
2172	368	
2173	349	
2174	384	
2175	833	
2177	408	
2178	390	
2179	390	
2180	365	
2181	347	
2182	378	
2183	385	
2184	360	
2185	1064	
2187	387	
2188	391	
2189	348	
2190	369	
2191	377	
2192	362	
2193	382	
2194	367	
2195	374	
2196	372	
2197	370	
2198	368	
2199	366	
2200	335	
2201	340	
2202	367	
2203	367	
2204	345	
2205	931	
2207	379	
2208	371	
2209	383	
2210	374	
2211	738	
2212	335	
2213	342	
2214	336	
2215	377	
2216	335	
2217	392	
2218	365	
2219	372	
2220	425	
2221	680	
2222	338	
2223	372	
2224	378	
2225	1015	
2227	379	
2228	374	
2229	389	
2230	362	
2231	372	
2232	371	
2233	360	
2234	353	
2235	367	
2236	368	
2237	392	
2238	337	
2239	351	
2240	362	
2241	337	
2242	365	
2243	365	
2244	371	
2245	929	
2247	375	
2248	367	
2249	1105	
2250	336	
2251	366	
2252	367	
2253	361	
2254	340	
2255	365	
2256	378	
2257	344	
2258	375	
2259	1116	
2260	375	
2261	336	
2262	339	
2263	338	
2264	371	
2265	1161	
2267	373	
2268	376	
2269	342	
2270	364	
2271	340	
2272	372	
2273	375	
2274	345	
2275	368	
2276	376	
2277	372	
2278	343	
2279	341	
2280	364	
2281	292	
2282	266	
2283	271	
2284	291	
2285	879	
2287	283	
2288	284	
2289	368	
2290	338	
2291	364	
2292	366	
2293	369	
2294	369	
2295	365	
2296	367	
2297	368	
2298	344	
2299	341	
2300	377	
2301	366	
2302	354	
2303	342	
2304	368	
2305	984	
2307	388	
2308	368	
2309	369	
2310	497	
2311	373	
2312	388	
2313	373	
2314	393	
2315	344	
2316	339	
2317	374	
2318	392	
2319	344	
2320	353	
2321	376	
2322	375	
2323	358	
2324	375	
2325	1071	
2327	374	
2328	337	
2329	366	
2330	338	
2331	341	
2332	365	
2333	371	
2334	369	
2335	357	
2336	367	
2337	372	
2338	360	
2339	347	
2340	374	
2341	365	
2342	382	
2343	350	
2344	369	
2345	1073	
2347	342	
2348	342	
2349	367	
2350	374	
2351	769	
2352	343	
2353	770	
2354	371	
2355	373	
2356	368	
2357	377	
2358	374	
2359	355	
2360	341	
2361	675	
2362	503	
2363	535	
2364	389	
2365	994	
2367	424	
2368	348	
2369	342	
2370	365	
2371	352	
2372	371	
2373	378	
2374	376	
2375	403	
2376	356	
2377	347	
2378	364	
2379	478	
2380	401	
2381	365	
2382	370	
2383	469	
2384	378	
2385	934	
2387	372	
2388	391	
2389	323	
2390	303	
2391	774	
2392	310	
2393	298	
2394	292	
2395	367	
2396	279	
2397	275	
2398	294	
2399	365	
2400	362	
2401	345	
2402	366	
2403	370	
2404	416	
2405	1006	
2407	376	
2408	387	
2409	1109	
2410	373	
2411	371	
2412	404	
2413	347	
2414	339	
2415	368	
2416	388	
2417	344	
2418	339	
2419	1157	
2420	446	
2421	404	
2422	377	
2423	370	
2424	453	
2425	950	
2427	373	
2428	372	
2429	335	
2430	380	
2431	372	
2432	371	
2433	358	
2434	339	
2435	366	
2436	374	
2437	363	
2438	374	
2439	369	
2440	369	
2441	347	
2442	374	
2443	366	
2444	366	
2445	953	
2447	375	
2448	374	
2449	347	
2450	347	
2451	367	
2452	369	
2453	433	
2454	400	
2455	376	
2456	744	
2457	401	
2458	348	
2459	374	
2460	701	
2462	375	
2463	341	
2464	370	
2465	1026	
2467	344	
2468	370	
2469	406	
2470	402	
2471	731	
2472	484	
2473	532	
2474	434	
2475	367	
2476	368	
2477	396	
2478	392	
2479	373	
2480	368	
2481	432	
2482	430	
2483	357	
2484	374	
2485	1001	
2487	412	
2488	368	
2489	432	
2490	370	
2491	382	
2492	366	
2493	423	
2494	346	
2495	351	
2496	367	
2497	366	
2498	279	
2499	281	
2500	329	
2501	647	
2502	299	
2503	345	
2504	297	
2505	1558	
2507	296	
2508	350	
2509	371	
2510	457	
2511	354	
2512	339	
2513	370	
2514	386	
2515	345	
2516	337	
2517	368	
2518	499	
2519	367	
2520	408	
2521	375	
2522	389	
2523	428	
2524	346	
2525	1055	
2527	379	
2528	373	
2529	367	
2530	432	
2531	420	
2532	343	
2533	361	
2534	404	
2535	403	
2536	380	
2537	366	
2538	428	
2539	415	
2540	384	
2541	365	
2542	422	
2543	349	
2544	346	
2545	990	
2547	414	
2548	352	
2549	365	
2550	440	
2551	825	
2552	376	
2553	370	
2554	370	
2555	374	
2556	363	
2557	350	
2558	379	
2559	406	
2560	388	
2561	372	
2562	370	
2563	391	
2564	364	
2565	974	
2567	428	
2568	438	
2569	1191	
2570	374	
2571	390	
2572	369	
2573	376	
2574	369	
2575	386	
2576	395	
2577	393	
2578	371	
2579	1227	
2580	386	
2581	339	
2582	370	
2583	421	
2584	379	
2585	1038	
2587	436	
2588	453	
2589	382	
2590	374	
2591	826	
2592	411	
2593	343	
2594	367	
2595	428	
2596	368	
2597	355	
2598	370	
2599	411	
2600	362	
2601	447	
2602	386	
2603	373	
2604	393	
2605	995	
2607	301	
2608	678	
2609	295	
2610	281	
2611	295	
2612	345	
2613	286	
2614	275	
2615	291	
2616	302	
2617	294	
2618	378	
2619	370	
2620	387	
2621	392	
2622	343	
2623	367	
2624	481	
2625	961	
2627	462	
2628	477	
2629	428	
2630	379	
2631	369	
2632	401	
2633	361	
2634	427	
2635	370	
2636	432	
2637	413	
2638	382	
2639	368	
2640	439	
2641	347	
2642	346	
2643	368	
2644	366	
2645	1012	
2647	419	
2648	377	
2649	742	
2650	380	
2651	371	
2652	373	
2653	771	
2654	354	
2655	353	
2656	372	
2657	391	
2658	360	
2659	340	
2660	396	
2661	404	
2662	361	
2663	341	
2664	373	
2665	1018	
2667	388	
2668	377	
2669	386	
2670	358	
2671	347	
2672	365	
2673	774	
2674	365	
2675	367	
2676	375	
2677	376	
2678	415	
2679	373	
2680	375	
2681	830	
2682	365	
2683	413	
2684	772	
2685	1011	
2687	375	
2688	371	
2689	369	
2690	350	
2691	337	
2692	371	
2693	373	
2694	343	
2695	344	
2696	378	
2697	509	
2698	536	
2699	377	
2700	374	
2701	377	
2702	384	
2703	345	
2704	362	
2705	1074	
2707	366	
2708	368	
2709	709	
2710	347	
2711	343	
2712	353	
2713	377	
2714	375	
2715	349	
2716	362	
2717	375	
2718	377	
2719	365	
2720	372	
2721	374	
2722	364	
2723	342	
2724	377	
2725	1571	
2727	373	
2728	366	
2729	1150	
2730	344	
2731	341	
2732	373	
2733	367	
2734	367	
2735	343	
2736	365	
2737	366	
2738	365	
2739	1034	
2740	354	
2741	436	
2742	740	
2743	347	
2744	340	
2745	1032	
2747	406	
2748	383	
2749	379	
2750	370	
2751	348	
2752	348	
2753	379	
2754	380	
2755	938	
2757	381	
2758	370	
2759	379	
2760	346	
2761	352	
2762	375	
2763	369	
2764	353	
2765	1005	
2767	374	
2768	375	
2769	369	
2770	380	
2772	361	
2773	369	
2774	369	
2775	375	
2776	341	
2777	372	
2778	370	
2779	341	
2780	352	
2781	741	
2782	376	
2783	378	
2784	346	
2785	955	
2787	377	
2788	361	
2789	645	
2790	368	
2791	381	
2792	370	
2793	342	
2794	370	
2795	387	
2796	363	
2797	344	
2798	370	
2799	376	
2800	357	
2801	334	
2802	355	
2803	381	
2804	391	
2805	935	
2807	381	
2808	410	
2809	347	
2810	381	
2811	369	
2812	381	
2813	375	
2814	383	
2815	368	
2816	389	
2817	360	
2818	366	
2819	367	
2820	375	
2821	359	
2822	374	
2823	368	
2824	338	
2825	946	
2827	380	
2828	352	
2829	360	
2830	431	
2831	382	
2832	315	
2833	333	
2834	299	
2835	603	
2836	697	
2837	284	
2838	279	
2839	296	
2840	336	
2841	310	
2842	274	
2843	295	
2844	388	
2845	984	
2847	379	
2848	456	
2849	397	
2850	382	
2851	376	
2852	434	
2853	407	
2854	368	
2855	365	
2856	367	
2857	382	
2858	340	
2859	364	
2860	352	
2861	374	
2862	366	
2863	372	
2864	366	
2865	1032	
2867	370	
2868	366	
2869	348	
2870	356	
2871	748	
2872	366	
2873	401	
2874	342	
2875	369	
2876	365	
2877	344	
2878	386	
2879	382	
2880	409	
2881	854	
2882	532	
2883	344	
2884	372	
2885	1052	
2887	345	
2888	372	
2889	1213	
2890	365	
2891	344	
2892	368	
2893	392	
2894	446	
2895	378	
2896	368	
2897	441	
2898	381	
2899	1107	
2900	370	
2901	430	
2902	397	
2903	371	
2904	358	
2905	1101	
2907	344	
2908	363	
2909	366	
2910	439	
2911	343	
2912	374	
2913	367	
2914	383	
2915	341	
2916	368	
2917	366	
2918	362	
2919	343	
2920	377	
2921	367	
2922	399	
2923	343	
2924	367	
2925	1375	
2927	396	
2928	381	
2929	383	
2930	802	
2932	348	
2933	376	
2934	377	
2935	356	
2936	340	
2937	374	
2938	381	
2939	355	
2940	366	
2941	371	
2942	379	
2943	366	
2944	368	
2945	921	
2947	298	
2948	298	
2949	286	
2950	295	
2951	297	
2952	297	
2953	284	
2954	293	
2955	277	
2956	340	
2957	365	
2958	369	
2959	354	
2960	340	
2961	381	
2962	380	
2963	384	
2964	448	
2965	1021	
2967	364	
2968	347	
2969	371	
2970	420	
2971	373	
2972	367	
2973	369	
2974	373	
2975	377	
2976	344	
2977	342	
2978	376	
2979	381	
2980	340	
2981	340	
2982	369	
2983	372	
2984	344	
2985	984	
2987	374	
2988	369	
2989	339	
2990	370	
2991	394	
2992	342	
2993	360	
2994	366	
2995	366	
2996	365	
2997	341	
2998	362	
2999	392	
3000	381	
3001	372	
3002	341	
3003	396	
3004	363	
3005	921	
3007	403	
3008	345	
3009	342	
3010	581	
3011	756	
3012	389	
3013	343	
3014	374	
3015	378	
3016	341	
3017	343	
3018	376	
3019	369	
3020	407	
3021	669	
3022	379	
3023	375	
3024	379	
3025	1041	
3027	384	
3028	379	
3029	373	
3030	742	
3032	384	
3033	564	
3034	351	
3035	370	
3036	379	
3037	342	
3038	349	
3039	377	
3040	347	
3041	340	
3042	363	
3043	372	
3044	370	
3045	964	
3047	372	
3048	371	
3049	1188	
3050	367	
3051	355	
3052	373	
3053	356	
3054	338	
3055	395	
3056	385	
3057	345	
3058	355	
3059	1141	
3060	615	
3061	386	
3062	339	
3063	372	
3064	372	
3065	933	
3067	375	
3068	369	
3069	340	
3070	638	
3072	374	
3073	340	
3074	349	
3075	366	
3076	371	
3077	370	
3078	335	
3079	674	
3080	367	
3081	373	
3082	343	
3083	353	
3084	366	
3085	993	
3087	369	
3088	369	
3089	366	
3090	341	
3091	375	
3092	370	
3093	367	
3094	347	
3095	337	
3096	372	
3097	359	
3098	372	
3099	361	
3100	372	
3101	368	
3102	338	
3103	337	
3104	367	
3105	1046	
3107	346	
3108	375	
3109	372	
3110	375	
3111	343	
3112	371	
3113	370	
3114	639	
3115	349	
3116	373	
3117	371	
3118	354	
3119	347	
3120	367	
3121	371	
3122	355	
3123	378	
3124	353	
3125	1105	
3127	379	
3128	373	
3129	366	
3130	353	
3131	343	
3132	364	
3133	365	
3134	396	
3135	345	
3136	366	
3137	369	
3138	374	
3139	379	
3140	381	
3141	368	
3142	423	
3143	344	
3144	368	
3145	1093	
3147	395	
3148	345	
3149	367	
3150	413	
3151	731	
3152	337	
3153	371	
3154	491	
3155	384	
3156	375	
3157	374	
3158	480	
3159	406	
3160	344	
3161	371	
3162	454	
3163	355	
3164	348	
3165	989	
3167	358	
3168	351	
3169	367	
3170	450	
3171	350	
3172	364	
3173	355	
3174	372	
3175	378	
3176	367	
3177	369	
3178	366	
3179	374	
3180	344	
3181	369	
3182	371	
3183	384	
3184	349	
3185	1008	
3187	367	
3188	377	
3189	377	
3190	392	
3191	845	
3192	522	
3193	339	
3194	372	
3195	371	
3196	378	
3197	344	
3198	372	
3199	427	
3200	348	
3201	338	
3202	372	
3203	441	
3204	349	
3205	981	
3207	496	
3208	688	
3209	1110	
3210	370	
3211	455	
3212	358	
3213	345	
3214	372	
3215	471	
3216	358	
3217	345	
3218	342	
3219	1165	
3220	361	
3221	354	
3222	349	
3223	370	
3224	384	
3225	1014	
3227	371	
3228	387	
3229	367	
3230	376	
3231	375	
3232	365	
3233	344	
3234	371	
3235	373	
3236	357	
3237	367	
3238	368	
3239	367	
3240	375	
3241	755	
3242	343	
3243	371	
3244	383	
3245	1022	
3247	382	
3248	468	
3249	352	
3250	346	
3251	370	
3252	506	
3253	353	
3254	354	
3255	374	
3256	469	
3257	392	
3258	345	
3259	370	
3260	433	
3261	347	
3262	360	
3263	388	
3264	420	
3265	966	
3267	377	
3268	371	
3269	340	
3270	341	
3271	347	
3272	368	
3273	367	
3274	354	
3275	367	
3276	367	
3277	368	
3278	361	
3279	360	
3280	367	
3281	291	
3282	281	
3283	296	
3284	295	
3285	870	
3287	300	
3288	297	
3289	297	
3290	283	
3291	768	
3292	371	
3293	370	
3294	343	
3295	346	
3296	373	
3297	372	
3298	347	
3299	346	
3300	373	
3301	378	
3302	371	
3303	346	
3304	379	
3305	1000	
3307	351	
3308	372	
3309	475	
3310	374	
3311	351	
3312	371	
3313	440	
3314	417	
3315	358	
3316	366	
3317	371	
3318	346	
3319	344	
3320	371	
3321	371	
3322	371	
3323	363	
3324	372	
3325	1000	
3327	371	
3328	371	
3329	373	
3330	357	
3331	342	
3332	370	
3333	371	
3334	353	
3335	372	
3336	371	
3337	373	
3338	348	
3339	338	
3340	344	
3341	741	
3342	372	
3343	375	
3344	340	
3345	975	
3347	344	
3348	339	
3349	376	
3350	375	
3351	673	
3352	342	
3353	377	
3354	374	
3355	377	
3356	342	
3357	378	
3358	374	
3359	337	
3360	373	
3361	390	
3362	381	
3363	362	
3364	343	
3365	991	
3367	386	
3368	359	
3369	1136	
3370	379	
3371	370	
3372	366	
3373	374	
3374	372	
3375	380	
3376	369	
3377	368	
3378	372	
3379	1081	
3380	349	
3381	369	
3382	370	
3383	351	
3384	376	
3385	985	
3387	379	
3388	343	
3389	371	
3390	303	
3391	610	
3392	302	
3393	298	
3394	300	
3395	357	
3396	274	
3397	344	
3398	294	
3399	303	
3400	371	
3401	676	
3402	373	
3403	375	
3404	340	
3405	990	
3407	381	
3408	346	
3409	375	
3410	372	
3411	372	
3412	378	
3413	346	
3414	345	
3415	377	
3416	370	
3417	342	
3418	340	
3419	370	
3420	357	
3421	356	
3422	365	
3423	367	
3424	367	
3425	904	
3427	369	
3428	369	
3429	346	
3430	372	
3431	368	
3432	357	
3433	372	
3434	372	
3435	369	
3436	372	
3437	362	
3438	369	
3439	370	
3440	341	
3441	402	
3442	361	
3443	370	
3444	463	
3445	935	
3447	371	
3448	417	
3449	352	
3450	345	
3451	740	
3452	419	
3453	389	
3454	345	
3455	371	
3456	373	
3457	395	
3458	352	
3459	375	
3460	388	
3461	667	
3462	349	
3463	348	
3464	389	
3465	973	
3467	357	
3468	380	
3469	387	
3470	356	
3471	343	
3472	376	
3473	382	
3474	348	
3475	358	
3476	376	
3477	371	
3478	344	
3479	346	
3480	371	
3481	370	
3482	345	
3483	359	
3484	372	
3485	998	
3487	350	
3488	371	
3489	461	
3490	398	
3491	369	
3492	368	
3493	426	
3494	382	
3495	343	
3496	373	
3497	375	
3498	361	
3499	342	
3500	305	
3501	601	
3502	310	
3503	278	
3504	297	
3505	958	
3507	309	
3508	302	
3509	300	
3510	332	
3511	340	
3512	375	
3513	378	
3514	377	
3515	345	
3516	339	
3517	383	
3518	446	
3519	397	
3520	347	
3521	380	
3522	476	
3523	356	
3524	347	
3525	1105	
3527	403	
3528	346	
3529	1209	
3530	393	
3531	398	
3532	345	
3533	371	
3534	394	
3535	408	
3536	345	
3537	350	
3538	375	
3539	1093	
3540	372	
3541	367	
3542	365	
3543	378	
3544	377	
3545	986	
3547	384	
3548	342	
3549	366	
3550	371	
3551	372	
3552	368	
3553	371	
3554	369	
3555	341	
3556	336	
3557	367	
3558	366	
3559	372	
3560	343	
3561	369	
3562	370	
3563	341	
3564	395	
3565	1850	
3568	351	
3569	368	
3570	371	
3571	740	
3572	339	
3573	356	
3574	766	
3575	662	
3576	408	
3577	352	
3578	377	
3579	395	
3580	370	
3581	433	
3582	341	
3583	373	
3584	373	
3585	970	
3587	372	
3588	552	
3589	370	
3590	370	
3591	370	
3592	336	
3593	342	
3594	340	
3595	365	
3596	373	
3597	340	
3598	350	
3599	380	
3600	380	
3601	379	
3602	377	
3603	889	
3604	407	
3605	922	
3607	386	
3608	402	
3609	373	
3610	380	
3611	381	
3612	365	
3613	349	
3614	348	
3615	379	
3616	380	
3617	351	
3618	380	
3619	380	
3620	382	
3621	336	
3622	336	
3623	366	
3624	375	
3625	920	
3627	371	
3628	372	
3629	342	
3630	994	
3632	373	
3633	339	
3634	345	
3635	371	
3636	372	
3637	342	
3638	346	
3639	371	
3640	368	
3641	373	
3642	345	
3643	339	
3644	372	
3645	967	
3647	351	
3648	370	
3649	375	
3650	362	
3651	338	
3652	366	
3653	366	
3654	355	
3655	377	
3656	374	
3657	383	
3658	401	
3659	345	
3660	374	
3661	380	
3662	416	
3663	354	
3664	372	
3665	1031	
3667	386	
3668	378	
3669	375	
3670	800	
3672	383	
3673	372	
3674	373	
3675	382	
3676	368	
3677	366	
3678	342	
3679	711	
3680	380	
3681	369	
3682	391	
3683	337	
3684	334	
3685	971	
3687	388	
3688	342	
3689	1172	
3690	374	
3691	355	
3692	342	
3693	370	
3694	379	
3695	337	
3696	337	
3697	370	
3698	376	
3699	1141	
3700	380	
3701	372	
3702	485	
3703	523	
3704	352	
3705	1226	
3707	384	
3708	355	
3709	367	
3710	448	
3711	376	
3712	361	
3713	353	
3714	370	
3715	393	
3716	363	
3717	368	
3718	366	
3719	373	
3720	343	
3721	366	
3722	365	
3723	381	
3724	344	
3725	1001	
3727	379	
3728	374	
3729	369	
3730	372	
3731	832	
3732	352	
3733	366	
3734	373	
3735	371	
3736	380	
3737	349	
3738	366	
3739	477	
3740	372	
3741	342	
3742	368	
3743	496	
3744	380	
3745	986	
3747	479	
3748	717	
3749	347	
3750	370	
3751	446	
3752	368	
3753	346	
3754	373	
3755	450	
3756	358	
3757	347	
3758	370	
3759	366	
3760	352	
3761	342	
3762	339	
3763	372	
3764	762	
3765	1110	
3767	371	
3768	368	
3769	342	
3770	367	
3771	368	
3772	370	
3773	341	
3774	368	
3775	367	
3776	351	
3777	370	
3778	372	
3779	367	
3780	422	
3781	350	
3782	371	
3783	372	
3784	425	
3785	1010	
3787	372	
3788	405	
3789	478	
3790	367	
3791	371	
3792	342	
3793	359	
3794	342	
3795	376	
3796	487	
3797	392	
3798	345	
3799	374	
3800	470	
3801	345	
3802	381	
3803	373	
3804	406	
3805	986	
3807	373	
3808	369	
3809	349	
3810	370	
3811	336	
3812	372	
3813	418	
3814	370	
3815	369	
3816	367	
3817	387	
3818	346	
3819	359	
3820	431	
3821	389	
3822	358	
3823	362	
3824	373	
3825	988	
3827	381	
3828	368	
3829	439	
3830	349	
3831	605	
3832	354	
3833	381	
3834	285	
3835	269	
3836	292	
3837	280	
3838	270	
3839	336	
3840	384	
3841	369	
3842	345	
3843	337	
3844	366	
3845	1505	
3847	343	
3848	371	
3849	1141	
3850	339	
3851	371	
3852	374	
3853	375	
3854	353	
3855	343	
3856	341	
3857	375	
3858	358	
3859	1071	
3860	367	
3861	385	
3862	376	
3863	344	
3864	374	
3865	983	
3867	512	
3868	348	
3869	370	
3870	343	
3871	349	
3872	348	
3873	368	
3874	371	
3875	340	
3876	336	
3877	369	
3878	365	
3879	341	
3880	334	
3881	360	
3882	369	
3883	362	
3884	368	
3885	985	
3887	345	
3888	339	
3889	369	
3890	380	
3891	346	
3892	335	
3893	367	
3894	367	
3895	376	
3896	336	
3897	367	
3898	366	
3899	338	
3900	371	
3901	738	
3902	380	
3903	373	
3904	342	
3905	991	
3907	344	
3908	347	
3909	352	
3910	894	
3912	350	
3913	389	
3914	378	
3915	380	
3916	345	
3917	343	
3918	376	
3919	378	
3920	353	
3921	346	
3922	373	
3923	383	
3924	344	
3925	989	
3927	373	
3928	345	
3929	345	
3930	386	
3931	374	
3932	376	
3933	388	
3934	364	
3935	370	
3936	368	
3937	338	
3938	290	
3939	295	
3940	277	
3941	271	
3942	296	
3943	295	
3944	296	
3945	923	
3947	298	
3948	280	
3949	342	
3950	377	
3951	372	
3952	360	
3953	343	
3954	375	
3955	378	
3956	339	
3957	345	
3958	338	
3959	376	
3960	348	
3961	379	
3962	380	
3963	379	
3964	375	
3965	954	
3967	379	
3968	381	
3969	347	
3970	357	
3971	378	
3972	377	
3973	350	
3974	347	
3975	375	
3976	379	
3977	378	
3978	347	
3979	381	
3980	384	
3981	387	
3982	340	
3983	344	
3984	370	
3985	966	
3987	353	
3988	369	
3989	380	
3990	340	
3991	361	
3992	371	
3993	371	
3994	367	
3995	371	
3996	371	
3997	359	
3998	380	
3999	381	
4000	376	
4001	367	
4002	352	
4003	360	
4004	367	
4005	911	
4007	341	
4008	371	
4009	1159	
4010	790	
4012	550	
4013	381	
4014	791	
4015	346	
4016	374	
4017	380	
4018	351	
4019	1083	
4020	383	
4021	379	
4022	352	
4023	381	
4024	378	
4025	954	
4027	358	
4028	356	
4029	378	
4030	374	
4031	378	
4032	341	
4033	373	
4034	376	
4035	338	
4036	342	
4037	374	
4038	374	
4039	348	
4040	363	
4041	375	
4042	375	
4043	376	
4044	374	
4045	1001	
4047	350	
4048	365	
4049	300	
4050	299	
4051	304	
4052	273	
4053	292	
4054	296	
4055	290	
4056	278	
4057	299	
4058	311	
4059	289	
4060	313	
4061	377	
4062	373	
4063	353	
4064	349	
4065	1003	
4067	343	
4068	346	
4069	366	
4070	371	
4071	737	
4072	370	
4073	369	
4074	367	
4075	374	
4076	338	
4077	743	
4078	379	
4079	343	
4080	350	
4081	343	
4082	374	
4083	357	
4084	353	
4085	974	
4087	381	
4088	576	
4089	340	
4090	373	
4091	373	
4092	400	
4093	343	
4094	378	
4095	369	
4096	349	
4097	369	
4098	367	
4099	374	
4100	348	
4101	337	
4102	348	
4103	377	
4104	341	
4105	916	
4107	386	
4108	584	
4109	457	
4110	380	
4111	374	
4112	375	
4113	340	
4114	371	
4115	371	
4116	373	
4117	350	
4118	369	
4119	379	
4120	351	
4121	371	
4122	366	
4123	368	
4124	352	
4125	1026	
4127	382	
4128	381	
4129	382	
4130	378	
4131	380	
4132	384	
4133	350	
4134	349	
4135	376	
4136	377	
4137	350	
4138	343	
4139	373	
4140	669	
4142	353	
4143	374	
4144	505	
4145	967	
4147	379	
4148	399	
4149	390	
4150	341	
4151	343	
4152	395	
4153	377	
4154	340	
4155	362	
4156	542	
4157	383	
4158	362	
4159	381	
4160	369	
4161	386	
4162	366	
4163	365	
4164	368	
4165	1011	
4167	380	
4168	380	
4169	1185	
4170	383	
4171	370	
4172	369	
4173	369	
4174	349	
4175	384	
4176	385	
4177	345	
4178	397	
4179	1059	
4180	377	
4181	368	
4182	346	
4183	334	
4184	374	
4185	963	
4187	438	
4188	384	
4189	383	
4190	389	
4191	377	
4192	376	
4193	376	
4194	698	
4195	341	
4196	372	
4197	404	
4198	361	
4199	343	
4200	380	
4201	398	
4202	380	
4203	352	
4204	348	
4205	1007	
4207	439	
4208	378	
4209	368	
4210	342	
4211	345	
4212	354	
4213	365	
4214	363	
4215	348	
4216	362	
4217	370	
4218	371	
4219	358	
4220	376	
4221	374	
4222	373	
4223	359	
4224	368	
4225	1025	
4227	398	
4228	381	
4229	371	
4230	376	
4231	798	
4232	339	
4233	365	
4234	395	
4235	353	
4236	340	
4237	378	
4238	402	
4239	397	
4240	343	
4241	371	
4242	402	
4243	346	
4244	352	
4245	988	
4247	365	
4248	342	
4249	370	
4250	390	
4251	342	
4252	349	
4253	340	
4254	376	
4255	376	
4256	352	
4257	369	
4258	368	
4259	368	
4260	340	
4261	346	
4262	370	
4263	375	
4264	381	
4265	1089	
4267	573	
4268	343	
4269	361	
4270	437	
4271	374	
4272	357	
4273	345	
4274	375	
4275	351	
4276	372	
4277	366	
4278	370	
4279	371	
4280	348	
4281	270	
4282	368	
4283	373	
4284	346	
4285	984	
4287	373	
4288	368	
4289	339	
4290	375	
4291	369	
4292	374	
4293	379	
4294	376	
4295	373	
4296	342	
4297	351	
4298	372	
4299	374	
4300	357	
4302	339	
4303	723	
4304	375	
4305	949	
4307	373	
4308	378	
4309	351	
4310	365	
4311	366	
4312	371	
4313	348	
4314	345	
4315	364	
4316	375	
4317	338	
4318	353	
4319	368	
4320	358	
4321	350	
4322	339	
4323	347	
4324	366	
4325	1028	
4327	377	
4328	373	
4329	1114	
4330	345	
4331	369	
4332	372	
4333	350	
4334	350	
4335	385	
4336	368	
4337	396	
4338	345	
4339	1156	
4340	370	
4341	344	
4342	346	
4343	409	
4344	383	
4345	1023	
4347	385	
4348	374	
4349	343	
4350	352	
4351	363	
4352	389	
4353	342	
4354	384	
4355	375	
4356	370	
4357	379	
4358	342	
4359	349	
4360	376	
4361	381	
4362	348	
4363	354	
4364	370	
4365	974	
4367	367	
4368	371	
4369	370	
4370	344	
4371	346	
4372	372	
4373	368	
4374	379	
4375	370	
4376	367	
4377	347	
4378	335	
4379	337	
4380	370	
4381	555	
4382	269	
4383	269	
4384	291	
4385	1269	
4387	280	
4388	305	
4389	297	
4390	302	
4391	570	
4392	376	
4393	374	
4394	397	
4395	343	
4396	374	
4397	371	
4398	357	
4399	342	
4400	361	
4401	378	
4402	372	
4403	352	
4404	370	
4405	1015	
4407	347	
4408	350	
4409	369	
4410	359	
4411	348	
4412	355	
4413	369	
4414	368	
4415	341	
4416	364	
4417	367	
4418	352	
4419	364	
4420	341	
4421	373	
4422	378	
4423	378	
4424	342	
4425	1025	
4427	352	
4428	338	
4429	368	
4430	372	
4431	724	
4432	337	
4433	369	
4434	377	
4435	686	
4436	693	
4437	369	
4438	821	
4439	654	
4440	368	
4441	374	
4442	400	
4443	355	
4444	347	
4445	982	
4447	389	
4448	625	
4449	343	
4450	394	
4451	340	
4452	354	
4453	369	
4454	365	
4455	355	
4456	342	
4457	349	
4458	365	
4459	368	
4460	351	
4461	365	
4462	365	
4463	372	
4464	390	
4465	994	
4467	370	
4468	364	
4469	359	
4470	379	
4471	695	
4472	387	
4473	364	
4474	367	
4475	371	
4476	360	
4477	340	
4478	367	
4479	393	
4480	362	
4481	340	
4482	373	
4483	402	
4484	388	
4485	953	
4487	385	
4488	358	
4489	1061	
4490	295	
4491	303	
4492	290	
4493	277	
4494	298	
4495	301	
4496	510	
4497	276	
4498	270	
4499	1061	
4500	400	
4501	369	
4502	344	
4503	366	
4504	773	
4505	945	
4507	371	
4508	366	
4509	338	
4510	371	
4511	367	
4512	359	
4513	361	
4514	367	
4515	367	
4516	352	
4517	361	
4518	344	
4519	383	
4520	350	
4521	368	
4522	352	
4523	368	
4524	367	
4525	915	
4527	372	
4528	369	
4529	341	
4530	362	
4531	703	
4532	375	
4533	374	
4534	478	
4535	632	
4536	377	
4537	462	
4538	358	
4539	382	
4540	382	
4541	498	
4542	366	
4543	349	
4544	373	
4545	1056	
4547	360	
4548	385	
4549	421	
4550	394	
4551	373	
4552	380	
4553	365	
4554	373	
4555	382	
4556	372	
4557	352	
4558	339	
4559	367	
4560	385	
4561	345	
4562	390	
4563	371	
4564	368	
4565	1006	
4567	380	
4568	376	
4569	339	
4570	369	
4571	671	
4572	373	
4573	355	
4574	372	
4575	361	
4576	622	
4577	397	
4578	621	
4579	347	
4580	379	
4581	374	
4582	377	
4583	338	
4584	378	
4585	1034	
4587	376	
4588	370	
4589	371	
4590	342	
4591	354	
4592	372	
4593	369	
4594	344	
4595	346	
4596	372	
4597	368	
4598	343	
4599	291	
4600	296	
4601	582	
4602	277	
4603	267	
4604	291	
4605	908	
4607	283	
4608	294	
4609	370	
4610	764	
4612	374	
4613	373	
4614	346	
4615	340	
4616	371	
4617	371	
4618	373	
4619	345	
4620	364	
4621	378	
4622	373	
4623	370	
4624	337	
4625	1007	
4627	360	
4628	359	
4629	374	
4630	389	
4631	374	
4632	368	
4633	369	
4634	370	
4635	345	
4636	362	
4637	368	
4638	371	
4639	367	
4640	369	
4641	371	
4642	356	
4643	357	
4644	345	
4645	1048	
4647	386	
4648	371	
4649	1151	
4650	378	
4651	341	
4652	345	
4653	374	
4654	378	
4655	348	
4656	346	
4657	378	
4658	529	
4659	1500	
4661	582	
4662	734	
4663	392	
4664	349	
4665	996	
4667	397	
4668	350	
4669	340	
4670	468	
4671	361	
4672	355	
4673	366	
4674	367	
4675	389	
4676	341	
4677	350	
4678	369	
4679	401	
4680	373	
4681	368	
4682	368	
4683	408	
4684	354	
4685	994	
4687	454	
4688	378	
4689	368	
4690	377	
4691	450	
4692	360	
4693	338	
4694	370	
4695	782	
4696	339	
4697	369	
4698	365	
4699	335	
4700	348	
4701	756	
4702	370	
4703	370	
4704	358	
4705	976	
4707	566	
4708	750	
4709	385	
4710	382	
4711	388	
4712	358	
4713	351	
4714	384	
4715	406	
4716	723	
4717	408	
4718	786	
4719	605	
4720	357	
4721	344	
4722	348	
4723	368	
4724	349	
4725	962	
4727	377	
4728	383	
4729	370	
4730	371	
4731	368	
4732	369	
4733	337	
4734	368	
4735	368	
4736	370	
4737	343	
4738	364	
4739	366	
4740	338	
4741	765	
4742	339	
4743	371	
4744	367	
4745	1370	
4747	368	
4748	611	
4749	345	
4750	369	
4751	739	
4752	373	
4753	349	
4754	383	
4755	402	
4756	671	
4757	378	
4758	377	
4759	380	
4760	398	
4761	381	
4762	342	
4763	344	
4764	377	
4765	979	
4767	347	
4768	369	
4769	384	
4770	341	
4771	346	
4772	371	
4773	349	
4774	343	
4775	370	
4776	372	
4777	369	
4778	380	
4779	383	
4780	405	
4781	370	
4782	383	
4783	373	
4784	371	
4785	1009	
4787	379	
4788	371	
4789	347	
4790	349	
4791	782	
4792	370	
4793	373	
4794	407	
4795	379	
4796	377	
4797	528	
4798	346	
4799	742	
4800	374	
4801	381	
4802	357	
4803	358	
4804	379	
4805	1443	
4807	382	
4808	375	
4809	1182	
4810	381	
4811	345	
4812	376	
4813	397	
4814	378	
4815	341	
4816	347	
4817	370	
4818	347	
4819	1018	
4820	374	
4821	375	
4822	386	
4823	343	
4824	366	
4825	1245	
4827	388	
4828	370	
4829	368	
4830	397	
4831	278	
4832	379	
4833	370	
4834	388	
4835	352	
4836	369	
4837	368	
4838	361	
4839	352	
4840	345	
4841	765	
4842	362	
4843	370	
4844	353	
4845	1027	
4847	569	
4848	347	
4849	565	
4850	386	
4851	346	
4852	348	
4853	373	
4854	405	
4855	378	
4856	350	
4857	383	
4858	418	
4859	388	
4860	361	
4861	354	
4862	429	
4863	407	
4864	403	
4865	1000	
4867	378	
4868	350	
4869	363	
4870	377	
4871	370	
4872	344	
4873	372	
4874	370	
4875	382	
4876	354	
4877	375	
4878	374	
4879	377	
4880	383	
4881	383	
4882	374	
4883	388	
4884	355	
4885	988	
4887	355	
4888	350	
4889	358	
4890	415	
4891	385	
4892	386	
4893	355	
4894	383	
4895	454	
4896	363	
4897	347	
4898	381	
4899	383	
4900	366	
4901	346	
4902	374	
4903	835	
4904	499	
4905	1006	
4907	378	
4908	346	
4909	351	
4910	381	
4911	370	
4912	382	
4913	374	
4914	363	
4915	368	
4916	372	
4917	363	
4918	367	
4919	369	
4920	359	
4921	339	
4922	382	
4923	370	
4924	373	
4925	939	
4927	373	
4928	772	
4929	802	
4930	376	
4931	294	
4932	297	
4933	273	
4934	293	
4935	296	
4936	596	
4937	274	
4938	272	
4939	299	
4940	296	
4941	587	
4942	374	
4943	374	
4944	372	
4945	918	
4947	377	
4948	380	
4949	348	
4950	372	
4951	383	
4952	369	
4953	371	
4954	372	
4955	368	
4956	367	
4957	380	
4958	340	
4959	371	
4960	370	
4961	383	
4962	370	
4963	360	
4964	368	
4965	946	
4967	369	
4968	368	
4969	1113	
4970	339	
4971	370	
4972	366	
4973	375	
4974	345	
4975	373	
4976	368	
4977	372	
4978	374	
4979	1124	
4980	379	
4981	365	
4982	337	
4983	368	
4984	369	
4985	927	
4987	345	
4988	378	
4989	374	
4990	378	
4991	341	
4992	371	
4993	370	
4994	348	
4995	335	
4996	370	
4997	370	
4998	354	
4999	342	
5000	368	
5001	371	
5002	343	
5003	337	
5004	368	
5005	937	
5007	340	
5008	353	
5009	368	
5010	372	
5011	368	
5012	358	
5013	367	
5014	371	
5015	366	
5016	368	
5017	358	
5018	345	
5019	334	
5020	375	
5021	368	
5022	377	
5023	346	
5024	368	
5025	991	
5027	344	
5028	371	
5029	368	
5030	1028	
5032	397	
5033	378	
5034	303	
5035	281	
5036	340	
5037	374	
5038	346	
5039	348	
5040	339	
5041	371	
5042	371	
5043	301	
5044	273	
5045	916	
5047	677	
5048	602	
5049	296	
5050	324	
5051	301	
5052	409	
5053	459	
5054	370	
5055	367	
5056	351	
5057	380	
5058	374	
5059	361	
5060	366	
5061	359	
5062	367	
5063	364	
5064	337	
5065	998	
5067	364	
5068	339	
5069	377	
5070	375	
5071	765	
5072	365	
5073	379	
5074	369	
5075	410	
5076	379	
5077	372	
5078	368	
5079	351	
5080	354	
5081	68950	
5084	384	
5085	1040	
5087	346	
5088	378	
5089	393	
5090	409	
5091	653	
5092	354	
5093	386	
5094	404	
5095	352	
5096	349	
5097	386	
5098	390	
5099	361	
5100	384	
5101	385	
5102	384	
5103	384	
5104	383	
5105	1020	
5107	379	
5108	357	
5109	376	
5110	462	
5111	635	
5112	338	
5113	366	
5114	367	
5115	359	
5116	342	
5117	356	
5118	370	
5119	363	
5120	369	
5121	365	
5122	367	
5123	353	
5124	340	
5125	989	
5127	350	
5128	342	
5129	1139	
5130	377	
5131	345	
5132	373	
5133	366	
5134	366	
5135	376	
5136	516	
5137	400	
5138	398	
5139	1180	
5140	371	
5141	366	
5142	374	
5143	375	
5144	348	
5145	947	
5147	356	
5148	622	
5149	341	
5150	366	
5151	376	
5152	558	
5153	376	
5154	716	
5155	444	
5156	272	
5157	268	
5158	291	
5159	291	
5160	308	
5161	266	
5162	291	
5163	291	
5164	271	
5165	969	
5167	370	
5168	361	
5169	350	
5170	366	
5171	367	
5172	368	
5173	352	
5174	362	
5175	376	
5176	356	
5177	376	
5178	374	
5179	373	
5180	347	
5181	373	
5182	374	
5183	375	
5184	340	
5185	1118	
5187	371	
5188	372	
5189	393	
5190	355	
5191	383	
5192	383	
5193	355	
5194	347	
5195	385	
5196	385	
5197	354	
5198	351	
5199	403	
5200	423	
5201	396	
5202	394	
5203	377	
5204	381	
5205	954	
5207	382	
5208	376	
5209	381	
5210	373	
5211	370	
5212	366	
5213	356	
5214	344	
5215	381	
5216	375	
5217	394	
5218	372	
5219	366	
5220	374	
5221	363	
5222	340	
5223	370	
5224	366	
5225	943	
5227	373	
5228	373	
5229	351	
5230	384	
5231	367	
5232	368	
5233	373	
5234	345	
5235	372	
5236	386	
5237	337	
5238	390	
5239	351	
5240	374	
5241	343	
5242	354	
5243	340	
5244	374	
5245	995	
5247	387	
5248	377	
5249	628	
5250	491	
5251	339	
5252	371	
5253	371	
5254	335	
5255	349	
5256	379	
5257	400	
5258	358	
5259	353	
5260	382	
5261	378	
5262	364	
5263	352	
5264	369	
5265	1119	
5267	370	
5268	368	
5269	365	
5270	377	
5271	370	
5272	367	
5273	366	
5274	349	
5275	342	
5276	366	
5277	368	
5278	342	
5279	367	
5280	372	
5281	366	
5282	370	
5283	368	
5284	366	
5285	1060	
5287	386	
5288	361	
5289	1141	
5290	335	
5291	341	
5292	341	
5293	370	
5294	374	
5295	356	
5296	352	
5297	382	
5298	382	
5299	1140	
5300	382	
5301	386	
5302	384	
5303	350	
5304	353	
5305	1081	
5307	350	
5308	337	
5309	350	
5310	375	
5311	349	
5312	364	
5313	360	
5314	379	
5315	380	
5316	382	
5317	380	
5318	383	
5319	372	
5320	346	
5321	377	
5322	380	
5323	363	
5324	361	
5325	1089	
5327	355	
5328	368	
5329	365	
5330	372	
5331	731	
5332	365	
5333	365	
5334	372	
5335	342	
5336	367	
5337	342	
5338	387	
5339	383	
5340	356	
5341	350	
5342	390	
5343	554	
5344	353	
5345	1058	
5347	373	
5348	372	
5349	369	
5350	365	
5351	369	
5352	339	
5353	340	
5354	371	
5355	367	
5356	334	
5357	339	
5358	367	
5359	367	
5360	337	
5361	333	
5362	339	
5363	367	
5364	368	
5365	1056	
5367	370	
5368	367	
5369	366	
5370	365	
5371	381	
5372	371	
5373	391	
5374	379	
5375	379	
5376	366	
5377	368	
5378	381	
5379	380	
5380	385	
5381	546	
5382	307	
5383	307	
5384	287	
5385	1029	
5387	369	
5388	368	
5389	784	
5390	337	
5391	372	
5392	340	
5393	358	
5394	340	
5395	383	
5396	374	
5397	374	
5398	339	
5399	372	
5400	459	
5401	619	
5402	625	
5403	620	
5404	371	
5405	942	
5407	373	
5408	371	
5409	352	
5410	353	
5411	355	
5412	380	
5413	379	
5414	379	
5415	379	
5416	380	
5417	381	
5418	353	
5419	367	
5420	380	
5421	376	
5422	353	
5423	377	
5424	382	
5425	1016	
5427	372	
5428	366	
5429	367	
5430	372	
5431	696	
5432	366	
5433	369	
5434	354	
5435	369	
5436	368	
5437	353	
5438	339	
5439	336	
5440	370	
5441	343	
5442	337	
5443	335	
5444	544	
5445	1038	
5447	346	
5448	368	
5449	1108	
5450	342	
5451	346	
5452	369	
5453	368	
5454	336	
5455	351	
5456	371	
5457	370	
5458	378	
5459	1066	
5460	377	
5461	373	
5462	389	
5463	371	
5464	371	
5465	1094	
5467	353	
5468	353	
5469	367	
5470	337	
5471	335	
5472	360	
5473	365	
5474	358	
5475	369	
5476	367	
5477	367	
5478	354	
5479	389	
5480	377	
5481	374	
5482	370	
5483	382	
5484	365	
5485	935	
5487	291	
5488	271	
5489	292	
5490	303	
5491	610	
5492	269	
5493	299	
5494	297	
5495	304	
5496	590	
5497	294	
5498	372	
5499	335	
5500	354	
5501	370	
5502	368	
5503	358	
5504	346	
5505	984	
5507	373	
5508	640	
5509	346	
5510	368	
5511	368	
5512	372	
5513	367	
5514	368	
5515	358	
5516	336	
5517	352	
5518	368	
5519	363	
5520	338	
5521	359	
5522	370	
5523	357	
5524	352	
5525	998	
5527	373	
5528	371	
5529	366	
5530	374	
5531	668	
5532	370	
5533	356	
5534	371	
5535	373	
5536	346	
5537	334	
5538	368	
5539	373	
5540	343	
5541	746	
5542	378	
5543	373	
5544	340	
5545	993	
5547	374	
5548	375	
5549	340	
5550	370	
5551	371	
5552	370	
5553	340	
5554	373	
5555	370	
5556	334	
5557	339	
5558	348	
5559	372	
5560	370	
5561	369	
5562	367	
5563	367	
5564	371	
5565	910	
5567	370	
5568	360	
5569	341	
5570	376	
5571	367	
5572	353	
5573	367	
5574	367	
5575	371	
5576	345	
5577	370	
5578	368	
5579	368	
5580	376	
5581	738	
5582	336	
5583	374	
5584	351	
5585	1427	
5587	373	
5588	374	
5589	341	
5590	355	
5591	373	
5592	372	
5593	371	
5594	372	
5595	370	
5596	299	
5597	274	
5598	271	
5599	296	
5600	295	
5601	279	
5602	269	
5603	266	
5604	292	
5605	835	
5607	355	
5608	371	
5609	1127	
5610	372	
5611	370	
5612	369	
5613	369	
5614	336	
5615	369	
5616	370	
5617	361	
5618	337	
5619	1114	
5620	374	
5621	354	
5622	372	
5623	369	
5624	370	
5625	992	
5627	370	
5628	384	
5629	354	
5630	378	
5631	374	
5632	372	
5633	338	
5634	344	
5635	345	
5636	380	
5637	382	
5638	344	
5639	344	
5640	374	
5641	372	
5642	383	
5643	343	
5644	376	
5645	959	
5647	345	
5648	735	
5649	693	
5650	362	
5651	340	
5652	372	
5653	367	
5654	371	
5655	340	
5656	337	
5657	368	
5658	354	
5659	369	
5660	368	
5661	367	
5662	368	
5663	342	
5664	356	
5665	990	
5667	347	
5668	363	
5669	370	
5670	344	
5671	363	
5672	374	
5673	370	
5674	353	
5675	390	
5676	373	
5677	377	
5678	398	
5679	389	
5680	386	
5681	376	
5682	347	
5683	353	
5684	348	
5685	1042	
5687	362	
5688	344	
5689	387	
5690	431	
5691	685	
5692	373	
5693	371	
5694	400	
5695	350	
5696	344	
5697	373	
5698	398	
5699	379	
5700	343	
5701	338	
5702	395	
5703	375	
5704	336	
5705	990	
5707	280	
5708	297	
5709	305	
5710	319	
5711	298	
5712	275	
5713	274	
5714	293	
5715	295	
5716	357	
5717	364	
5718	384	
5719	375	
5720	378	
5721	372	
5722	374	
5723	375	
5724	383	
5725	1051	
5727	365	
5728	382	
5729	376	
5730	378	
5731	370	
5732	341	
5733	378	
5734	379	
5735	380	
5736	351	
5737	343	
5738	381	
5739	404	
5740	380	
5741	345	
5742	387	
5743	403	
5744	369	
5745	1302	
5747	380	
5748	389	
5749	351	
5750	374	
5751	383	
5752	363	
5753	355	
5754	377	
5755	377	
5756	379	
5757	370	
5758	371	
5759	369	
5760	340	
5761	344	
5762	347	
5763	371	
5764	373	
5765	910	
5767	375	
5768	371	
5769	1060	
5770	372	
5771	370	
5772	363	
5773	377	
5774	369	
5775	372	
5776	357	
5777	377	
5778	373	
5779	1124	
5780	345	
5781	343	
5782	337	
5783	369	
5784	372	
5785	977	
5787	390	
5788	380	
5789	387	
5790	421	
5791	755	
5792	378	
5793	349	
5794	352	
5795	380	
5796	379	
5797	357	
5798	349	
5799	375	
5800	376	
5801	665	
5802	353	
5803	341	
5804	378	
5805	1736	
5807	376	
5808	370	
5809	342	
5810	346	
5811	339	
5812	367	
5813	371	
5814	357	
5815	355	
5816	368	
5817	369	
5818	339	
5819	343	
5820	373	
5821	366	
5822	368	
5823	367	
5824	364	
5825	938	
5827	383	
5828	364	
5829	392	
5830	361	
5831	377	
5832	373	
5833	375	
5834	451	
5835	354	
5836	375	
5837	374	
5838	516	
5839	353	
5840	379	
5841	375	
5842	482	
5843	357	
5844	371	
5845	995	
5847	368	
5848	389	
5849	380	
5850	384	
5851	351	
5852	377	
5853	389	
5854	362	
5855	448	
5856	380	
5857	372	
5858	374	
5859	344	
5860	355	
5861	370	
5862	371	
5863	343	
5864	339	
5865	995	
5867	340	
5868	342	
5869	367	
5870	346	
5871	346	
5872	367	
5873	379	
5874	374	
5875	372	
5876	373	
5877	359	
5878	372	
5879	371	
5880	352	
5881	362	
5882	372	
5883	370	
5884	344	
5885	1004	
5887	378	
5888	371	
5889	371	
5890	376	
5891	354	
5892	347	
5893	371	
5894	369	
5895	378	
5896	342	
5897	369	
5898	373	
5899	337	
5900	345	
5901	759	
5902	376	
5903	341	
5904	377	
5905	1503	
5907	380	
5908	346	
5909	345	
5910	394	
5911	734	
5912	346	
5913	344	
5914	379	
5915	377	
5916	643	
5917	372	
5918	378	
5919	377	
5920	360	
5921	375	
5922	376	
5923	381	
5924	383	
5925	907	
5927	373	
5928	376	
5929	1060	
5930	377	
5931	297	
5932	302	
5933	274	
5934	270	
5935	302	
5936	370	
5937	361	
5938	374	
5939	1119	
5940	339	
5941	340	
5942	374	
5943	372	
5944	370	
5945	934	
5947	376	
5948	373	
5949	373	
5950	343	
5951	736	
5952	414	
5953	371	
5954	379	
5955	375	
5956	373	
5957	347	
5958	344	
5959	374	
5960	374	
5961	764	
5962	339	
5963	383	
5964	380	
5965	974	
5967	379	
5968	384	
5969	697	
5970	370	
5971	374	
5972	374	
5973	340	
5974	372	
5975	337	
5976	729	
5977	338	
5978	688	
5979	354	
5980	379	
5981	698	
5982	342	
5983	334	
5984	368	
5985	1007	
5987	369	
5988	366	
5989	368	
5990	349	
5991	347	
5992	366	
5993	365	
5994	367	
5995	362	
5996	363	
5997	367	
5998	349	
5999	336	
6000	366	
6001	401	
6002	438	
6003	379	
6004	366	
6005	1049	
6007	356	
6008	368	
6009	366	
6010	381	
6011	356	
6012	375	
6013	379	
6014	379	
6015	380	
6016	388	
6017	374	
6018	336	
6019	373	
6020	371	
6021	740	
6022	345	
6023	344	
6024	372	
6025	1429	
6027	346	
6028	340	
6029	372	
6030	373	
6031	662	
6032	335	
6033	380	
6034	369	
6035	373	
6036	268	
6037	297	
6038	299	
6039	272	
6040	268	
6041	294	
6042	294	
6043	494	
6044	270	
6045	1014	
6047	374	
6048	342	
6049	366	
6050	373	
6051	370	
6052	366	
6053	365	
6054	366	
6055	353	
6056	353	
6057	359	
6058	366	
6059	365	
6060	339	
6061	364	
6062	365	
6063	355	
6064	355	
6065	1029	
6067	377	
6068	378	
6069	369	
6070	382	
6071	750	
6072	399	
6073	370	
6074	367	
6075	340	
6076	351	
6077	345	
6078	373	
6079	371	
6080	362	
6081	346	
6082	393	
6083	376	
6084	375	
6085	1030	
6087	398	
6088	357	
6089	1136	
6090	381	
6091	373	
6092	360	
6093	355	
6094	375	
6095	374	
6096	351	
6097	344	
6098	342	
6099	1146	
6100	376	
6101	382	
6102	370	
6103	368	
6104	371	
6105	904	
6107	377	
6108	374	
6109	354	
6110	373	
6111	382	
6112	376	
6113	349	
6114	374	
6115	374	
6116	371	
6117	368	
6118	371	
6119	396	
6120	351	
6121	396	
6122	375	
6123	363	
6124	368	
6125	997	
6127	368	
6128	365	
6129	345	
6130	344	
6131	368	
6132	368	
6133	368	
6134	340	
6135	379	
6136	367	
6137	337	
6138	339	
6139	372	
6140	376	
6141	738	
6142	345	
6143	368	
6144	372	
6145	1055	
6147	297	
6148	296	
6149	293	
6150	344	
6151	281	
6152	301	
6153	305	
6154	289	
6155	268	
6156	296	
6157	311	
6158	291	
6159	344	
6160	294	
6161	412	
6162	411	
6163	375	
6164	387	
6165	982	
6167	381	
6168	380	
6169	422	
6170	425	
6171	375	
6172	355	
6173	412	
6174	404	
6175	349	
6176	360	
6177	419	
6178	407	
6179	358	
6180	399	
6181	451	
6182	387	
6183	382	
6184	4354	
6189	383	
6190	427	
6191	795	
6192	370	
6193	371	
6194	354	
6195	352	
6196	385	
6197	389	
6198	341	
6199	370	
6200	372	
6201	703	
6202	422	
6203	353	
6204	340	
6205	997	
6207	802	
6208	664	
6209	373	
6210	367	
6211	340	
6212	367	
6213	587	
6214	367	
6215	354	
6216	365	
6217	368	
6218	367	
6219	338	
6220	367	
6221	338	
6222	367	
6223	373	
6224	351	
6225	989	
6227	388	
6228	337	
6229	356	
6230	379	
6231	361	
6232	362	
6233	364	
6234	367	
6235	341	
6236	338	
6237	367	
6238	830	
6239	388	
6240	377	
6241	368	
6242	368	
6243	369	
6244	349	
6245	971	
6247	365	
6248	386	
6249	1158	
6250	371	
6251	370	
6252	351	
6253	338	
6254	370	
6255	370	
6256	727	
6257	341	
6258	371	
6259	1598	
6261	319	
6262	303	
6263	335	
6264	360	
6265	973	
6267	307	
6268	316	
6269	307	
6270	370	
6271	377	
6272	349	
6273	344	
6274	338	
6275	372	
6276	359	
6277	349	
6278	347	
6279	379	
6280	397	
6281	386	
6282	375	
6283	376	
6284	377	
6285	1029	
6287	380	
6288	376	
6289	517	
6290	382	
6291	368	
6292	462	
6293	360	
6294	370	
6295	366	
6296	448	
6297	435	
6298	382	
6299	367	
6300	408	
6301	404	
6302	339	
6303	366	
6304	418	
6305	1007	
6307	408	
6308	442	
6309	393	
6310	381	
6311	703	
6312	432	
6313	374	
6314	376	
6315	377	
6316	734	
6317	340	
6318	341	
6319	339	
6320	368	
6321	339	
6322	340	
6323	341	
6324	368	
6325	948	
6327	352	
6328	382	
6329	381	
6330	367	
6331	357	
6332	379	
6333	381	
6334	361	
6335	384	
6336	379	
6337	382	
6338	387	
6339	375	
6340	386	
6341	383	
6342	380	
6343	381	
6344	382	
6345	932	
6347	393	
6348	381	
6349	379	
6350	394	
6351	761	
6352	379	
6353	382	
6354	347	
6355	353	
6356	383	
6357	388	
6358	352	
6359	383	
6360	384	
6361	752	
6362	349	
6363	384	
6364	384	
6365	973	
6367	369	
6368	354	
6369	383	
6370	383	
6371	353	
6372	352	
6373	383	
6374	385	
6375	349	
6376	350	
6377	381	
6378	381	
6379	381	
6380	382	
6381	302	
6382	383	
6383	353	
6384	371	
6385	1001	
6387	412	
6388	350	
6389	375	
6390	387	
6391	371	
6392	358	
6393	381	
6394	384	
6395	386	
6396	381	
6397	381	
6398	377	
6399	359	
6400	355	
6401	379	
6402	383	
6403	348	
6404	359	
6405	1544	
6407	489	
6408	386	
6409	1200	
6410	384	
6411	462	
6412	383	
6413	382	
6414	378	
6415	461	
6416	353	
6417	375	
6418	757	
6419	1124	
6420	346	
6421	344	
6422	375	
6423	382	
6424	347	
6425	1038	
6427	384	
6428	368	
6429	378	
6430	410	
6431	372	
6432	347	
6433	378	
6434	380	
6435	384	
6436	369	
6437	381	
6438	377	
6439	358	
6440	360	
6441	348	
6442	380	
6443	372	
6444	386	
6445	1047	
6447	415	
6448	351	
6449	346	
6450	381	
6451	380	
6452	355	
6453	347	
6454	380	
6455	406	
6456	709	
6457	379	
6458	381	
6459	408	
6460	395	
6461	374	
6462	385	
6463	680	
6464	360	
6465	933	
6467	386	
6468	553	
6469	351	
6470	383	
6471	381	
6472	387	
6473	358	
6474	361	
6475	380	
6476	386	
6477	375	
6478	381	
6479	380	
6480	354	
6481	353	
6482	373	
6483	306	
6484	305	
6485	881	
6487	314	
6488	313	
6489	284	
6490	285	
6491	309	
6492	294	
6493	386	
6494	382	
6495	385	
6496	378	
6497	348	
6498	347	
6499	389	
6500	380	
6501	774	
6502	353	
6503	402	
6504	387	
6505	984	
6507	386	
6508	387	
6509	370	
6510	382	
6511	387	
6512	381	
6513	352	
6514	352	
6515	365	
6516	382	
6517	381	
6518	351	
6519	357	
6520	381	
6521	381	
6522	351	
6523	363	
6524	381	
6525	954	
6527	384	
6528	382	
6529	379	
6530	359	
6531	359	
6532	379	
6533	379	
6534	365	
6535	380	
6536	384	
6537	365	
6538	384	
6539	381	
6540	384	
6541	363	
6542	351	
6543	383	
6544	381	
6545	989	
6547	356	
6548	379	
6549	380	
6550	353	
6551	781	
6552	384	
6553	383	
6554	354	
6555	384	
6556	382	
6557	381	
6558	353	
6559	350	
6560	382	
6561	384	
6562	388	
6563	638	
6564	657	
6565	987	
6567	348	
6568	343	
6569	1127	
6570	352	
6571	376	
6572	368	
6573	369	
6574	371	
6575	346	
6576	338	
6577	366	
6578	388	
6579	1065	
6580	375	
6581	366	
6582	370	
6583	374	
6584	351	
6585	981	
6587	342	
6588	337	
6589	362	
6590	583	
6592	308	
6593	310	
6594	329	
6595	289	
6596	308	
6597	302	
6598	304	
6599	300	
6600	306	
6601	300	
6602	312	
6603	357	
6604	378	
6605	1007	
6607	381	
6608	391	
6609	395	
6610	453	
6611	789	
6612	406	
6613	353	
6614	374	
6615	369	
6616	349	
6617	372	
6618	375	
6619	453	
6620	348	
6621	644	
6622	800	
6623	730	
6624	346	
6625	1008	
6627	384	
6628	750	
6629	345	
6630	369	
6631	385	
6632	363	
6633	339	
6634	370	
6635	370	
6636	342	
6637	343	
6638	348	
6639	374	
6640	400	
6641	377	
6642	376	
6643	374	
6644	372	
6645	912	
6647	368	
6648	369	
6649	340	
6650	373	
6651	366	
6652	355	
6653	367	
6654	365	
6655	369	
6656	362	
6657	353	
6658	372	
6659	381	
6660	390	
6661	748	
6662	390	
6663	372	
6664	376	
6665	973	
6667	384	
6668	568	
6669	554	
6670	376	
6671	396	
6672	382	
6673	349	
6674	378	
6675	372	
6676	738	
6677	347	
6678	344	
6679	379	
6680	376	
6681	348	
6682	348	
6683	370	
6684	397	
6685	1598	
6687	339	
6688	367	
6689	351	
6690	376	
6691	376	
6692	371	
6693	360	
6694	377	
6695	373	
6696	373	
6697	369	
6698	354	
6699	359	
6700	393	
6701	370	
6702	371	
6703	374	
6704	376	
6705	990	
6707	374	
6708	375	
6709	364	
6710	382	
6711	376	
6712	375	
6713	355	
6714	360	
6715	425	
6716	756	
6717	368	
6718	353	
6719	334	
6720	372	
6721	374	
6722	380	
6723	336	
6724	368	
6725	1391	
6727	344	
6728	370	
6729	1130	
6730	345	
6731	347	
6732	394	
6733	378	
6734	377	
6735	373	
6736	344	
6737	386	
6738	387	
6739	1160	
6740	373	
6741	370	
6742	372	
6743	349	
6744	347	
6745	984	
6747	371	
6748	357	
6749	373	
6750	369	
6751	348	
6752	355	
6753	372	
6754	377	
6755	344	
6756	352	
6757	383	
6758	414	
6759	387	
6760	342	
6761	365	
6762	394	
6763	347	
6764	345	
6765	1009	
6767	806	
6768	339	
6769	374	
6770	377	
6771	540	
6772	352	
6773	376	
6774	379	
6775	451	
6776	379	
6777	569	
6778	387	
6779	451	
6780	356	
6781	382	
6782	399	
6783	397	
6784	360	
6785	978	
6787	411	
6788	399	
6789	362	
6790	412	
6791	390	
6792	361	
6793	401	
6794	374	
6795	374	
6796	625	
6797	346	
6798	723	
6799	741	
6800	518	
6801	334	
6802	367	
6803	369	
6804	366	
6805	1042	
6807	376	
6808	354	
6809	372	
6810	379	
6811	372	
6812	376	
6813	338	
6814	364	
6815	372	
6816	370	
6817	339	
6818	371	
6819	369	
6820	344	
6821	337	
6822	370	
6823	367	
6824	369	
6825	960	
6827	374	
6828	385	
6829	345	
6830	742	
6832	345	
6833	337	
6834	370	
6835	377	
6836	338	
6837	357	
6838	382	
6839	381	
6840	378	
6841	350	
6842	349	
6843	382	
6844	381	
6845	922	
6847	391	
6848	382	
6849	353	
6850	380	
6851	385	
6852	383	
6853	350	
6854	349	
6855	383	
6856	381	
6857	383	
6858	378	
6859	356	
6860	366	
6861	352	
6862	358	
6863	364	
6864	378	
6865	949	
6867	364	
6868	380	
6869	378	
6870	389	
6871	376	
6872	380	
6873	363	
6874	356	
6875	385	
6876	377	
6877	383	
6878	388	
6879	365	
6880	372	
6881	358	
6882	340	
6883	366	
6884	368	
6885	920	
6887	369	
6888	366	
6889	1147	
6890	342	
6891	371	
6892	369	
6893	374	
6894	373	
6895	338	
6896	370	
6897	376	
6898	346	
6899	1127	
6900	371	
6901	376	
6902	356	
6903	373	
6904	387	
6905	950	
6907	345	
6908	583	
6909	367	
6910	352	
6911	335	
6912	335	
6913	367	
6914	337	
6915	343	
6916	336	
6917	366	
6918	368	
6919	341	
6920	366	
6921	364	
6922	365	
6923	339	
6924	356	
6925	980	
6927	363	
6928	370	
6929	366	
6930	376	
6931	293	
6932	282	
6933	290	
6934	293	
6935	272	
6936	303	
6937	366	
6938	366	
6939	358	
6940	342	
6941	734	
6942	368	
6943	345	
6944	347	
6945	1049	
6947	354	
6948	378	
6949	380	
6950	377	
6951	356	
6952	358	
6953	390	
6954	383	
6955	405	
6956	381	
6957	368	
6958	370	
6959	356	
6960	341	
6961	338	
6962	372	
6963	416	
6964	360	
6965	988	
6967	496	
6968	628	
6969	375	
6970	373	
6971	373	
6972	490	
6973	380	
6974	369	
6975	438	
6976	386	
6977	369	
6978	369	
6979	368	
6980	362	
6981	369	
6982	368	
6983	367	
6984	352	
6985	972	
6987	388	
6988	349	
6989	376	
6990	375	
6991	724	
6992	376	
6993	339	
6994	371	
6995	372	
6996	725	
6997	371	
6998	370	
6999	371	
7000	340	
7001	369	
7002	370	
7003	370	
7004	392	
7005	969	
7007	374	
7008	653	
7009	341	
7010	362	
7011	368	
7012	376	
7013	339	
7014	336	
7015	366	
7016	377	
7017	350	
7018	367	
7019	366	
7020	337	
7021	347	
7022	369	
7023	371	
7024	436	
7025	1054	
7027	372	
7028	450	
7029	363	
7030	374	
7031	376	
7032	362	
7033	374	
7034	368	
7035	373	
7036	375	
7037	360	
7038	337	
7039	308	
7040	311	
7041	616	
7042	276	
7043	268	
7044	291	
7045	944	
7047	299	
7048	297	
7049	1010	
7050	269	
7051	376	
7052	373	
7053	374	
7054	373	
7055	366	
7056	371	
7057	376	
7058	341	
7059	1152	
7060	379	
7061	376	
7062	397	
7063	338	
7064	377	
7065	1049	
7067	369	
7068	367	
7069	388	
7070	342	
7071	351	
7072	368	
7073	366	
7074	371	
7075	352	
7076	366	
7077	365	
7078	343	
7079	363	
7080	384	
7081	389	
7082	374	
7083	373	
7084	366	
7085	1085	
7087	339	
7088	366	
7089	368	
7090	346	
7091	337	
7092	366	
7093	369	
7094	343	
7095	371	
7096	372	
7097	372	
7098	355	
7099	343	
7100	798	
7102	454	
7103	359	
7104	349	
7105	995	
7107	360	
7108	346	
7109	372	
7110	359	
7111	353	
7112	351	
7113	377	
7114	377	
7115	367	
7116	366	
7117	370	
7118	371	
7119	348	
7120	355	
7121	365	
7122	369	
7123	355	
7124	351	
7125	998	
7127	354	
7128	345	
7129	363	
7130	361	
7131	342	
7132	378	
7133	368	
7134	371	
7135	344	
7136	341	
7137	370	
7138	369	
7139	350	
7140	385	
7141	369	
7142	379	
7143	351	
7144	371	
7145	990	
7147	340	
7148	344	
7149	372	
7150	307	
7151	622	
7152	317	
7153	280	
7154	301	
7155	309	
7156	278	
7157	274	
7158	300	
7159	298	
7160	277	
7161	707	
7162	372	
7163	375	
7164	394	
7165	978	
7167	386	
7168	386	
7169	341	
7170	369	
7171	380	
7172	363	
7173	339	
7174	367	
7175	377	
7176	337	
7177	336	
7178	335	
7179	371	
7180	348	
7181	345	
7182	366	
7183	366	
7184	379	
7185	916	
7187	370	
7188	378	
7189	342	
7190	373	
7191	369	
7192	375	
7193	367	
7194	367	
7195	367	
7196	358	
7197	352	
7198	370	
7199	367	
7200	385	
7201	371	
7202	361	
7203	375	
7204	361	
7205	937	
7207	375	
7208	371	
7209	1098	
7210	350	
7211	373	
7212	374	
7213	377	
7214	341	
7215	370	
7216	373	
7217	338	
7218	355	
7219	1114	
7220	454	
7221	371	
7222	388	
7223	370	
7224	371	
7225	954	
7227	409	
7228	399	
7229	357	
7230	417	
7231	372	
7232	368	
7233	369	
7234	337	
7235	359	
7236	368	
7237	371	
7238	351	
7239	350	
7240	407	
7241	374	
7242	340	
7243	356	
7244	367	
7245	945	
7247	431	
7248	377	
7249	381	
7250	355	
7251	338	
7252	368	
7253	374	
7254	361	
7255	338	
7256	373	
7257	377	
7258	391	
7259	347	
7260	386	
7261	373	
7262	375	
7263	375	
7264	368	
7265	1019	
7267	412	
7268	384	
7269	374	
7270	379	
7271	341	
7272	372	
7273	633	
7274	374	
7275	342	
7276	372	
7277	379	
7278	366	
7279	345	
7280	370	
7281	369	
7282	482	
7283	363	
7284	369	
7285	1111	
7287	367	
7288	339	
7289	367	
7290	379	
7291	341	
7292	347	
7293	368	
7294	364	
7295	366	
7296	353	
7297	371	
7298	463	
7299	384	
7300	375	
7301	366	
7302	463	
7303	383	
7304	338	
7305	993	
7307	365	
7308	342	
7309	370	
7310	374	
7311	888	
7312	402	
7313	370	
7314	365	
7315	410	
7316	348	
7317	371	
7318	370	
7319	357	
7320	343	
7321	370	
7322	371	
7323	361	
7324	344	
7325	1094	
7327	359	
7328	347	
7329	374	
7330	368	
7331	407	
7332	342	
7333	334	
7334	367	
7335	388	
7336	355	
7337	366	
7338	365	
7339	452	
7340	343	
7341	333	
7342	367	
7343	369	
7344	383	
7345	1084	
7347	480	
7348	388	
7349	369	
7350	372	
7351	448	
7352	382	
7353	342	
7354	366	
7355	464	
7356	357	
7357	379	
7358	382	
7359	406	
7360	434	
7361	361	
7362	385	
7363	369	
7364	420	
7365	1060	
7367	373	
7368	397	
7369	1095	
7370	369	
7371	369	
7372	375	
7373	352	
7374	371	
7375	412	
7376	362	
7377	441	
7378	388	
7379	1165	
7380	375	
7381	292	
7382	343	
7383	368	
7384	384	
7385	954	
7387	393	
7388	403	
7389	348	
7390	369	
7391	366	
7392	375	
7393	348	
7394	349	
7395	379	
7396	404	
7397	424	
7398	378	
7399	367	
7400	403	
7401	416	
7402	346	
7403	366	
7404	399	
7405	1040	
7407	367	
7408	382	
7409	358	
7410	388	
7411	370	
7412	366	
7413	354	
7414	352	
7415	384	
7416	377	
7417	422	
7418	382	
7419	368	
7420	397	
7421	784	
7422	362	
7423	339	
7424	372	
7425	1055	
7427	377	
7428	372	
7429	371	
7430	342	
7431	340	
7432	371	
7433	371	
7434	341	
7435	342	
7436	369	
7437	369	
7438	337	
7439	366	
7440	368	
7441	369	
7442	340	
7443	343	
7444	368	
7445	999	
7447	369	
7448	366	
7449	367	
7450	335	
7451	337	
7452	360	
7453	366	
7454	361	
7455	371	
7456	380	
7457	391	
7458	426	
7459	351	
7460	381	
7461	369	
7462	461	
7463	400	
7464	370	
7465	1094	
7467	357	
7468	374	
7469	373	
7470	354	
7471	368	
7472	374	
7473	380	
7474	394	
7475	391	
7476	385	
7477	368	
7478	388	
7479	346	
7480	364	
7481	293	
7482	297	
7483	277	
7484	275	
7485	1073	
7487	287	
7488	290	
7489	296	
7490	300	
7491	371	
7492	309	
7493	381	
7494	443	
7495	381	
7496	368	
7497	364	
7498	440	
7499	366	
7500	341	
7501	732	
7502	828	
7503	364	
7504	338	
7505	1008	
7507	407	
7508	350	
7509	542	
7510	517	
7511	339	
7512	345	
7513	369	
7514	368	
7515	345	
7516	334	
7517	366	
7518	366	
7519	771	
7520	383	
7521	370	
7522	410	
7523	773	
7524	475	
7525	1088	
7527	378	
7528	362	
7529	1133	
7530	371	
7531	376	
7532	340	
7533	368	
7534	364	
7535	358	
7536	364	
7537	366	
7538	364	
7539	1122	
7540	740	
7542	421	
7543	339	
7544	383	
7545	948	
7547	441	
7548	352	
7549	339	
7550	366	
7551	834	
7552	367	
7553	373	
7554	380	
7555	386	
7556	377	
7557	344	
7558	376	
7559	403	
7560	399	
7561	388	
7562	375	
7563	396	
7564	350	
7565	1000	
7567	405	
7568	553	
7569	337	
7570	404	
7571	414	
7572	347	
7573	358	
7574	373	
7575	395	
7576	378	
7577	379	
7578	370	
7579	372	
7580	345	
7581	353	
7582	363	
7583	372	
7584	364	
7585	1002	
7587	373	
7588	360	
7589	294	
7590	311	
7591	305	
7592	414	
7593	321	
7594	351	
7595	379	
7596	374	
7597	299	
7598	296	
7599	366	
7600	380	
7601	377	
7602	345	
7603	383	
7604	475	
7605	1014	
7607	375	
7608	397	
7609	346	
7610	346	
7611	370	
7612	406	
7613	352	
7614	385	
7615	371	
7616	398	
7617	396	
7618	342	
7619	337	
7620	394	
7621	342	
7622	341	
7623	369	
7624	382	
7625	1120	
7627	342	
7628	369	
7629	371	
7630	338	
7631	345	
7632	366	
7633	368	
7634	345	
7635	360	
7636	368	
7637	370	
7638	348	
7639	367	
7640	371	
7641	376	
7642	382	
7643	368	
7644	342	
7645	946	
7647	361	
7648	368	
7649	378	
7650	366	
7651	336	
7652	366	
7653	374	
7654	379	
7655	339	
7656	364	
7657	386	
7658	375	
7659	389	
7660	378	
7661	743	
7662	340	
7663	340	
7664	371	
7665	1395	
7667	358	
7668	341	
7669	373	
7670	341	
7671	736	
7672	369	
7673	371	
7674	383	
7675	352	
7676	371	
7677	365	
7678	369	
7679	338	
7680	356	
7681	367	
7682	367	
7683	349	
7684	367	
7685	1301	
7687	349	
7688	359	
7689	1210	
7690	380	
7691	522	
7692	377	
7693	380	
7694	397	
7695	366	
7696	340	
7697	293	
7698	323	
7699	986	
7700	280	
7701	303	
7702	305	
7703	307	
7704	505	
7705	968	
7707	292	
7708	277	
7709	378	
7710	381	
7711	746	
7712	342	
7713	374	
7714	373	
7715	351	
7716	344	
7717	338	
7718	380	
7719	354	
7720	349	
7721	347	
7722	379	
7723	378	
7724	346	
7725	995	
7727	382	
7728	385	
7729	375	
7730	376	
7731	378	
7732	349	
7733	343	
7734	377	
7735	375	
7736	342	
7737	344	
7738	392	
7739	371	
7740	355	
7741	333	
7742	338	
7743	366	
7744	338	
7745	907	
7747	369	
7748	371	
7749	340	
7750	366	
7751	367	
7752	370	
7753	354	
7754	367	
7755	371	
7756	368	
7757	359	
7758	360	
7759	366	
7760	369	
7761	361	
7762	365	
7763	366	
7764	352	
7765	989	
7767	368	
7768	360	
7769	336	
7770	373	
7771	368	
7772	365	
7773	337	
7774	335	
7775	370	
7776	351	
7777	336	
7778	351	
7779	380	
7780	373	
7781	729	
7782	380	
7783	378	
7784	379	
7785	979	
7787	393	
7788	387	
7789	394	
7790	378	
7791	383	
7792	371	
7793	362	
7794	350	
7795	338	
7796	375	
7797	358	
7798	371	
7799	656	
7800	376	
7801	368	
7802	341	
7803	368	
7804	368	
7805	949	
7807	364	
7808	370	
7809	369	
7810	359	
7811	362	
7812	370	
7813	370	
7814	337	
7815	337	
7816	360	
7817	379	
7818	344	
7819	382	
7820	375	
7821	368	
7822	355	
7823	338	
7824	366	
7825	1766	
7827	374	
7828	373	
7829	369	
7830	347	
7831	602	
7832	383	
7833	379	
7834	482	
7835	371	
7836	390	
7837	386	
7838	503	
7839	365	
7840	376	
7841	380	
7842	397	
7843	373	
7844	346	
7845	1074	
7847	401	
7848	731	
7849	1437	
7851	351	
7852	347	
7853	378	
7854	394	
7855	374	
7856	344	
7857	372	
7858	375	
7859	1067	
7860	367	
7861	373	
7862	373	
7863	345	
7864	657	
7865	1026	
7867	361	
7868	355	
7869	350	
7870	380	
7871	373	
7872	376	
7873	725	
7874	376	
7875	347	
7876	344	
7877	363	
7878	374	
7879	362	
7880	387	
7881	379	
7882	379	
7883	357	
7884	345	
7885	1049	
7887	358	
7888	381	
7889	375	
7890	380	
7891	762	
7892	341	
7893	341	
7894	379	
7895	380	
7896	351	
7897	348	
7898	381	
7899	374	
7900	379	
7901	512	
7902	378	
7903	378	
7904	347	
7905	994	
7907	382	
7908	379	
7909	349	
7910	381	
7911	379	
7912	377	
7913	375	
7914	347	
7915	382	
7916	346	
7917	344	
7918	377	
7919	377	
7920	369	
7921	351	
7922	353	
7923	380	
7924	378	
7925	986	
7927	382	
7928	383	
7929	345	
7930	379	
7931	375	
7932	376	
7933	350	
7934	370	
7935	388	
7936	368	
7937	382	
7938	376	
7939	376	
7940	348	
7941	347	
7942	347	
7943	380	
7944	378	
7945	1043	
7947	381	
7948	381	
7949	382	
7950	349	
7951	752	
7952	442	
7953	343	
7954	349	
7955	385	
7956	384	
7957	381	
7958	356	
7959	379	
7960	383	
7961	715	
7962	348	
7963	350	
7964	389	
7965	995	
7967	389	
7968	379	
7969	383	
7970	370	
7971	387	
7972	383	
7973	382	
7974	357	
7975	350	
7976	387	
7977	376	
7978	346	
7979	347	
7980	379	
7981	375	
7982	352	
7983	349	
7984	379	
7985	1040	
7987	351	
7988	356	
7989	377	
7990	353	
7991	346	
7992	372	
7993	381	
7994	351	
7995	348	
7996	348	
7997	377	
7998	379	
7999	346	
8000	380	
8001	379	
8002	372	
8003	347	
8004	382	
8005	1049	
8007	394	
8008	384	
8009	1208	
8010	386	
8011	357	
8012	351	
8013	390	
8014	353	
8015	385	
8016	369	
8017	380	
8018	384	
8019	1087	
8020	360	
8021	378	
8022	379	
8023	350	
8024	347	
8025	1042	
8027	357	
8028	383	
8029	380	
8030	372	
8031	285	
8032	277	
8033	304	
8034	300	
8035	355	
8036	306	
8037	280	
8038	304	
8039	273	
8040	345	
8041	356	
8042	379	
8043	385	
8044	353	
8045	1040	
8047	397	
8048	374	
8049	375	
8050	385	
8051	372	
8052	368	
8053	354	
8054	373	
8055	380	
8056	367	
8057	379	
8058	377	
8059	373	
8060	349	
8061	338	
8062	370	
8063	370	
8064	348	
8065	1001	
8067	381	
8068	378	
8069	347	
8070	374	
8071	640	
8072	345	
8073	347	
8074	378	
8075	483	
8076	373	
8077	375	
8078	374	
8079	431	
8080	354	
8081	369	
8082	384	
8083	388	
8084	406	
8085	994	
8087	773	
8088	576	
8089	338	
8090	363	
8091	367	
8092	371	
8093	352	
8094	349	
8095	365	
8096	389	
8097	350	
8098	364	
8099	366	
8100	336	
8101	340	
8102	353	
8103	365	
8104	367	
8105	1002	
8107	382	
8108	362	
8109	340	
8110	347	
8111	377	
8112	362	
8113	354	
8114	341	
8115	380	
8116	376	
8117	349	
8118	341	
8119	387	
8120	379	
8121	472	
8122	386	
8123	418	
8124	750	
8125	992	
8127	378	
8128	375	
8129	346	
8130	401	
8131	759	
8132	372	
8133	372	
8134	374	
8135	367	
8136	371	
8137	347	
8138	346	
8139	340	
8140	295	
8141	282	
8142	302	
8143	293	
8144	298	
8145	1049	
8147	567	
8148	293	
8149	633	
8150	340	
8151	473	
8152	580	
8153	374	
8154	376	
8155	371	
8156	371	
8157	368	
8158	355	
8159	358	
8160	371	
8161	367	
8162	347	
8163	367	
8164	367	
8165	995	
8167	343	
8168	369	
8169	1144	
8170	353	
8171	342	
8172	370	
8173	371	
8174	377	
8175	379	
8176	372	
8177	372	
8178	353	
8179	1073	
8180	373	
8181	371	
8182	374	
8183	351	
8184	371	
8185	1385	
8187	347	
8188	341	
8189	373	
8190	350	
8191	359	
8192	340	
8193	370	
8194	367	
8195	367	
8196	340	
8197	364	
8198	367	
8199	336	
8200	355	
8201	366	
8202	877	
8203	614	
8204	350	
8205	1099	
8207	346	
8208	366	
8209	373	
8210	385	
8211	369	
8212	343	
8213	365	
8214	377	
8215	349	
8216	346	
8217	373	
8218	384	
8219	376	
8220	383	
8221	374	
8222	377	
8223	350	
8224	370	
8225	1863	
8228	349	
8229	380	
8230	382	
8231	758	
8232	379	
8233	376	
8234	378	
8235	350	
8236	346	
8237	348	
8238	380	
8239	358	
8240	440	
8241	747	
8242	375	
8243	380	
8244	380	
8245	1021	
8247	379	
8248	380	
8249	352	
8250	372	
8251	298	
8252	297	
8253	267	
8254	293	
8255	294	
8256	285	
8257	284	
8258	296	
8259	301	
8260	290	
8261	297	
8262	368	
8263	366	
8264	354	
8265	909	
8267	370	
8268	348	
8269	342	
8270	373	
8271	368	
8272	361	
8273	367	
8274	367	
8275	377	
8276	346	
8277	349	
8278	372	
8279	370	
8280	374	
8281	756	
8282	339	
8283	369	
8284	374	
8285	903	
8287	374	
8288	340	
8289	353	
8290	347	
8291	368	
8292	368	
8293	379	
8294	341	
8295	365	
8296	366	
8297	337	
8298	337	
8299	365	
8300	353	
8301	333	
8302	335	
8303	365	
8304	367	
8305	930	
8307	350	
8308	368	
8309	338	
8310	376	
8311	370	
8312	366	
8313	364	
8314	372	
8315	376	
8316	365	
8317	384	
8318	372	
8319	369	
8320	377	
8321	351	
8322	377	
8323	366	
8324	367	
8325	937	
8327	373	
8328	371	
8329	1180	
8330	373	
8331	339	
8332	373	
8333	352	
8334	366	
8335	349	
8336	372	
8337	445	
8338	372	
8339	1131	
8340	370	
8341	371	
8342	395	
8343	565	
8344	377	
8345	1079	
8347	354	
8348	371	
8349	422	
8350	346	
8351	336	
8352	366	
8353	390	
8354	353	
8355	361	
8356	374	
8357	380	
8358	346	
8359	353	
8360	377	
8361	374	
8362	370	
8363	340	
8364	350	
8365	991	
8367	354	
8368	358	
8369	377	
8370	378	
8371	361	
8372	362	
8373	368	
8374	364	
8375	339	
8376	351	
8377	368	
8378	350	
8379	369	
8380	341	
8381	758	
8382	456	
8383	353	
8384	339	
8385	1030	
8387	365	
8388	797	
8389	432	
8390	431	
8391	794	
8392	343	
8393	372	
8394	369	
8395	352	
8396	344	
8397	370	
8398	371	
8399	640	
8400	345	
8401	372	
8402	372	
8403	354	
8404	344	
8405	1006	
8407	356	
8408	341	
8409	369	
8410	452	
8411	391	
8412	342	
8413	342	
8414	365	
8415	401	
8416	510	
8417	368	
8418	365	
8419	360	
8420	373	
8421	365	
8422	363	
8423	354	
8424	339	
8425	991	
8427	378	
8428	379	
8429	371	
8430	380	
8431	723	
8432	352	
8433	348	
8434	373	
8435	374	
8436	385	
8437	383	
8438	379	
8439	373	
8440	382	
8441	349	
8442	379	
8443	381	
8444	386	
8445	1011	
8447	379	
8448	349	
8449	349	
8450	373	
8451	371	
8452	349	
8453	347	
8454	368	
8455	376	
8456	343	
8457	344	
8458	376	
8459	379	
8460	353	
8461	341	
8462	342	
8463	373	
8464	379	
8465	989	
8467	380	
8468	373	
8469	365	
8470	380	
8471	370	
8472	344	
8473	347	
8474	376	
8475	373	
8476	375	
8477	373	
8478	368	
8479	367	
8480	383	
8482	274	
8483	296	
8484	376	
8485	942	
8487	379	
8488	372	
8489	1160	
8490	351	
8491	371	
8492	371	
8493	385	
8494	347	
8495	367	
8496	370	
8497	359	
8498	345	
8499	1112	
8500	377	
8501	376	
8502	769	
8503	652	
8504	368	
8505	977	
8507	374	
8508	366	
8509	392	
8510	347	
8511	373	
8512	378	
8513	467	
8514	372	
8515	368	
8516	544	
8517	517	
8518	1762	
8520	384	
8521	363	
8522	358	
8523	374	
8524	379	
8525	1047	
8527	374	
8528	368	
8529	346	
8530	356	
8531	343	
8532	380	
8533	380	
8534	402	
8535	350	
8536	383	
8537	383	
8538	387	
8539	356	
8540	370	
8541	370	
8542	352	
8543	342	
8544	371	
8545	1479	
8547	343	
8548	371	
8549	369	
8550	383	
8551	339	
8552	338	
8553	381	
8554	379	
8555	378	
8556	371	
8557	368	
8558	367	
8559	336	
8560	371	
8561	368	
8562	361	
8563	341	
8564	367	
8565	997	
8567	380	
8568	374	
8569	376	
8570	387	
8571	768	
8572	433	
8573	375	
8574	414	
8575	401	
8576	349	
8577	374	
8578	375	
8579	345	
8580	356	
8581	374	
8582	391	
8583	279	
8584	276	
8585	983	
8587	311	
8588	281	
8589	295	
8590	280	
8591	279	
8592	280	
8593	295	
8594	296	
8595	354	
8596	365	
8597	377	
8598	370	
8599	352	
8600	356	
8601	781	
8602	442	
8603	369	
8604	397	
8605	1029	
8607	350	
8608	346	
8609	383	
8610	385	
8611	756	
8612	378	
8613	381	
8614	382	
8615	350	
8616	379	
8617	377	
8618	380	
8619	386	
8620	371	
8621	385	
8622	457	
8623	407	
8624	388	
8625	993	
8627	351	
8628	353	
8629	368	
8630	454	
8631	352	
8632	340	
8633	343	
8634	370	
8635	368	
8636	338	
8637	363	
8638	366	
8639	369	
8640	350	
8641	370	
8642	365	
8643	385	
8644	353	
8645	987	
8647	792	
8648	340	
8649	1154	
8650	383	
8651	361	
8652	816	
8653	388	
8654	377	
8655	378	
8656	386	
8657	345	
8658	380	
8659	1114	
8660	344	
8661	342	
8662	376	
8663	380	
8664	348	
8665	1018	
8667	407	
8668	345	
8669	357	
8670	394	
8672	940	
8673	494	
8674	367	
8675	401	
8676	433	
8677	346	
8678	357	
8679	400	
8680	353	
8681	363	
8682	378	
8683	358	
8684	439	
8685	952	
8687	389	
8688	405	
8689	340	
8690	387	
8691	373	
8692	428	
8693	355	
8694	374	
8695	373	
8696	290	
8697	362	
8698	295	
8699	308	
8700	451	
8701	308	
8702	273	
8703	297	
8704	298	
8705	833	
8707	299	
8708	294	
8709	384	
8710	374	
8711	382	
8712	377	
8713	360	
8714	405	
8715	389	
8716	386	
8717	346	
8718	380	
8719	366	
8720	375	
8721	367	
8722	365	
8723	368	
8724	355	
8725	912	
8727	369	
8728	366	
8729	341	
8730	341	
8731	367	
8732	367	
8733	372	
8734	341	
8735	371	
8736	376	
8737	341	
8738	340	
8739	373	
8740	368	
8741	699	
8742	338	
8743	368	
8744	371	
8745	903	
8747	372	
8748	372	
8749	352	
8750	375	
8751	366	
8752	369	
8753	368	
8754	336	
8755	348	
8756	367	
8757	370	
8758	338	
8759	346	
8760	371	
8761	368	
8762	338	
8763	355	
8764	367	
8765	916	
8767	352	
8768	368	
8769	367	
8770	373	
8771	367	
8772	365	
8773	359	
8774	338	
8775	369	
8776	365	
8777	355	
8778	346	
8779	335	
8780	368	
8781	732	
8782	373	
8783	340	
8784	370	
8785	1354	
8787	348	
8788	376	
8789	375	
8790	343	
8791	343	
8792	374	
8793	378	
8794	344	
8795	341	
8796	375	
8797	372	
8798	342	
8799	342	
8800	373	
8801	369	
8802	340	
8803	343	
8804	349	
8805	985	
8807	384	
8808	371	
8809	1211	
8810	405	
8811	362	
8812	369	
8813	368	
8814	371	
8815	350	
8816	376	
8817	381	
8818	392	
8819	1135	
8820	375	
8821	366	
8822	378	
8823	347	
8824	859	
8825	1379	
8827	380	
8828	347	
8829	385	
8830	651	
8832	549	
8833	376	
8834	403	
8835	354	
8836	353	
8837	371	
8838	397	
8839	397	
8840	348	
8841	370	
8842	408	
8843	393	
8844	339	
8845	1039	
8847	449	
8848	375	
8849	379	
8850	405	
8851	376	
8852	370	
8853	364	
8854	372	
8855	360	
8856	356	
8857	374	
8858	383	
8859	356	
8860	389	
8861	381	
8862	379	
8863	484	
8864	368	
8865	1054	
8867	537	
8868	392	
8869	385	
8870	404	
8871	451	
8872	362	
8873	354	
8874	388	
8875	732	
8876	476	
8877	373	
8878	376	
8879	452	
8880	375	
8881	344	
8882	368	
8883	551	
8884	343	
8885	1024	
8887	377	
8888	353	
8889	342	
8890	401	
8891	374	
8892	351	
8893	341	
8894	356	
8895	465	
8896	379	
8897	369	
8898	367	
8899	448	
8900	374	
8901	341	
8902	367	
8903	433	
8904	406	
8905	999	
8907	380	
8908	373	
8909	380	
8910	367	
8911	903	
8912	372	
8913	347	
8914	379	
8915	423	
8916	806	
8917	346	
8918	369	
8919	369	
8920	377	
8921	344	
8922	368	
8923	367	
8924	374	
8925	1055	
8927	372	
8928	373	
8929	376	
8930	359	
8931	364	
8932	407	
8933	345	
8934	361	
8935	369	
8936	435	
8937	377	
8938	360	
8939	367	
8940	360	
8941	361	
8942	372	
8943	369	
8944	462	
8945	983	
8947	372	
8948	488	
8949	365	
8950	340	
8951	736	
8952	580	
8953	770	
8954	342	
8955	376	
8956	375	
8957	374	
8958	384	
8959	379	
8960	475	
8961	344	
8962	377	
8963	388	
8964	439	
8965	1052	
8967	372	
8968	791	
8969	1086	
8970	338	
8971	343	
8972	366	
8973	353	
8974	375	
8975	379	
8976	369	
8977	709	
8978	657	
8979	1114	
8980	495	
8981	362	
8982	342	
8983	381	
8984	373	
8985	1319	
8987	724	
8988	375	
8989	378	
8990	342	
8991	1145	
8993	375	
8994	345	
8995	724	
8996	712	
8997	430	
8998	663	
8999	988	
9000	786	
9002	741	
9003	705	
9004	710	
9005	1011	
9007	714	
9008	1212	
9010	688	
9011	780	
9012	702	
9013	715	
9014	686	
9015	366	
9016	711	
9017	703	
9018	648	
9019	928	
9020	708	
9022	1044	
9024	744	
9025	1016	
9027	683	
9028	1609	
9030	1601	
9033	684	
9034	621	
9035	595	
9036	641	
9037	652	
9038	597	
9039	870	
9040	732	
9041	727	
9042	656	
9043	679	
9044	387	
9045	1336	
9047	385	
9048	1086	
9050	843	
9052	681	
9053	718	
9054	703	
9055	708	
9056	709	
9057	371	
9058	696	
9059	955	
9060	751	
9062	1382	
9064	736	
9065	2200	
9068	1047	
9070	964	
9072	656	
9073	720	
9074	712	
9075	719	
9076	653	
9077	710	
9078	709	
9079	954	
9080	690	
9081	700	
9082	699	
9083	737	
9084	685	
9085	1310	
9087	730	
9088	1141	
9090	716	
9092	1082	
9094	709	
9095	734	
9096	659	
9097	691	
9098	678	
9099	940	
9100	966	
9102	717	
9103	683	
9104	372	
9105	1317	
9107	692	
9108	1056	
9110	972	
9112	701	
9113	666	
9114	726	
9115	744	
9116	689	
9117	661	
9118	702	
9119	380	
9120	352	
9121	1083	
9123	723	
9124	688	
9125	1281	
9127	737	
9128	1500	
9130	1202	
9132	747	
9133	692	
9134	715	
9135	729	
9136	706	
9137	341	
9138	370	
9139	1092	
9140	366	
9141	359	
9142	374	
9143	371	
9144	369	
9145	907	
9147	427	
9148	687	
9149	346	
9150	375	
9151	368	
9152	361	
9153	370	
9154	368	
9155	375	
9156	354	
9157	344	
9158	371	
9159	373	
9160	376	
9161	739	
9162	377	
9163	370	
9164	341	
9165	903	
9167	376	
9168	677	
9169	346	
9170	371	
9171	371	
9172	385	
9173	381	
9174	342	
9175	371	
9176	370	
9177	346	
9178	338	
9179	368	
9180	373	
9181	356	
9182	380	
9183	388	
9184	412	
9185	955	
9187	435	
9188	741	
9189	388	
9190	389	
9191	377	
9192	408	
9193	360	
9194	351	
9195	383	
9196	407	
9197	386	
9198	388	
9199	380	
9200	411	
9201	375	
9202	392	
9203	369	
9204	369	
9205	918	
9207	379	
9208	387	
9209	408	
9210	381	
9211	373	
9212	372	
9213	372	
9214	358	
9215	342	
9216	372	
9217	397	
9218	396	
9219	372	
9220	382	
9221	394	
9222	413	
9223	538	
9224	377	
9225	1050	
9227	350	
9228	370	
9229	433	
9230	361	
9231	338	
9232	369	
9233	424	
9234	550	
9235	363	
9236	371	
9237	432	
9238	398	
9239	383	
9240	373	
9241	421	
9242	395	
9243	350	
9244	363	
9245	1076	
9247	353	
9248	371	
9249	379	
9250	330	
9251	301	
9252	296	
9253	293	
9254	283	
9255	286	
9256	317	
9257	301	
9258	319	
9259	289	
9260	296	
9261	658	
9262	362	
9263	355	
9264	639	
9265	1389	
9267	380	
9268	344	
9269	375	
9270	386	
9271	382	
9272	335	
9273	365	
9274	440	
9275	342	
9276	350	
9277	366	
9278	462	
9279	395	
9280	370	
9281	369	
9282	479	
9283	369	
9284	359	
9285	1078	
9287	383	
9288	364	
9289	1151	
9290	408	
9291	359	
9292	343	
9293	371	
9294	452	
9295	408	
9296	377	
9297	367	
9298	429	
9299	1078	
9300	371	
9301	372	
9302	372	
9303	354	
9304	350	
9305	988	
9307	409	
9308	348	
9309	371	
9310	729	
9312	377	
9313	621	
9314	367	
9315	348	
9316	343	
9317	367	
9318	373	
9319	358	
9320	343	
9321	347	
9322	367	
9323	402	
9324	342	
9325	1002	
9327	427	
9328	374	
9329	359	
9330	373	
9331	433	
9332	349	
9333	366	
9334	368	
9335	394	
9336	348	
9337	382	
9338	369	
9339	479	
9340	382	
9341	367	
9342	373	
9343	562	
9344	411	
9345	957	
9347	440	
9348	395	
9349	378	
9350	581	
9352	404	
9353	364	
9354	392	
9355	438	
9356	389	
9357	381	
9358	369	
9359	416	
9360	403	
9361	344	
9362	347	
9363	408	
9364	361	
9365	973	
9367	373	
9368	437	
9369	371	
9370	385	
9371	369	
9372	413	
9373	362	
9374	380	
9375	374	
9376	391	
9377	365	
9378	367	
9379	366	
9380	355	
9381	360	
9382	372	
9383	371	
9384	363	
9385	991	
9387	380	
9388	408	
9389	398	
9390	375	
9391	411	
9392	393	
9393	438	
9394	371	
9395	369	
9396	403	
9397	358	
9398	338	
9399	369	
9400	499	
9401	619	
9402	380	
9403	380	
9404	437	
9405	1090	
9407	380	
9408	370	
9409	342	
9410	342	
9411	357	
9412	368	
9413	380	
9414	337	
9415	384	
9416	368	
9417	372	
9418	357	
9419	369	
9420	378	
9421	722	
9422	609	
9423	377	
9424	372	
9425	1008	
9427	375	
9428	372	
9429	338	
9430	366	
9431	733	
9432	801	
9433	437	
9434	360	
9435	381	
9436	386	
9437	386	
9438	382	
9439	347	
9440	383	
9441	387	
9442	358	
9443	347	
9444	381	
9445	972	
9447	384	
9448	382	
9449	1098	
9450	370	
9451	380	
9452	395	
9453	383	
9454	390	
9455	384	
9456	383	
9457	374	
9458	349	
9459	1064	
9460	391	
9461	769	
9462	395	
9463	347	
9464	372	
9465	984	
9467	343	
9468	379	
9469	369	
9470	428	
9471	717	
9472	373	
9473	373	
9474	357	
9475	340	
9476	374	
9477	371	
9478	353	
9479	348	
9480	353	
9481	296	
9482	273	
9483	585	
9484	367	
9485	992	
9487	347	
9488	348	
9489	370	
9490	375	
9491	369	
9492	366	
9493	371	
9494	363	
9495	336	
9496	353	
9497	368	
9498	365	
9499	339	
9500	378	
9501	369	
9502	367	
9503	376	
9504	369	
9505	985	
9507	345	
9508	339	
9509	376	
9510	373	
9511	735	
9512	342	
9513	372	
9514	373	
9515	382	
9516	341	
9517	372	
9518	373	
9519	377	
9520	341	
9521	370	
9522	372	
9523	337	
9524	337	
9525	986	
9527	354	
9528	345	
9529	369	
9530	466	
9531	372	
9532	375	
9533	382	
9534	402	
9535	393	
9536	369	
9537	349	
9538	366	
9539	358	
9540	349	
9541	361	
9542	371	
9543	370	
9544	372	
9545	988	
9547	357	
9548	342	
9549	370	
9550	463	
9551	811	
9552	419	
9553	384	
9554	371	
9555	371	
9556	365	
9557	340	
9558	368	
9559	457	
9560	402	
9561	719	
9562	3215	
9565	1005	
9567	450	
9568	382	
9569	341	
9570	371	
9571	491	
9572	370	
9573	338	
9574	365	
9575	431	
9576	361	
9577	350	
9578	367	
9579	457	
9580	363	
9581	361	
9582	368	
9583	439	
9584	309	
9585	851	
9587	300	
9588	311	
9589	298	
9590	642	
9592	301	
9593	301	
9594	291	
9595	296	
9596	360	
9597	359	
9598	392	
9599	721	
9600	370	
9601	363	
9602	347	
9603	374	
9604	337	
9605	902	
9607	375	
9608	365	
9609	1146	
9610	379	
9611	373	
9612	392	
9613	378	
9614	346	
9615	369	
9616	418	
9617	372	
9618	348	
9619	1226	
9620	398	
9621	390	
9622	353	
9623	366	
9624	466	
9625	909	
9627	369	
9628	473	
9629	692	
9630	384	
9631	370	
9632	483	
9633	367	
9634	337	
9635	378	
9636	470	
9637	407	
9638	340	
9639	370	
9640	406	
9641	350	
9642	385	
9643	377	
9644	408	
9645	996	
9647	380	
9648	385	
9649	382	
9650	691	
9651	691	
9652	372	
9653	345	
9654	663	
9655	344	
9656	366	
9657	340	
9658	337	
9659	574	
9660	375	
9661	368	
9662	347	
9663	375	
9664	369	
9665	1080	
9667	360	
9668	369	
9669	368	
9670	341	
9671	359	
9672	367	
9673	356	
9674	338	
9675	371	
9676	368	
9677	349	
9678	367	
9679	349	
9680	369	
9681	366	
9682	338	
9683	335	
9684	381	
9685	1904	
9688	379	
9689	381	
9690	345	
9691	371	
9692	370	
9693	379	
9694	364	
9695	340	
9696	371	
9697	312	
9698	298	
9699	294	
9700	293	
9701	290	
9702	279	
9703	281	
9704	267	
9705	910	
9707	324	
9708	569	
9709	365	
9710	390	
9711	369	
9712	354	
9713	367	
9714	376	
9715	372	
9716	366	
9717	365	
9718	371	
9719	359	
9720	369	
9721	366	
9722	346	
9723	337	
9724	365	
9725	989	
9727	348	
9728	372	
9729	374	
9730	371	
9731	748	
9732	358	
9733	769	
9734	382	
9735	353	
9736	345	
9737	375	
9738	380	
9739	361	
9740	372	
9741	372	
9742	370	
9743	347	
9744	341	
9745	1040	
9747	349	
9748	371	
9749	375	
9750	375	
9751	369	
9752	358	
9753	376	
9754	367	
9755	365	
9756	345	
9757	352	
9758	375	
9759	377	
9760	343	
9761	361	
9762	366	
9763	372	
9764	350	
9765	986	
9767	375	
9768	349	
9769	1144	
9770	443	
9771	367	
9772	347	
9773	373	
9774	388	
9775	359	
9776	379	
9777	387	
9778	374	
9779	1156	
9780	340	
9781	339	
9782	371	
9783	388	
9784	382	
9785	978	
9787	451	
9788	346	
9789	370	
9790	370	
9791	452	
9792	360	
9793	351	
9794	390	
9795	444	
9796	383	
9797	368	
9798	366	
9799	473	
9800	351	
9801	360	
9802	367	
9803	454	
9804	386	
9805	956	
9807	431	
9808	384	
9809	347	
9810	371	
9811	370	
9812	344	
9813	372	
9814	373	
9815	371	
9816	342	
9817	344	
9818	375	
9819	373	
9820	353	
9821	345	
9822	371	
9823	372	
9824	361	
9825	986	
9827	372	
9828	610	
9829	376	
9830	370	
9831	366	
9832	352	
9833	346	
9834	338	
9835	367	
9836	410	
9837	342	
9838	349	
9839	369	
9840	356	
9841	348	
9842	364	
9843	385	
9844	437	
9845	1004	
9847	369	
9848	554	
9849	388	
9850	378	
9851	367	
9852	362	
9853	349	
9854	338	
9855	378	
9856	351	
9857	385	
9858	457	
9859	756	
9860	370	
9861	344	
9862	386	
9863	375	
9864	372	
9865	922	
9867	712	
9868	431	
9869	415	
9870	373	
9871	379	
9872	383	
9873	471	
9874	351	
9875	385	
9876	373	
9877	523	
9878	381	
9879	344	
9880	501	
9881	515	
9882	340	
9883	357	
9884	370	
9885	939	
9887	371	
9888	371	
9889	354	
9890	352	
9891	388	
9892	368	
9893	368	
9894	358	
9895	376	
9896	381	
9897	358	
9898	356	
9899	376	
9900	370	
9901	748	
9902	366	
9903	390	
9904	381	
9905	1131	
9907	388	
9908	380	
9909	387	
9910	356	
9911	348	
9912	378	
9913	380	
9914	356	
9915	350	
9916	370	
9917	374	
9918	336	
9919	337	
9920	365	
9921	368	
9922	336	
9923	347	
9924	371	
9925	1028	
9927	370	
9928	365	
9929	1146	
9930	341	
9931	344	
9932	368	
9933	375	
9934	360	
9935	382	
9936	370	
9937	374	
9938	352	
9939	1063	
9940	380	
9941	372	
9942	378	
9943	379	
9944	377	
9945	970	
9947	359	
9948	347	
9949	391	
9950	360	
9951	513	
9952	352	
9953	383	
9954	379	
9955	372	
9956	345	
9957	383	
9958	373	
9959	376	
9960	344	
9961	375	
9962	371	
9963	342	
9964	349	
9965	1046	
9967	345	
9968	349	
9969	372	
9970	355	
9971	343	
9972	339	
9973	371	
9974	376	
9975	359	
9976	339	
9977	364	
9978	372	
9979	373	
9980	347	
9981	367	
9982	373	
9983	358	
9984	368	
9985	1041	
9987	359	
9988	336	
9989	367	
9990	372	
9991	731	
9992	379	
9993	371	
9994	374	
9995	346	
9996	340	
9997	340	
9998	376	
9999	368	
10000	351	
10001	372	
10002	374	
10003	340	
10004	377	
10005	979	
10007	378	
10008	373	
10009	338	
10010	369	
10011	369	
10012	343	
10013	336	
10014	366	
10015	369	
10016	460	
10017	457	
10018	492	
10019	499	
10020	455	
10021	468	
10022	489	
10023	489	
10024	490	
10025	1255	
10027	494	
10028	455	
10029	452	
10030	496	
10031	387	
10032	374	
10033	386	
10034	388	
10035	484	
10036	685	
10037	290	
10038	302	
10039	300	
10040	311	
10041	315	
10042	450	
10043	378	
10044	384	
10045	1350	
10047	380	
10048	380	
10049	369	
10050	386	
10051	562	
10052	400	
10053	394	
10054	679	
10055	378	
10056	383	
10057	352	
10058	355	
10059	382	
10060	379	
10061	350	
10062	361	
10063	377	
10064	376	
10065	1005	
10067	375	
10068	374	
10069	343	
10070	387	
10071	372	
10072	372	
10073	374	
10074	374	
10075	375	
10076	375	
10077	349	
10078	344	
10079	367	
10080	380	
10081	358	
10082	378	
10083	371	
10084	372	
10085	965	
10087	378	
10088	377	
10089	1151	
10090	379	
10091	371	
10092	752	
10093	350	
10094	345	
10095	338	
10096	459	
10097	461	
10098	364	
10099	1132	
10100	373	
10101	415	
10102	405	
10103	375	
10104	373	
10105	1030	
10107	350	
10108	370	
10109	479	
10110	453	
10111	338	
10112	365	
10113	443	
10114	355	
10115	349	
10116	369	
10117	428	
10118	373	
10119	339	
10120	374	
10121	367	
10122	400	
10123	369	
10124	367	
10125	1026	
10127	347	
10128	354	
10129	370	
10130	374	
10131	353	
10132	365	
10133	367	
10134	360	
10135	339	
10136	370	
10137	371	
10138	422	
10139	373	
10140	372	
10141	291	
10142	366	
10143	278	
10144	292	
10145	989	
10147	311	
10148	273	
10149	294	
10150	322	
10151	327	
10152	278	
10153	298	
10154	325	
10155	393	
10156	351	
10157	383	
10158	382	
10159	355	
10160	373	
10161	383	
10162	385	
10163	358	
10164	354	
10165	1019	
10167	360	
10168	351	
10169	381	
10170	381	
10171	383	
10172	347	
10173	362	
10174	380	
10175	383	
10176	379	
10177	363	
10178	381	
10179	378	
10180	384	
10181	380	
10182	379	
10183	368	
10184	353	
10185	1007	
10187	372	
10188	371	
10189	367	
10190	373	
10191	691	
10192	336	
10193	335	
10194	367	
10195	342	
10196	339	
10197	340	
10198	370	
10199	372	
10200	369	
10201	758	
10202	372	
10203	571	
10204	761	
10205	995	
10207	374	
10208	347	
10209	342	
10210	367	
10211	370	
10212	345	
10213	339	
10214	368	
10215	368	
10216	620	
10217	367	
10218	337	
10219	365	
10220	365	
10221	366	
10222	335	
10223	364	
10224	366	
10225	911	
10227	370	
10228	373	
10229	354	
10230	372	
10231	370	
10232	367	
10233	341	
10234	355	
10235	368	
10236	367	
10237	370	
10238	367	
10239	366	
0	340	
1	335	
2	339	
3	368	
4	367	
5	924	
7	368	
8	368	
9	1062	
10	345	
11	373	
12	294	
13	306	
14	271	
15	297	
16	294	
17	529	
18	525	
19	1102	
20	310	
21	392	
22	288	
23	382	
24	380	
25	1115	
27	362	
28	380	
29	458	
30	361	
31	348	
32	374	
33	467	
34	385	
35	361	
36	377	
37	429	
38	351	
39	374	
40	377	
41	378	
42	358	
43	355	
44	377	
45	1173	
47	382	
48	379	
49	376	
50	359	
51	343	
52	369	
53	384	
54	355	
55	388	
56	379	
57	377	
58	385	
59	358	
60	384	
61	379	
62	362	
63	384	
64	387	
65	1011	
67	360	
68	392	
69	386	
70	601	
72	375	
73	373	
74	352	
75	379	
76	341	
77	634	
78	415	
79	383	
80	341	
81	371	
82	435	
83	350	
84	342	
85	1067	
87	369	
88	368	
89	366	
90	394	
91	353	
92	337	
93	376	
94	479	
95	379	
96	367	
97	367	
98	446	
99	364	
100	372	
101	367	
102	414	
103	380	
104	344	
105	985	
107	380	
108	345	
109	366	
110	475	
111	425	
112	375	
113	386	
114	380	
115	407	
116	365	
117	379	
118	381	
119	688	
120	359	
121	891	
122	413	
123	467	
124	378	
125	1000	
127	469	
128	365	
129	361	
130	386	
131	385	
132	391	
133	351	
134	385	
135	382	
136	622	
137	788	
138	376	
139	386	
140	344	
141	339	
142	379	
143	377	
144	377	
145	1049	
147	370	
148	362	
149	341	
150	369	
151	369	
152	340	
153	338	
154	340	
155	366	
156	386	
157	352	
158	371	
159	372	
160	350	
161	369	
162	372	
163	367	
164	371	
165	970	
167	379	
168	363	
169	1068	
170	385	
171	434	
172	355	
173	788	
174	387	
175	372	
176	374	
177	375	
178	365	
179	1148	
180	340	
181	396	
182	356	
183	372	
184	410	
185	1001	
187	400	
188	784	
189	341	
190	378	
191	724	
192	397	
193	376	
194	374	
195	368	
196	369	
197	735	
198	349	
199	356	
200	421	
201	359	
202	352	
203	348	
204	379	
205	961	
207	351	
208	379	
209	410	
210	370	
211	386	
212	382	
213	386	
214	430	
215	407	
216	370	
217	393	
218	377	
219	364	
220	386	
221	381	
222	666	
223	715	
224	383	
225	999	
227	368	
228	383	
229	380	
230	355	
231	778	
232	385	
233	384	
234	354	
235	382	
236	384	
237	385	
238	362	
239	366	
240	386	
241	309	
242	313	
243	283	
244	313	
245	907	
247	367	
248	350	
249	387	
250	351	
251	360	
252	352	
253	391	
254	389	
255	394	
256	386	
257	376	
258	385	
259	381	
260	374	
261	378	
262	383	
263	384	
264	348	
265	1472	
267	354	
268	342	
269	368	
270	417	
271	377	
272	358	
273	368	
274	432	
275	410	
276	378	
277	369	
278	367	
279	391	
280	354	
281	361	
282	378	
283	372	
284	372	
285	994	
287	368	
288	346	
289	367	
290	390	
291	404	
292	384	
293	397	
294	384	
295	371	
296	372	
297	377	
298	380	
299	460	
300	348	
301	740	
302	766	
303	349	
304	344	
305	992	
307	360	
308	386	
309	356	
310	380	
311	387	
312	352	
313	365	
314	674	
315	473	
316	346	
317	342	
318	366	
319	403	
320	363	
321	348	
322	369	
323	369	
324	529	
325	1084	
327	374	
328	377	
329	1066	
330	380	
331	379	
332	389	
333	360	
334	375	
335	358	
336	354	
337	349	
338	361	
339	1130	
340	384	
341	373	
342	370	
343	370	
344	361	
345	948	
347	387	
348	299	
349	306	
350	288	
351	594	
352	298	
353	299	
354	274	
355	313	
356	296	
357	275	
358	294	
359	370	
360	368	
361	734	
362	342	
363	371	
364	372	
365	963	
367	377	
368	386	
369	358	
370	376	
371	387	
372	379	
373	380	
374	375	
375	347	
376	371	
377	355	
378	353	
379	337	
380	372	
381	378	
382	339	
383	336	
384	366	
385	955	
387	356	
388	371	
389	375	
390	377	
391	369	
392	370	
393	369	
394	343	
395	366	
396	368	
397	366	
398	372	
399	352	
400	386	
401	380	
402	372	
403	348	
404	385	
405	1014	
407	373	
408	369	
409	368	
410	385	
411	361	
412	385	
413	386	
414	359	
415	351	
416	387	
417	386	
418	349	
419	384	
420	350	
421	761	
422	384	
423	354	
424	350	
425	1007	
427	398	
428	368	
429	1130	
430	386	
431	353	
432	377	
433	375	
434	374	
435	342	
436	341	
437	373	
438	365	
439	377	
440	373	
441	367	
442	370	
443	343	
444	337	
445	1010	
447	354	
448	341	
449	337	
450	366	
451	353	
452	343	
453	372	
454	365	
455	344	
456	378	
457	372	
458	366	
459	384	
460	280	
461	283	
462	292	
463	296	
464	274	
465	969	
467	304	
468	278	
469	297	
470	298	
471	746	
472	384	
473	342	
474	374	
475	375	
476	386	
477	350	
478	382	
479	398	
480	364	
481	379	
482	381	
483	405	
484	369	
485	967	
487	392	
488	395	
489	1177	
490	383	
491	387	
492	356	
493	354	
494	351	
495	384	
496	352	
497	353	
498	351	
499	1141	
500	387	
501	382	
502	350	
503	383	
504	357	
505	1000	
507	387	
508	394	
509	388	
510	389	
511	383	
512	387	
513	354	
514	375	
515	384	
516	384	
517	370	
518	359	
519	379	
520	387	
521	381	
522	379	
523	383	
524	378	
525	929	
527	385	
528	382	
529	364	
530	390	
531	388	
532	389	
533	356	
534	354	
535	390	
536	383	
537	387	
538	352	
539	384	
540	383	
541	725	
542	351	
543	615	
544	751	
545	925	
547	365	
548	372	
549	428	
550	369	
551	343	
552	366	
553	446	
554	387	
555	371	
556	365	
557	484	
558	362	
559	337	
560	366	
561	479	
562	363	
563	352	
564	368	
565	1101	
567	360	
568	377	
569	389	
570	471	
571	768	
572	460	
573	366	
574	341	
575	336	
576	363	
577	367	
578	356	
579	362	
580	374	
581	368	
582	365	
583	343	
584	367	
585	996	
587	385	
588	372	
589	372	
590	353	
591	565	
592	346	
593	374	
594	450	
595	351	
596	371	
597	387	
598	448	
599	401	
600	338	
601	734	
602	422	
603	390	
604	383	
605	1007	
607	362	
608	351	
609	382	
610	378	
611	353	
612	349	
613	383	
614	387	
615	359	
616	361	
617	380	
618	382	
619	386	
620	353	
621	362	
622	380	
623	352	
624	351	
625	998	
627	387	
628	357	
629	382	
630	353	
631	353	
632	361	
633	547	
634	383	
635	360	
636	355	
637	382	
638	382	
639	363	
640	607	
641	351	
642	370	
643	347	
644	347	
645	971	
647	399	
648	444	
649	1168	
650	372	
651	490	
652	374	
653	354	
654	378	
655	474	
656	405	
657	348	
658	375	
659	1183	
660	368	
661	344	
662	380	
663	375	
664	761	
665	1174	
667	371	
668	385	
669	383	
670	380	
671	377	
672	347	
673	351	
674	354	
675	382	
676	379	
677	351	
678	361	
679	380	
680	360	
681	360	
682	364	
683	382	
684	389	
685	1013	
687	379	
688	371	
689	367	
690	388	
691	305	
692	294	
693	282	
694	344	
695	385	
696	377	
697	377	
698	358	
699	399	
700	381	
701	757	
702	384	
703	392	
704	596	
705	1315	
707	383	
708	380	
709	389	
710	371	
711	372	
712	384	
713	379	
714	661	
715	340	
716	372	
717	373	
718	374	
719	371	
720	366	
721	373	
722	345	
723	335	
724	369	
725	973	
727	341	
728	370	
729	370	
730	367	
731	340	
732	381	
733	376	
734	380	
735	363	
736	368	
737	377	
738	363	
739	343	
740	376	
741	380	
742	363	
743	348	
744	371	
745	1005	
747	367	
748	360	
749	368	
750	687	
752	374	
753	367	
754	389	
755	342	
756	371	
757	368	
758	364	
759	348	
760	374	
761	386	
762	356	
763	356	
764	384	
765	1004	
767	381	
768	374	
769	371	
770	375	
771	777	
772	340	
773	369	
774	385	
775	344	
776	375	
777	372	
778	380	
779	359	
780	350	
781	374	
782	373	
783	389	
784	374	
785	1123	
787	375	
788	567	
789	339	
790	367	
791	342	
792	351	
793	271	
794	298	
795	295	
796	302	
797	278	
798	296	
799	288	
800	307	
801	326	
802	296	
803	308	
804	370	
805	993	
807	365	
808	340	
809	1142	
810	372	
811	353	
812	340	
813	369	
814	368	
815	376	
816	375	
817	373	
818	370	
819	1461	
821	382	
822	384	
823	377	
824	344	
825	1042	
827	467	
828	382	
829	346	
830	374	
831	404	
832	414	
833	345	
834	371	
835	440	
836	794	
837	485	
838	335	
839	369	
840	359	
841	352	
842	339	
843	68548	
845	2696	
849	412	
850	445	
851	736	
852	368	
853	380	
854	345	
855	370	
856	367	
857	349	
858	370	
859	375	
860	379	
861	740	
862	354	
863	384	
864	384	
865	1125	
867	387	
868	378	
869	348	
870	380	
871	740	
872	377	
873	379	
874	351	
875	373	
876	376	
877	376	
878	376	
879	343	
880	373	
881	378	
882	373	
883	376	
884	375	
885	998	
887	346	
888	375	
889	376	
890	343	
891	336	
892	367	
893	381	
894	344	
895	365	
896	367	
897	368	
898	370	
899	369	
900	372	
901	508	
902	410	
903	274	
904	277	
905	1439	
907	292	
908	295	
909	293	
910	308	
911	274	
912	299	
913	304	
914	300	
915	311	
916	367	
917	371	
918	375	
919	341	
920	348	
921	374	
922	380	
923	354	
924	376	
925	1021	
927	394	
928	371	
929	389	
930	761	
932	371	
933	372	
934	655	
935	371	
936	341	
937	370	
938	375	
939	340	
940	348	
941	369	
942	367	
943	359	
944	341	
945	990	
947	388	
948	371	
949	369	
950	761	
952	363	
953	339	
954	367	
955	396	
956	346	
957	346	
958	365	
959	736	
960	340	
961	353	
962	375	
963	435	
964	365	
965	992	
967	474	
968	370	
969	1173	
970	721	
972	386	
973	350	
974	402	
975	386	
976	380	
977	365	
978	382	
979	1171	
980	377	
981	379	
982	737	
983	379	
984	389	
985	1000	
987	382	
988	348	
989	349	
990	378	
991	748	
992	346	
993	377	
994	382	
995	373	
996	376	
997	376	
998	374	
999	371	
1000	376	
1001	343	
1002	343	
1003	373	
1004	375	
1005	962	
1007	624	
1008	390	
1009	548	
1010	1208	
1012	411	
1013	411	
1014	373	
1015	365	
1016	398	
1017	394	
1018	345	
1019	351	
1020	363	
1021	352	
1022	351	
1023	371	
1024	367	
1025	1047	
1027	373	
1028	375	
1029	359	
1030	377	
1031	367	
1032	365	
1033	774	
1034	424	
1035	372	
1036	367	
1037	346	
1038	344	
1039	373	
1040	546	
1041	371	
1042	346	
1043	374	
1044	374	
1045	988	
1047	376	
1048	369	
1049	372	
1050	343	
1051	717	
1052	369	
1053	369	
1054	341	
1055	367	
1056	375	
1057	374	
1058	340	
1059	341	
1060	371	
1061	367	
1062	367	
1063	336	
1064	368	
1065	969	
1067	617	
1068	368	
1069	369	
1070	408	
1071	337	
1072	345	
1073	375	
1074	400	
1075	369	
1076	370	
1077	373	
1078	393	
1079	359	
1080	448	
1081	781	
1082	442	
1083	378	
1084	371	
1085	1021	
1087	343	
1088	369	
1089	366	
1090	347	
1091	341	
1092	370	
1093	372	
1094	373	
1095	376	
1096	377	
1097	372	
1098	347	
1099	365	
1100	344	
1101	737	
1102	391	
1103	351	
1104	351	
1105	1041	
1107	363	
1108	351	
1109	379	
1110	780	
1112	380	
1113	367	
1114	367	
1115	351	
1116	768	
1117	667	
1118	368	
1119	343	
1120	341	
1121	335	
1122	368	
1123	369	
1124	338	
1125	982	
1127	372	
1128	432	
1129	1296	
1131	368	
1132	369	
1133	345	
1134	366	
1135	350	
1136	341	
1137	357	
1138	365	
1139	1318	
1141	367	
1142	389	
1143	370	
1144	456	
1145	1044	
1147	402	
1148	373	
1149	345	
1150	373	
1151	379	
1152	366	
1153	373	
1154	375	
1155	370	
1156	341	
1157	343	
1158	775	
1159	380	
1160	376	
1161	673	
1162	369	
1163	369	
1164	371	
1165	924	
1167	367	
1168	373	
1169	347	
1170	383	
1171	369	
1172	372	
1173	373	
1174	336	
1175	367	
1176	370	
1177	349	
1178	369	
1179	365	
1180	375	
1181	371	
1182	350	
1183	367	
1184	368	
1185	911	
1187	368	
1188	367	
1189	354	
1190	373	
1191	368	
1192	374	
1193	398	
1194	371	
1195	378	
1196	353	
1197	341	
1198	337	
1199	371	
1200	378	
1201	349	
1202	367	
1203	397	
1204	469	
1205	1011	
1207	386	
1208	420	
1209	455	
1210	665	
1212	378	
1213	379	
1214	350	
1215	368	
1216	369	
1217	344	
1218	343	
1219	337	
1220	381	
1221	345	
1222	356	
1223	335	
1224	367	
1225	1036	
1227	374	
1228	367	
1229	458	
1230	362	
1231	336	
1232	369	
1233	477	
1234	362	
1235	361	
1236	369	
1237	483	
1238	389	
1239	365	
1240	404	
1241	317	
1242	358	
1243	310	
1244	301	
1245	1205	
1247	372	
1248	389	
1249	390	
1250	350	
1251	752	
1252	375	
1253	377	
1254	352	
1255	344	
1256	379	
1257	396	
1258	360	
1259	360	
1260	344	
1261	375	
1262	345	
1263	363	
1264	349	
1265	1070	
1267	375	
1268	388	
1269	373	
1270	415	
1271	378	
1272	344	
1273	371	
1274	439	
1275	376	
1276	383	
1277	377	
1278	487	
1279	394	
1280	372	
1281	370	
1282	369	
1283	339	
1284	352	
1285	1004	
1287	342	
1288	339	
1289	2054	
1292	385	
1293	371	
1294	443	
1295	364	
1296	345	
1297	366	
1298	429	
1299	1083	
1300	374	
1301	375	
1302	373	
1303	371	
1304	351	
1305	997	
1307	763	
1308	377	
1309	375	
1310	370	
1311	814	
1312	360	
1313	348	
1314	372	
1315	351	
1316	340	
1317	378	
1318	398	
1319	377	
1320	371	
1321	340	
1322	388	
1323	371	
1324	366	
1325	1028	
1327	385	
1328	697	
1329	340	
1330	371	
1331	378	
1332	347	
1333	338	
1334	366	
1335	382	
1336	357	
1337	346	
1338	380	
1339	374	
1340	385	
1341	369	
1342	368	
1343	376	
1344	367	
1345	921	
1347	299	
1348	366	
1349	339	
1350	479	
1351	303	
1352	300	
1353	273	
1354	312	
1355	317	
1356	281	
1357	305	
1358	373	
1359	530	
1360	381	
1361	364	
1362	343	
1363	371	
1364	377	
1365	1027	
1367	377	
1368	374	
1369	371	
1370	348	
1371	378	
1372	339	
1373	348	
1374	371	
1375	368	
1376	369	
1377	340	
1378	335	
1379	365	
1380	348	
1381	830	
1382	539	
1383	379	
1384	380	
1385	1072	
1387	375	
1388	367	
1389	381	
1390	382	
1391	374	
1392	461	
1393	417	
1394	358	
1395	383	
1396	374	
1397	374	
1398	340	
1399	370	
1400	377	
1401	344	
1402	348	
1403	375	
1404	378	
1405	973	
1407	384	
1408	376	
1409	350	
1410	371	
1411	747	
1412	378	
1413	382	
1414	349	
1415	346	
1416	380	
1417	375	
1418	376	
1419	346	
1420	381	
1421	378	
1422	343	
1423	402	
1424	381	
1425	997	
1427	360	
1428	374	
1429	371	
1430	346	
1431	341	
1432	371	
1433	372	
1434	345	
1435	361	
1436	372	
1437	370	
1438	383	
1439	381	
1440	373	
1441	374	
1442	393	
1443	375	
1444	359	
1445	1126	
1447	380	
1448	377	
1449	1255	
1450	353	
1451	342	
1452	375	
1453	383	
1454	353	
1455	391	
1456	374	
1457	304	
1458	284	
1459	1016	
1460	277	
1461	298	
1462	351	
1463	291	
1464	299	
1465	1004	
1467	336	
1468	368	
1469	381	
1470	386	
1471	349	
1472	365	
1473	377	
1474	453	
1475	349	
1476	351	
1477	372	
1478	445	
1479	354	
1480	387	
1481	382	
1482	438	
1483	407	
1484	353	
1485	1019	
1487	395	
1488	364	
1489	389	
1490	397	
1491	385	
1492	401	
1493	352	
1494	381	
1495	363	
1496	357	
1497	369	
1498	370	
1499	365	
1500	352	
1501	399	
1502	371	
1503	402	
1504	391	
1505	1010	
1507	374	
1508	357	
1509	372	
1510	371	
1511	803	
1512	347	
1513	341	
1514	385	
1515	373	
1516	354	
1517	342	
1518	373	
1519	377	
1520	519	
1521	764	
1522	373	
1523	372	
1524	353	
1525	977	
1527	376	
1528	338	
1529	341	
1530	370	
1531	399	
1532	391	
1533	373	
1534	379	
1535	371	
1536	424	
1537	351	
1538	369	
1539	367	
1540	411	
1541	344	
1542	335	
1543	369	
1544	408	
1545	924	
1547	374	
1548	398	
1549	344	
1550	375	
1551	374	
1552	571	
1553	369	
1554	368	
1555	374	
1556	420	
1557	369	
1558	369	
1559	370	
1560	381	
1561	391	
1562	380	
1563	390	
1564	346	
1565	1063	
1567	383	
1568	381	
1569	349	
1570	358	
1571	379	
1572	456	
1573	389	
1574	346	
1575	367	
1576	439	
1577	371	
1578	343	
1579	370	
1580	496	
1581	368	
1582	340	
1583	367	
1584	368	
1585	1023	
1587	381	
1588	368	
1589	385	
1590	349	
1591	340	
1592	366	
1593	394	
1594	364	
1595	365	
1596	370	
1597	387	
1598	347	
1599	357	
1600	416	
1601	381	
1602	387	
1603	382	
1604	369	
1605	1079	
1607	370	
1608	367	
1609	1202	
1610	352	
1611	369	
1612	384	
1613	408	
1614	407	
1615	347	
1616	371	
1617	377	
1618	357	
1619	1136	
1620	370	
1621	401	
1622	356	
1623	352	
1624	373	
1625	1508	
1627	354	
1628	372	
1629	390	
1630	429	
1631	396	
1632	374	
1633	369	
1634	490	
1635	352	
1636	367	
1637	369	
1638	393	
1639	344	
1640	348	
1641	373	
1642	367	
1643	348	
1644	367	
1645	1052	
1647	353	
1648	345	
1649	369	
1650	362	
1651	382	
1652	369	
1653	369	
1654	460	
1655	350	
1656	368	
1657	366	
1658	470	
1659	397	
1660	396	
1661	378	
1662	468	
1663	401	
1664	350	
1665	991	
1667	384	
1668	381	
1669	377	
1670	526	
1671	779	
1672	348	
1673	374	
1674	370	
1675	357	
1676	345	
1677	371	
1678	375	
1679	381	
1680	339	
1681	385	
1682	376	
1683	389	
1684	353	
1685	997	
1687	398	
1688	355	
1689	336	
1690	389	
1691	433	
1692	344	
1693	369	
1694	368	
1695	401	
1696	356	
1697	337	
1698	375	
1699	367	
1700	406	
1701	371	
1702	370	
1703	482	
1704	396	
1705	981	
1707	452	
1708	381	
1709	355	
1710	731	
1712	531	
1713	373	
1714	370	
1715	389	
1716	369	
1717	390	
1718	378	
1719	727	
1720	829	
1722	742	
1723	902	
1724	822	
1725	1319	
1727	1084	
1729	728	
1730	711	
1732	779	
1733	846	
1734	1331	
1736	989	
1738	1593	
1740	371	
1741	674	
1742	711	
1743	868	
1744	701	
1745	1221	
1747	1118	
1749	695	
1750	370	
1751	703	
1752	706	
1753	808	
1754	670	
1755	1320	
1757	414	
1758	347	
1759	1446	
1761	718	
1762	681	
1763	878	
1764	722	
1765	2251	
1768	871	
1769	1422	
1771	886	
1772	713	
1773	1214	
1775	1401	
1777	1060	
1779	1471	
1781	1083	
1783	898	
1784	1325	
1786	888	
1787	943	
1788	1690	
1790	718	
1792	1035	
1794	606	
1795	614	
1796	302	
1797	929	
1798	1196	
1800	712	
1801	367	
1802	366	
1803	818	
1804	367	
1805	1468	
1807	371	
1808	338	
1809	368	
1810	667	
1812	355	
1813	450	
1814	689	
1815	376	
1816	380	
1817	368	
1818	370	
1819	733	
1820	797	
1822	765	
1823	799	
1824	705	
1825	1457	
1827	1084	
1829	730	
1830	715	
1832	1074	
1834	1308	
1836	671	
1837	1113	
1839	358	
1840	340	
1841	1165	
1843	1519	
1845	1344	
1847	1087	
1849	1124	
1850	687	
1852	348	
1853	680	
1854	685	
1855	668	
1856	667	
1857	1000	
1859	1172	
1860	1471	
1862	544	
1863	387	
1864	359	
1865	1002	
1867	371	
1868	370	
1869	355	
1870	700	
1872	342	
1873	371	
1874	373	
1875	370	
1876	354	
1877	370	
1878	369	
1879	715	
1880	695	
1881	351	
1882	375	
1883	375	
1884	444	
1885	986	
1887	1049	
1889	382	
1890	401	
1891	756	
1892	375	
1893	347	
1894	717	
1895	734	
1896	388	
1897	343	
1898	368	
1899	382	
1900	373	
1901	338	
1902	338	
1903	296	
1904	630	
1905	885	
1907	301	
1908	313	
1909	308	
1910	1047	
1912	290	
1913	284	
1914	725	
1915	370	
1916	395	
1917	382	
1918	391	
1919	1157	
1920	727	
1922	369	
1923	370	
1924	698	
1925	964	
1927	1141	
1929	1495	
1931	724	
1932	779	
1933	933	
1934	699	
1935	747	
1936	688	
1937	1027	
1939	1175	
1940	398	
1941	394	
1942	353	
1943	382	
1944	394	
1945	1026	
1947	377	
1948	374	
1949	369	
1950	741	
1952	380	
1953	709	
1954	368	
1955	362	
1956	379	
1957	434	
1958	390	
1959	740	
1960	383	
1961	466	
1962	353	
1963	358	
1964	376	
1965	1105	
1967	1046	
1969	407	
1970	364	
1971	376	
1972	375	
1973	377	
1974	356	
1975	741	
1976	375	
1977	387	
1978	362	
1979	756	
1980	381	
1981	387	
1982	375	
1983	353	
1984	380	
1985	1089	
1987	387	
1988	380	
1989	392	
1990	708	
1992	401	
1993	389	
1994	366	
1995	571	
1996	390	
1997	1107	
1999	386	
2000	376	
2001	376	
2002	347	
2003	342	
2004	335	
2005	991	
2007	382	
2008	545	
2009	374	
2010	699	
2012	378	
2013	889	
2014	372	
2015	369	
2016	353	
2017	368	
2018	361	
2019	341	
2020	375	
2021	383	
2022	356	
2023	352	
2024	371	
2025	1014	
2027	368	
2028	384	
2029	379	
2030	374	
2031	763	
2032	341	
2033	376	
2034	373	
2035	362	
2036	375	
2037	370	
2038	371	
2039	344	
2040	336	
2041	741	
2042	377	
2043	342	
2044	347	
2045	1024	
2047	979	
2048	341	
2049	338	
2050	370	
2051	352	
2052	354	
2053	337	
2054	373	
2055	374	
2056	368	
2057	343	
2058	367	
2059	375	
2060	342	
2061	356	
2062	372	
2063	435	
2064	543	
2065	1000	
2067	396	
2068	352	
2069	711	
2070	1225	
2072	797	
2073	891	
2074	763	
2075	722	
2076	714	
2077	968	
2078	934	
2079	764	
2080	681	
2081	694	
2082	730	
2083	879	
2084	676	
2085	956	
2087	440	
2088	366	
2089	1114	
2090	710	
2092	443	
2093	423	
2094	373	
2095	459	
2096	382	
2097	343	
2098	872	
2099	1482	
2101	727	
2102	373	
2103	490	
2104	490	
2105	1045	
2107	1064	
2109	796	
2110	755	
2112	903	
2113	381	
2114	363	
2115	379	
2116	387	
2117	947	
2119	430	
2120	364	
2121	345	
2122	371	
2123	367	
2124	372	
2125	1071	
2127	379	
2128	488	
2129	688	
2130	657	
2131	383	
2132	495	
2133	365	
2134	372	
2135	369	
2136	409	
2137	375	
2138	356	
2139	404	
2140	623	
2142	351	
2143	373	
2144	717	
2145	1585	
2147	977	
2148	860	
2149	650	
2150	1374	
2152	710	
2153	372	
2154	368	
2155	348	
2156	368	
2157	336	
2158	344	
2159	343	
2160	704	
2162	373	
2163	335	
2164	365	
2165	1005	
2167	353	
2168	368	
2169	368	
2170	1190	
2172	361	
2173	367	
2174	361	
2175	383	
2176	366	
2177	367	
2178	359	
2179	653	
2180	377	
2181	372	
2182	357	
2183	375	
2184	728	
2185	1081	
2187	943	
2188	878	
2189	380	
2190	392	
2191	814	
2192	382	
2193	371	
2194	401	
2195	656	
2196	344	
2197	373	
2198	374	
2199	355	
2200	410	
2201	752	
2202	369	
2203	380	
2204	335	
2205	1120	
2207	351	
2208	339	
2209	366	
2210	377	
2211	689	
2212	338	
2213	369	
2214	367	
2215	649	
2216	669	
2217	377	
2218	853	
2219	342	
2220	758	
2222	371	
2223	872	
2224	372	
2225	1076	
2227	529	
2228	351	
2229	478	
2230	935	
2232	502	
2233	370	
2234	368	
2235	406	
2236	345	
2237	372	
2238	388	
2239	378	
2240	392	
2241	301	
2242	300	
2243	288	
2244	285	
2245	924	
2247	297	
2248	286	
2249	1271	
2250	373	
2251	420	
2252	390	
2253	339	
2254	371	
2255	346	
2256	401	
2257	347	
2258	368	
2259	1195	
2260	349	
2261	671	
2262	368	
2263	404	
2264	358	
2265	1038	
2267	406	
2268	355	
2269	538	
2270	376	
2271	395	
2272	395	
2273	373	
2274	367	
2275	391	
2276	411	
2277	348	
2278	378	
2279	367	
2280	361	
2281	374	
2282	378	
2283	380	
2284	458	
2285	1019	
2287	386	
2288	385	
2289	404	
2290	759	
2292	542	
2293	358	
2294	381	
2295	376	
2296	831	
2297	368	
2298	352	
2299	379	
2300	387	
2301	422	
2302	337	
2303	367	
2304	392	
2305	1076	
2307	493	
2308	491	
2309	489	
2310	949	
2312	492	
2313	446	
2314	457	
2315	488	
2316	490	
2317	448	
2318	462	
2319	486	
2320	468	
2321	448	
2322	483	
2323	487	
2324	512	
2325	1251	
2327	488	
2328	495	
2329	876	
2330	498	
2331	474	
2332	377	
2333	469	
2334	361	
2335	382	
2336	381	
2337	652	
2338	398	
2339	381	
2340	414	
2341	381	
2342	386	
2343	399	
2344	891	
2345	932	
2347	344	
2348	298	
2349	299	
2350	1061	
2352	295	
2353	301	
2354	270	
2355	268	
2356	292	
2357	293	
2358	499	
2359	338	
2360	368	
2361	725	
2362	346	
2363	345	
2364	367	
2365	980	
2367	351	
2368	379	
2369	381	
2370	361	
2371	368	
2372	375	
2373	379	
2374	536	
2375	354	
2376	359	
2377	370	
2378	379	
2379	372	
2380	366	
2381	734	
2382	347	
2383	343	
2384	375	
2385	995	
2387	505	
2388	387	
2389	378	
2390	385	
2391	344	
2392	372	
2393	368	
2394	347	
2395	348	
2396	376	
2397	375	
2398	343	
2399	370	
2400	352	
2401	365	
2402	380	
2403	335	
2404	683	
2405	1033	
2407	393	
2408	347	
2409	1199	
2410	350	
2411	340	
2412	350	
2413	365	
2414	384	
2415	342	
2416	361	
2417	367	
2418	365	
2419	1065	
2420	376	
2421	366	
2422	366	
2423	354	
2424	336	
2425	1003	
2427	420	
2428	380	
2429	379	
2430	1128	
2432	352	
2433	374	
2434	373	
2435	378	
2436	345	
2437	373	
2438	374	
2439	661	
2440	671	
2441	372	
2442	375	
2443	385	
2444	346	
2445	988	
2447	1013	
2449	643	
2450	372	
2451	350	
2452	653	
2453	837	
2454	707	
2455	366	
2456	378	
2457	335	
2458	368	
2459	385	
2460	341	
2461	270	
2462	292	
2463	301	
2464	289	
2465	914	
2467	300	
2468	645	
2469	364	
2470	660	
2472	302	
2473	340	
2474	365	
2475	323	
2476	527	
2477	395	
2478	765	
2479	806	
2480	673	
2481	354	
2482	385	
2483	388	
2484	396	
2485	979	
2487	1056	
2489	350	
2490	371	
2491	728	
2492	740	
2493	374	
2494	347	
2495	370	
2496	701	
2497	379	
2498	338	
2499	373	
2500	696	
2502	352	
2503	371	
2504	372	
2505	976	
2507	374	
2508	375	
2509	340	
2510	734	
2512	372	
2513	499	
2514	349	
2515	370	
2516	366	
2517	385	
2518	354	
2519	699	
2520	739	
2522	676	
2523	1698	
2525	986	
2527	1053	
2529	687	
2530	652	
2531	1162	
2533	377	
2534	729	
2535	725	
2536	728	
2537	347	
2538	354	
2539	378	
2540	388	
2541	748	
2542	385	
2543	376	
2544	380	
2545	1060	
2547	345	
2548	370	
2549	366	
2550	1097	
2552	370	
2553	369	
2554	368	
2555	349	
2556	366	
2557	367	
2558	338	
2559	345	
2560	368	
2561	368	
2562	656	
2563	354	
2564	366	
2565	924	
2567	341	
2568	356	
2569	1139	
2570	345	
2571	336	
2572	364	
2573	375	
2574	369	
2575	368	
2576	366	
2577	365	
2578	348	
2579	1034	
2580	369	
2581	354	
2582	372	
2583	345	
2584	370	
2585	961	
2587	363	
2588	637	
2589	375	
2590	791	
2592	387	
2593	374	
2594	389	
2595	374	
2596	334	
2597	364	
2598	379	
2599	358	
2600	356	
2601	707	
2602	491	
2603	382	
2604	354	
2605	1288	
2607	352	
2608	344	
2609	364	
2610	365	
2611	361	
2612	335	
2613	364	
2614	380	
2615	379	
2616	384	
2617	384	
2618	384	
2619	368	
2620	343	
2621	366	
2622	383	
2623	349	
2624	372	
2625	1075	
2627	343	
2628	346	
2629	377	
2630	586	
2632	351	
2633	372	
2634	371	
2635	335	
2636	352	
2637	371	
2638	371	
2639	355	
2640	458	
2641	740	
2642	367	
2643	372	
2644	369	
2645	1077	
2647	345	
2648	340	
2649	335	
2650	367	
2651	368	
2652	345	
2653	338	
2654	367	
2655	374	
2656	356	
2657	343	
2658	369	
2659	379	
2660	349	
2661	355	
2662	371	
2663	375	
2664	370	
2665	1216	
2667	379	
2668	407	
2669	372	
2670	385	
2671	391	
2672	402	
2673	392	
2674	384	
2675	389	
2676	354	
2677	356	
2678	387	
2679	384	
2680	556	
2681	509	
2682	384	
2683	381	
2684	355	
2685	1019	
2687	373	
2688	359	
2689	354	
2690	366	
2691	295	
2692	296	
2693	293	
2694	332	
2695	369	
2696	337	
2697	336	
2698	340	
2699	367	
2700	368	
2701	369	
2702	336	
2703	368	
2704	368	
2705	1035	
2707	374	
2708	383	
2709	357	
2710	372	
2711	367	
2712	376	
2713	390	
2714	342	
2715	372	
2716	391	
2717	385	
2718	364	
2719	377	
2720	382	
2721	374	
2722	370	
2723	372	
2724	386	
2725	971	
2727	377	
2728	375	
2729	1604	
2731	385	
2732	376	
2733	365	
2734	353	
2735	368	
2736	373	
2737	384	
2738	345	
2739	1069	
2740	450	
2741	363	
2742	373	
2743	366	
2744	366	
2745	965	
2747	343	
2748	370	
2749	440	
2750	342	
2751	348	
2752	365	
2753	451	
2754	372	
2755	366	
2756	366	
2757	472	
2758	389	
2759	363	
2760	372	
2761	481	
2762	392	
2763	340	
2764	364	
2765	1530	
2767	354	
2768	845	
2769	414	
2770	396	
2771	373	
2772	370	
2773	416	
2774	349	
2775	719	
2776	378	
2777	385	
2778	381	
2779	351	
2780	368	
2781	376	
2782	350	
2783	364	
2784	371	
2785	1505	
2787	365	
2788	338	
2789	372	
2790	400	
2791	356	
2792	366	
2793	365	
2794	532	
2795	280	
2796	282	
2797	297	
2798	347	
2799	322	
2800	284	
2801	297	
2802	386	
2803	316	
2804	286	
2805	1100	
2807	370	
2808	379	
2809	369	
2810	464	
2811	387	
2812	365	
2813	369	
2814	522	
2815	371	
2816	348	
2817	382	
2818	411	
2819	377	
2820	381	
2821	378	
2822	407	
2823	363	
2824	351	
2825	1065	
2827	393	
2828	363	
2829	376	
2830	369	
2831	719	
2832	347	
2833	341	
2834	371	
2835	338	
2836	349	
2837	340	
2838	369	
2839	338	
2840	380	
2841	369	
2842	367	
2843	498	
2844	448	
2845	1297	
2847	492	
2848	491	
2849	455	
2850	499	
2851	488	
2852	448	
2853	461	
2854	488	
2855	473	
2856	451	
2857	456	
2858	487	
2859	482	
2860	461	
2861	448	
2862	475	
2863	486	
2864	476	
2865	1087	
2867	387	
2868	367	
2869	370	
2870	369	
2871	378	
2872	355	
2873	349	
2874	384	
2875	382	
2876	383	
2877	366	
2878	373	
2879	373	
2880	372	
2881	761	
2882	339	
2883	371	
2884	379	
2885	1061	
2887	376	
2888	372	
2889	1116	
2890	343	
2891	364	
2892	369	
2893	340	
2894	340	
2895	367	
2896	380	
2897	392	
2898	336	
2899	1148	
2900	362	
2901	387	
2902	469	
2903	490	
2904	489	
2905	1232	
2907	491	
2908	487	
2909	476	
2910	454	
2911	475	
2912	491	
2913	471	
2914	454	
2915	494	
2916	493	
2917	471	
2918	490	
2919	496	
2920	496	
2921	466	
2922	453	
2923	496	
2924	447	
2925	995	
2927	373	
2928	369	
2929	378	
2930	337	
2931	733	
2932	370	
2933	343	
2934	341	
2935	336	
2936	368	
2937	371	
2938	370	
2939	339	
2940	390	
2941	740	
2942	339	
2943	343	
2944	367	
2945	1415	
2947	340	
2948	367	
2949	367	
2950	338	
2951	348	
2952	367	
2953	369	
2954	341	
2955	352	
2956	366	
2957	485	
2958	456	
2959	457	
2960	497	
2961	491	
2962	478	
2963	452	
2964	485	
2965	989	
2967	368	
2968	365	
2969	372	
2970	336	
2971	756	
2972	371	
2973	371	
2974	346	
2975	374	
2976	371	
2977	372	
2978	374	
2979	342	
2980	369	
2981	734	
2982	339	
2983	343	
2984	340	
2985	968	
2987	388	
2988	339	
2989	366	
2990	377	
2991	335	
2992	340	
2993	367	
2994	366	
2995	372	
2996	336	
2997	366	
2998	800	
2999	503	
3000	370	
3001	370	
3002	378	
3003	343	
3004	346	
3005	1539	
3007	420	
3008	417	
3009	364	
3010	396	
3011	373	
3012	523	
3013	372	
3014	408	
3015	374	
3016	372	
3017	370	
3018	413	
3019	421	
3020	357	
3021	768	
3022	416	
3023	438	
3024	355	
3025	1326	
3027	377	
3028	345	
3029	370	
3030	355	
3031	390	
3032	353	
3033	344	
3034	379	
3035	391	
3036	430	
3037	376	
3038	375	
3039	514	
3040	363	
3041	369	
3042	376	
3043	373	
3044	361	
3045	1035	
3047	366	
3048	342	
3049	1185	
3050	383	
3051	363	
3052	363	
3053	386	
3054	381	
3055	399	
3056	359	
3057	374	
3058	374	
3059	1839	
3061	384	
3062	372	
3063	373	
3064	346	
3065	1084	
3067	377	
3068	348	
3069	345	
3070	383	
3071	372	
3072	389	
3073	369	
3074	368	
3075	371	
3076	702	
3077	340	
3078	338	
3079	833	
3080	724	
3082	351	
3083	370	
3084	379	
3085	1009	
3087	368	
3088	426	
3089	346	
3090	972	
3092	389	
3093	365	
3094	369	
3095	378	
3096	362	
3097	346	
3098	372	
3099	723	
3100	350	
3101	352	
3102	373	
3103	421	
3104	461	
3105	953	
3107	392	
3108	385	
3109	354	
3110	872	
3112	396	
3113	362	
3114	399	
3115	369	
3116	895	
3117	359	
3118	350	
3119	721	
3120	804	
3122	348	
3123	371	
3124	435	
3125	941	
3127	1029	
3129	754	
3130	351	
3131	374	
3132	832	
3133	387	
3134	708	
3135	689	
3136	367	
3137	352	
3138	339	
3139	376	
3140	376	
3141	436	
3142	378	
3143	351	
3144	368	
3145	967	
3147	363	
3148	873	
3149	488	
3150	669	
3152	372	
3153	496	
3154	374	
3155	374	
3156	367	
3157	482	
3158	375	
3159	646	
3160	373	
3161	476	
3162	391	
3163	373	
3164	371	
3165	1107	
3167	963	
3168	883	
3169	378	
3170	371	
3171	705	
3172	715	
3173	863	
3174	372	
3175	659	
3176	367	
3177	989	
3179	341	
3180	359	
3181	697	
3182	339	
3183	367	
3184	338	
3185	1073	
3187	341	
3188	347	
3189	369	
3190	794	
3192	369	
3193	376	
3194	759	
3195	408	
3196	362	
3197	379	
3198	869	
3199	684	
3200	712	
3201	703	
3202	372	
3203	821	
3204	365	
3205	983	
3207	977	
3208	826	
3209	1537	
3211	453	
3212	736	
3213	381	
3214	377	
3215	1229	
3217	1084	
3219	1127	
3220	673	
3222	373	
3223	372	
3224	643	
3225	976	
3227	958	
3228	344	
3229	340	
3230	708	
3232	339	
3233	336	
3234	367	
3235	368	
3236	337	
3237	337	
3238	366	
3239	687	
3240	1060	
3242	300	
3243	310	
3244	275	
3245	957	
3247	1446	
3249	1112	
3250	384	
3251	730	
3252	376	
3253	342	
3254	351	
3255	1318	
3257	967	
3258	366	
3259	381	
3260	349	
3261	371	
3262	746	
3263	899	
3264	732	
3265	1069	
3267	383	
3268	382	
3269	361	
3270	746	
3272	397	
3273	348	
3274	377	
3275	378	
3276	1118	
3278	374	
3279	702	
3280	376	
3281	395	
3282	347	
3283	371	
3284	368	
3285	1012	
3287	1059	
3289	401	
3290	517	
3291	370	
3292	717	
3293	360	
3294	349	
3295	1624	
3297	411	
3298	365	
3299	751	
3300	751	
3302	359	
3303	899	
3304	379	
3305	1075	
3307	1070	
3309	699	
3310	1165	
3312	392	
3313	349	
3314	674	
3315	384	
3316	376	
3317	1092	
3319	724	
3320	375	
3321	741	
3322	351	
3323	895	
3324	724	
3325	982	
3327	993	
3329	356	
3330	380	
3331	1079	
3333	877	
3334	683	
3335	704	
3336	376	
3337	377	
3338	377	
3339	344	
3340	374	
3341	710	
3342	653	
3343	344	
3344	370	
3345	1009	
3347	1036	
3349	915	
3350	964	
3352	282	
3353	294	
3354	626	
3355	285	
3356	302	
3357	302	
3358	302	
3359	729	
3360	760	
3362	378	
3363	352	
3364	392	
3365	1071	
3367	1177	
3369	1931	
3371	380	
3372	375	
3373	978	
3374	659	
3375	1093	
3377	1053	
3379	1163	
3380	728	
3382	391	
3383	351	
3384	356	
3385	1045	
3387	343	
3388	341	
3389	373	
3390	1093	
3392	353	
3393	383	
3394	381	
3395	345	
3396	667	
3397	379	
3398	858	
3399	668	
3400	358	
3401	345	
3402	374	
3403	377	
3404	344	
3405	1031	
3407	385	
3408	350	
3409	730	
3410	706	
3412	361	
3413	373	
3414	385	
3415	365	
3416	374	
3417	380	
3418	379	
3419	714	
3420	649	
3422	763	
3423	1381	
3425	1319	
3427	1053	
3429	652	
3430	697	
3432	649	
3433	792	
3434	1337	
3436	708	
3437	971	
3438	883	
3439	723	
3440	679	
3441	662	
3442	731	
3443	872	
3444	691	
3445	1418	
3447	1041	
3449	803	
3450	868	
3452	912	
3453	1071	
3455	1177	
3457	923	
3458	811	
3459	634	
3460	612	
3462	477	
3463	578	
3464	304	
3465	888	
3467	373	
3468	369	
3469	374	
3470	711	
3472	363	
3473	359	
3474	670	
3475	376	
3476	372	
3477	364	
3478	370	
3479	710	
3480	642	
3481	355	
3482	351	
3483	389	
3484	374	
3485	1013	
3487	1020	
3489	670	
3490	345	
3491	375	
3492	386	
3493	353	
3494	388	
3495	712	
3496	701	
3497	1040	
3499	346	
3500	1575	
3502	406	
3503	827	
3504	720	
3505	994	
3507	494	
3508	857	
3509	345	
3510	650	
3512	381	
3513	343	
3514	372	
3515	369	
3516	371	
3517	369	
3518	368	
3519	675	
3520	710	
3521	463	
3522	350	
3523	344	
3524	367	
3525	1026	
3527	944	
3528	874	
3529	1489	
3531	356	
3532	723	
3533	887	
3534	370	
3535	1237	
3537	430	
3538	372	
3539	1075	
3540	713	
3542	697	
3543	806	
3544	383	
3545	984	
3547	345	
3548	343	
3549	712	
3550	1153	
3552	350	
3553	376	
3554	718	
3555	344	
3556	368	
3557	367	
3558	369	
3559	635	
3560	352	
3561	378	
3562	369	
3563	339	
3564	380	
3565	992	
3567	1065	
3569	383	
3570	507	
3571	656	
3572	650	
3573	363	
3574	706	
3575	1277	
3577	992	
3579	682	
3580	675	
3582	374	
3583	883	
3584	661	
3585	1320	
3587	964	
3588	810	
3589	370	
3590	467	
3591	683	
3592	347	
3593	889	
3594	377	
3595	706	
3596	674	
3597	342	
3598	375	
3599	827	
3600	499	
3601	875	
3602	974	
3603	385	
3604	347	
3605	986	
3607	344	
3608	350	
3609	341	
3610	726	
3612	413	
3613	633	
3614	369	
3615	370	
3616	370	
3617	338	
3618	368	
3619	784	
3620	710	
3622	712	
3623	375	
3624	345	
3625	1049	
3627	1097	
3629	462	
3630	384	
3631	730	
3632	741	
3633	391	
3634	701	
3635	393	
3636	686	
3637	948	
3638	925	
3639	421	
3640	355	
3641	355	
3642	394	
3643	390	
3644	752	
3645	979	
3647	387	
3648	382	
3649	361	
3650	682	
3652	440	
3653	785	
3654	378	
3655	693	
3656	381	
3657	350	
3658	353	
3659	380	
3660	413	
3661	747	
3662	737	
3663	1227	
3665	1531	
3667	373	
3668	370	
3669	344	
3670	342	
3671	345	
3672	368	
3673	367	
3674	343	
3675	368	
3676	367	
3677	341	
3678	359	
3679	356	
3680	374	
3681	376	
3682	404	
3683	367	
3684	381	
3685	952	
3687	371	
3688	382	
3689	1098	
3690	1061	
3692	379	
3693	899	
3694	377	
3695	347	
3696	376	
3697	374	
3698	355	
3699	1083	
3700	385	
3701	402	
3702	711	
3703	1960	
3705	965	
3707	347	
3708	373	
3709	397	
3710	373	
3711	780	
3712	386	
3713	375	
3714	394	
3715	343	
3716	371	
3717	371	
3718	374	
3719	343	
3720	371	
3721	370	
3722	377	
3723	374	
3724	338	
3725	1080	
3727	356	
3728	342	
3729	370	
3730	766	
3732	377	
3733	369	
3734	465	
3735	357	
3736	338	
3737	374	
3738	389	
3739	352	
3740	385	
3741	371	
3742	380	
3743	353	
3744	346	
3745	998	
3747	392	
3748	353	
3749	365	
3750	746	
3752	802	
3753	375	
3754	377	
3755	348	
3756	355	
3757	383	
3758	385	
3759	383	
3760	379	
3761	392	
3762	375	
3763	380	
3764	389	
3765	1009	
3767	371	
3768	359	
3769	353	
3770	385	
3771	356	
3772	415	
3773	392	
3774	385	
3775	345	
3776	364	
3777	380	
3778	383	
3779	379	
3780	375	
3781	349	
3782	381	
3783	394	
3784	375	
3785	995	
3787	790	
3788	535	
3789	356	
3790	375	
3791	294	
3792	302	
3793	276	
3794	280	
3795	298	
3796	379	
3797	347	
3798	365	
3799	376	
3800	391	
3801	375	
3802	370	
3803	368	
3804	390	
3805	934	
3807	627	
3808	407	
3809	366	
3810	378	
3811	445	
3812	436	
3813	357	
3814	371	
3815	372	
3816	423	
3817	379	
3818	379	
3819	390	
3820	345	
3821	406	
3822	380	
3823	376	
3824	372	
3825	1764	
3827	378	
3828	373	
3829	386	
3830	379	
3831	370	
3832	372	
3833	363	
3834	340	
3835	371	
3836	636	
3837	399	
3838	356	
3839	372	
3840	356	
3841	341	
3842	371	
3843	352	
3844	370	
3845	1032	
3847	377	
3848	372	
3849	1100	
3850	377	
3851	368	
3852	353	
3853	364	
3854	337	
3855	372	
3856	378	
3857	372	
3858	398	
3859	1142	
3860	371	
3861	375	
3862	381	
3863	379	
3864	374	
3865	913	
3867	419	
3868	380	
3869	377	
3870	370	
3871	337	
3872	371	
3873	370	
3874	339	
3875	359	
3876	370	
3877	369	
3878	380	
3879	338	
3880	370	
3881	369	
3882	339	
3883	338	
3884	369	
3885	958	
3887	417	
3888	376	
3889	373	
3890	352	
3891	338	
3892	358	
3893	370	
3894	363	
3895	356	
3896	292	
3897	303	
3898	299	
3899	297	
3900	302	
3901	297	
3902	282	
3903	274	
3904	295	
3905	967	
3907	436	
3908	379	
3909	550	
3910	917	
3912	391	
3913	392	
3914	368	
3915	353	
3916	388	
3917	388	
3918	371	
3919	387	
3920	353	
3921	385	
3922	387	
3923	360	
3924	383	
3925	1049	
3927	360	
3928	353	
3929	775	
3930	374	
3931	361	
3932	392	
3933	386	
3934	388	
3935	636	
3936	353	
3937	385	
3938	471	
3939	372	
3940	345	
3941	360	
3942	366	
3943	369	
3944	356	
3945	989	
3947	410	
3948	445	
3949	386	
3950	750	
3952	357	
3953	388	
3954	378	
3955	443	
3956	348	
3957	374	
3958	374	
3959	377	
3960	371	
3961	740	
3962	373	
3963	355	
3964	343	
3965	1052	
3967	353	
3968	376	
3969	337	
3970	372	
3971	372	
3972	347	
3973	353	
3974	371	
3975	372	
3976	381	
3977	338	
3978	369	
3979	370	
3980	346	
3981	339	
3982	374	
3983	375	
3984	366	
3985	1033	
3987	399	
3988	611	
3989	367	
3990	374	
3991	370	
3992	389	
3993	368	
3994	365	
3995	378	
3996	377	
3997	383	
3998	408	
3999	769	
4000	345	
4001	344	
4002	374	
4003	388	
4004	355	
4005	1014	
4007	302	
4008	302	
4009	1014	
4010	373	
4011	297	
4012	287	
4013	280	
4014	273	
4015	306	
4016	297	
4017	300	
4018	273	
4019	1126	
4020	380	
4021	342	
4022	347	
4023	369	
4024	367	
4025	921	
4027	374	
4028	678	
4029	336	
4030	359	
4031	369	
4032	380	
4033	340	
4034	376	
4035	379	
4036	368	
4037	368	
4038	340	
4039	344	
4040	367	
4041	372	
4042	350	
4043	353	
4044	378	
4045	949	
4047	373	
4048	368	
4049	360	
4050	352	
4051	381	
4052	370	
4053	371	
4054	367	
4055	374	
4056	370	
4057	375	
4058	352	
4059	373	
4060	459	
4061	360	
4062	364	
4063	378	
4064	384	
4065	972	
4067	356	
4068	374	
4069	348	
4070	438	
4071	757	
4072	372	
4073	372	
4074	402	
4075	343	
4076	768	
4077	378	
4078	350	
4079	338	
4080	471	
4081	377	
4082	359	
4083	341	
4084	377	
4085	1004	
4087	356	
4088	338	
4089	369	
4090	472	
4091	346	
4092	371	
4093	378	
4094	354	
4095	343	
4096	348	
4097	369	
4098	810	
4099	430	
4100	374	
4101	368	
4102	362	
4103	342	
4104	368	
4105	990	
4107	372	
4108	355	
4109	367	
4110	346	
4111	369	
4112	346	
4113	371	
4114	371	
4115	386	
4116	351	
4117	374	
4118	371	
4119	365	
4120	342	
4121	371	
4122	372	
4123	354	
4124	347	
4125	996	
4127	385	
4128	349	
4129	385	
4130	383	
4131	653	
4132	362	
4133	368	
4134	366	
4135	371	
4136	339	
4137	337	
4138	368	
4139	372	
4140	356	
4141	334	
4142	366	
4143	370	
4144	337	
4145	983	
4147	374	
4148	357	
4149	347	
4150	375	
4151	370	
4152	358	
4153	374	
4154	364	
4155	376	
4156	374	
4157	366	
4158	365	
4159	365	
4160	349	
4161	364	
4162	385	
4163	376	
4164	400	
4165	958	
4167	388	
4168	377	
4169	1134	
4170	760	
4172	456	
4173	356	
4174	370	
4175	367	
4176	342	
4177	342	
4178	371	
4179	1177	
4180	340	
4181	375	
4182	368	
4183	366	
4184	339	
4185	921	
4187	372	
4188	376	
4189	348	
4190	365	
4191	366	
4192	370	
4193	337	
4194	367	
4195	369	
4196	336	
4197	340	
4198	336	
4199	369	
4200	356	
4201	346	
4202	367	
4203	367	
4204	366	
4205	950	
4207	371	
4208	370	
4209	340	
4210	374	
4211	368	
4212	367	
4213	385	
4214	361	
4215	376	
4216	367	
4217	338	
4218	4108	
4223	377	
4224	344	
4225	963	
4227	382	
4228	378	
4229	392	
4230	441	
4231	755	
4232	371	
4233	375	
4234	348	
4235	373	
4236	370	
4237	776	
4238	383	
4239	341	
4240	410	
4241	297	
4242	271	
4243	295	
4244	368	
4245	947	
4247	416	
4248	382	
4249	369	
4250	373	
4251	345	
4252	368	
4253	369	
4254	372	
4255	368	
4256	366	
4257	365	
4258	346	
4259	338	
4260	376	
4261	368	
4262	369	
4263	352	
4264	357	
4265	999	
4267	370	
4268	375	
4269	372	
4270	393	
4271	351	
4272	374	
4273	373	
4274	358	
4275	345	
4276	373	
4277	385	
4278	372	
4279	375	
4280	370	
4281	373	
4282	373	
4283	339	
4284	375	
4285	1536	
4287	418	
4288	341	
4289	373	
4290	384	
4291	360	
4292	373	
4293	369	
4294	368	
4295	348	
4296	335	
4297	381	
4298	371	
4299	382	
4300	372	
4301	368	
4302	367	
4303	381	
4304	338	
4305	995	
4307	353	
4308	338	
4309	334	
4310	394	
4311	339	
4312	342	
4313	366	
4314	368	
4315	336	
4316	336	
4317	717	
4318	371	
4319	384	
4320	352	
4321	360	
4322	368	
4323	363	
4324	345	
4325	992	
4327	369	
4328	344	
4329	1158	
4330	376	
4331	373	
4332	356	
4333	348	
4334	375	
4335	436	
4336	386	
4337	346	
4338	387	
4339	1147	
4340	354	
4341	384	
4342	380	
4343	393	
4344	435	
4345	1026	
4347	328	
4348	294	
4349	307	
4350	301	
4351	606	
4352	374	
4353	277	
4354	303	
4355	300	
4356	664	
4357	356	
4358	342	
4359	378	
4360	359	
4361	377	
4362	374	
4363	639	
4364	441	
4365	981	
4367	380	
4368	509	
4369	380	
4370	374	
4371	366	
4372	369	
4373	336	
4374	350	
4375	363	
4376	365	
4377	350	
4378	362	
4379	377	
4380	351	
4381	350	
4382	369	
4383	367	
4384	365	
4385	987	
4387	372	
4388	373	
4389	365	
4390	336	
4391	731	
4392	405	
4393	347	
4394	340	
4395	374	
4396	370	
4397	372	
4398	362	
4399	380	
4400	376	
4401	758	
4402	341	
4403	374	
4404	375	
4405	1002	
4407	352	
4408	380	
4409	444	
4410	389	
4411	347	
4412	369	
4413	368	
4414	338	
4415	338	
4416	368	
4417	365	
4418	344	
4419	336	
4420	551	
4421	710	
4422	398	
4423	337	
4424	365	
4425	1141	
4427	442	
4428	415	
4429	374	
4430	385	
4431	375	
4432	370	
4433	373	
4434	369	
4435	359	
4436	372	
4437	384	
4438	364	
4439	375	
4440	370	
4441	381	
4442	435	
4443	356	
4444	387	
4445	1146	
4447	370	
4448	378	
4449	372	
4450	405	
4451	346	
4452	645	
4453	372	
4454	342	
4455	340	
4456	337	
4457	294	
4458	289	
4459	296	
4460	292	
4461	582	
4462	308	
4463	274	
4464	272	
4465	1029	
4467	282	
4468	272	
4469	370	
4470	375	
4471	381	
4472	340	
4473	366	
4474	371	
4475	352	
4476	340	
4477	366	
4478	365	
4479	354	
4480	342	
4481	353	
4482	366	
4483	366	
4484	367	
4485	1082	
4487	396	
4488	367	
4489	1215	
4490	386	
4491	363	
4492	342	
4493	369	
4494	380	
4495	796	
4497	373	
4498	369	
4499	1053	
4500	346	
4501	373	
4502	389	
4503	396	
4504	348	
4505	985	
4507	346	
4508	369	
4509	339	
4510	371	
4511	703	
4512	342	
4513	344	
4514	368	
4515	369	
4516	368	
4517	335	
4518	713	
4519	412	
4520	393	
4521	341	
4522	366	
4523	415	
4524	349	
4525	1013	
4527	408	
4528	430	
4529	343	
4530	389	
4531	369	
4532	447	
4533	383	
4534	341	
4535	420	
4536	356	
4537	361	
4538	368	
4539	367	
4540	383	
4541	371	
4542	358	
4543	384	
4544	377	
4545	1039	
4547	379	
4548	388	
4549	371	
4550	370	
4551	370	
4552	387	
4553	356	
4554	372	
4555	389	
4556	369	
4557	433	
4558	377	
4559	374	
4560	350	
4561	358	
4562	344	
4563	377	
4564	378	
4565	950	
4567	378	
4568	375	
4569	379	
4570	702	
4572	375	
4573	350	
4574	340	
4575	373	
4576	371	
4577	368	
4578	371	
4579	695	
4580	406	
4581	384	
4582	387	
4583	338	
4584	368	
4585	1634	
4587	1006	
4589	451	
4590	341	
4591	338	
4592	367	
4593	366	
4594	370	
4595	698	
4596	701	
4597	1008	
4599	370	
4600	371	
4601	687	
4602	670	
4603	847	
4604	700	
4605	1325	
4607	960	
4608	868	
4609	681	
4610	358	
4611	644	
4612	706	
4613	873	
4614	381	
4615	370	
4616	705	
4617	1014	
4619	342	
4620	856	
4622	349	
4623	373	
4624	1109	
4625	986	
4627	351	
4628	341	
4629	369	
4630	1203	
4632	338	
4633	365	
4634	336	
4635	336	
4636	365	
4637	365	
4638	336	
4639	348	
4640	352	
4641	367	
4642	367	
4643	344	
4644	367	
4645	992	
4647	1036	
4649	1181	
4650	707	
4652	352	
4653	349	
4654	388	
4655	383	
4656	344	
4657	360	
4658	375	
4659	1166	
4660	354	
4661	375	
4662	376	
4663	412	
4664	734	
4665	1059	
4667	453	
4668	358	
4669	380	
4670	856	
4672	394	
4673	381	
4674	380	
4675	497	
4676	361	
4677	350	
4678	381	
4679	382	
4680	386	
4681	353	
4682	381	
4683	956	
4684	686	
4685	1038	
4687	415	
4688	361	
4689	677	
4690	378	
4691	382	
4692	355	
4693	375	
4694	374	
4695	380	
4696	446	
4697	347	
4698	377	
4699	380	
4700	359	
4701	339	
4702	335	
4703	366	
4704	339	
4705	983	
4707	369	
4708	842	
4709	340	
4710	1112	
4712	418	
4713	357	
4714	367	
4715	738	
4716	429	
4717	978	
4718	376	
4719	374	
4720	355	
4721	408	
4722	755	
4723	381	
4724	440	
4725	996	
4727	386	
4728	1458	
4730	758	
4732	390	
4733	368	
4734	383	
4735	379	
4736	355	
4737	364	
4738	350	
4739	738	
4740	858	
4742	359	
4743	381	
4744	382	
4745	1083	
4747	1046	
4749	428	
4750	374	
4751	380	
4752	747	
4753	1093	
4755	395	
4756	655	
4757	464	
4758	361	
4759	350	
4760	377	
4761	381	
4762	370	
4763	338	
4764	367	
4765	1012	
4767	363	
4768	901	
4769	377	
4770	717	
4772	378	
4773	381	
4774	388	
4775	388	
4776	374	
4777	373	
4778	381	
4779	720	
4780	387	
4781	723	
4782	686	
4783	871	
4784	411	
4785	943	
4787	959	
4788	380	
4789	379	
4790	366	
4791	648	
4792	306	
4793	309	
4794	325	
4795	305	
4796	306	
4797	303	
4798	774	
4799	287	
4800	305	
4801	371	
4802	370	
4803	372	
4804	368	
4805	1486	
4807	374	
4808	351	
4809	1204	
4810	712	
4812	358	
4813	385	
4814	383	
4815	357	
4816	693	
4817	386	
4818	391	
4819	1100	
4820	387	
4821	429	
4822	382	
4823	371	
4824	369	
4825	995	
4827	384	
4828	367	
4829	567	
4830	608	
4832	391	
4833	385	
4834	362	
4835	356	
4836	358	
4837	393	
4838	387	
4839	386	
4840	357	
4841	390	
4842	384	
4843	354	
4844	379	
4845	1005	
4847	356	
4848	353	
4849	351	
4850	723	
4852	386	
4853	343	
4854	381	
4855	348	
4856	349	
4857	379	
4858	378	
4859	381	
4860	385	
4861	379	
4862	733	
4863	386	
4864	355	
4865	1016	
4867	1037	
4869	380	
4870	389	
4871	382	
4872	382	
4873	368	
4874	382	
4875	388	
4876	379	
4877	368	
4878	378	
4879	384	
4880	353	
4881	382	
4882	386	
4883	366	
4884	353	
4885	935	
4887	387	
4888	389	
4889	352	
4890	381	
4891	382	
4892	386	
4893	388	
4894	387	
4895	384	
4896	343	
4897	350	
4898	345	
4899	305	
4900	391	
4901	593	
4902	298	
4903	298	
4904	275	
4905	894	
4907	301	
4908	300	
4909	278	
4910	737	
4912	375	
4913	630	
4914	376	
4915	377	
4916	372	
4917	340	
4918	343	
4919	373	
4920	358	
4921	348	
4922	349	
4923	373	
4924	376	
4925	1048	
4927	354	
4928	374	
4929	370	
4930	351	
4931	368	
4932	546	
4933	343	
4934	686	
4935	381	
4936	379	
4937	797	
4938	393	
4939	377	
4940	368	
4941	772	
4942	385	
4943	379	
4944	380	
4945	966	
4947	382	
4948	381	
4949	379	
4950	343	
4951	763	
4952	378	
4953	351	
4954	371	
4955	342	
4956	380	
4957	379	
4958	381	
4959	373	
4960	371	
4961	339	
4962	340	
4963	339	
4964	374	
4965	1597	
4967	351	
4968	371	
4969	1188	
4970	370	
4971	338	
4972	337	
4973	365	
4974	367	
4975	364	
4976	340	
4977	373	
4978	366	
4979	1081	
4980	372	
4981	366	
4982	337	
4983	343	
4984	347	
4985	973	
4987	366	
4988	367	
4989	366	
4990	368	
4991	395	
4992	381	
4993	380	
4994	367	
4995	351	
4996	346	
4997	377	
4998	376	
4999	377	
5000	375	
5001	375	
5002	378	
5003	344	
5004	349	
5005	1044	
5007	355	
5008	346	
5009	316	
5010	300	
5011	604	
5012	280	
5013	302	
5014	305	
5015	276	
5016	276	
5017	299	
5018	298	
5019	302	
5020	361	
5021	373	
5022	375	
5023	341	
5024	375	
5025	1015	
5027	380	
5028	344	
5029	378	
5030	383	
5031	373	
5032	356	
5033	345	
5034	385	
5035	375	
5036	537	
5037	373	
5038	373	
5039	375	
5040	377	
5041	372	
5042	375	
5043	376	
5044	351	
5045	1026	
5047	379	
5048	377	
5049	361	
5050	376	
5051	371	
5052	346	
5053	346	
5054	381	
5055	350	
5056	387	
5057	376	
5058	553	
5059	405	
5060	347	
5061	762	
5062	370	
5063	377	
5064	368	
5065	1142	
5067	378	
5068	822	
5069	346	
5070	454	
5071	808	
5072	373	
5073	372	
5074	336	
5075	365	
5076	368	
5077	344	
5078	369	
5079	366	
5080	396	
5081	339	
5082	336	
5083	369	
5084	412	
5085	993	
5087	377	
5088	662	
5089	393	
5090	373	
5091	366	
5092	477	
5093	370	
5094	338	
5095	369	
5096	1307	
5098	346	
5099	354	
5100	448	
5101	362	
5102	342	
5103	364	
5104	366	
5105	1035	
5107	370	
5108	1387	
5110	347	
5111	374	
5112	374	
5113	372	
5114	378	
5115	375	
5116	371	
5117	417	
5118	355	
5119	371	
5120	366	
5121	807	
5122	392	
5123	372	
5124	374	
5125	1053	
5127	548	
5128	372	
5129	1125	
5130	653	
5131	777	
5132	384	
5133	381	
5134	382	
5135	740	
5136	1177	
5138	384	
5139	1150	
5140	724	
5142	357	
5143	859	
5144	751	
5145	1243	
5147	518	
5148	342	
5149	368	
5150	367	
5151	354	
5152	369	
5153	368	
5154	377	
5155	730	
5156	1012	
5158	1350	
5160	374	
5161	372	
5162	364	
5163	367	
5164	369	
5165	1120	
5167	360	
5168	341	
5169	376	
5170	373	
5171	379	
5172	1396	
5174	399	
5175	368	
5176	373	
5177	372	
5178	803	
5179	359	
5180	350	
5181	1186	
5183	435	
5184	349	
5185	1006	
5187	431	
5188	380	
5189	379	
5190	1211	
5192	658	
5193	350	
5194	381	
5195	732	
5196	417	
5197	347	
5198	382	
5199	654	
5200	350	
5201	708	
5202	733	
5203	738	
5204	719	
5205	1017	
5207	1132	
5209	471	
5210	406	
5211	385	
5212	401	
5213	396	
5214	391	
5215	389	
5216	392	
5217	680	
5218	388	
5219	373	
5220	385	
5221	361	
5222	718	
5223	1335	
5225	1323	
5227	440	
5228	714	
5229	355	
5230	382	
5231	746	
5232	771	
5233	342	
5234	374	
5235	764	
5236	1092	
5238	809	
5239	684	
5240	668	
5241	1225	
5243	372	
5244	342	
5245	1001	
5247	386	
5248	671	
5249	659	
5250	1315	
5252	520	
5253	390	
5254	382	
5255	380	
5256	385	
5257	669	
5258	368	
5259	724	
5260	684	
5262	378	
5263	380	
5264	377	
5265	1258	
5267	393	
5268	371	
5269	1039	
5270	729	
5272	729	
5273	368	
5274	389	
5275	389	
5276	665	
5277	355	
5278	356	
5279	397	
5280	382	
5281	806	
5282	665	
5283	385	
5284	386	
5285	1005	
5287	386	
5288	714	
5289	1422	
5291	714	
5292	383	
5293	382	
5294	382	
5295	691	
5296	390	
5297	348	
5298	347	
5299	1083	
5300	381	
5301	381	
5302	394	
5303	724	
5304	383	
5305	953	
5307	354	
5308	381	
5309	380	
5310	354	
5311	348	
5312	380	
5313	379	
5314	351	
5315	349	
5316	364	
5317	380	
5318	361	
5319	381	
5320	389	
5321	393	
5322	390	
5323	377	
5324	383	
5325	1013	
5327	728	
5328	392	
5329	385	
5330	382	
5331	359	
5332	385	
5333	393	
5334	366	
5335	390	
5336	388	
5337	385	
5338	353	
5339	354	
5340	383	
5341	390	
5342	353	
5343	389	
5344	298	
5345	919	
5347	288	
5348	586	
5349	615	
5350	400	
5351	378	
5352	367	
5353	366	
5354	480	
5355	347	
5356	339	
5357	366	
5358	477	
5359	376	
5360	352	
5361	371	
5362	443	
5363	367	
5364	338	
5365	999	
5367	360	
5368	376	
5369	369	
5370	483	
5371	383	
5372	677	
5373	368	
5374	369	
5375	370	
5376	344	
5377	351	
5378	372	
5379	395	
5380	383	
5381	712	
5382	366	
5383	394	
5384	347	
5385	996	
5387	416	
5388	367	
5389	386	
5390	738	
5392	411	
5393	400	
5394	383	
5395	382	
5396	356	
5397	356	
5398	386	
5399	385	
5400	389	
5401	386	
5402	383	
5403	381	
5404	350	
5405	975	
5407	386	
5408	818	
5409	681	
5410	386	
5411	381	
5412	385	
5413	352	
5414	381	
5415	382	
5416	363	
5417	388	
5418	384	
5419	384	
5420	383	
5421	349	
5422	383	
5423	390	
5424	346	
5425	979	
5427	388	
5428	427	
5429	422	
5430	397	
5431	379	
5432	683	
5433	388	
5434	385	
5435	734	
5436	394	
5437	358	
5438	357	
5439	720	
5440	351	
5441	713	
5442	694	
5443	721	
5444	1927	
5446	379	
5447	385	
5448	311	
5449	1387	
5451	690	
5452	644	
5453	701	
5454	285	
5455	310	
5456	650	
5457	598	
5458	591	
5459	1100	
5460	377	
5461	666	
5462	353	
5463	346	
5464	384	
5465	982	
5467	498	
5468	385	
5469	399	
5470	377	
5471	385	
5472	714	
5473	349	
5474	352	
5475	710	
5476	389	
5477	382	
5478	366	
5479	382	
5480	387	
5481	693	
5482	662	
5483	1042	
5485	987	
5487	405	
5488	869	
5489	732	
5490	799	
5492	1424	
5494	967	
5495	657	
5496	390	
5497	1060	
5499	388	
5500	381	
5501	761	
5502	353	
5503	695	
5504	376	
5505	1084	
5507	388	
5508	376	
5509	372	
5510	413	
5511	343	
5512	711	
5513	369	
5514	357	
5515	342	
5516	366	
5517	365	
5518	363	
5519	342	
5520	366	
5521	705	
5522	377	
5523	343	
5524	337	
5525	1032	
5527	350	
5528	579	
5529	374	
5530	420	
5531	620	
5532	365	
5533	370	
5534	471	
5535	401	
5536	350	
5537	1315	
5539	375	
5540	343	
5541	360	
5542	374	
5543	372	
5544	652	
5545	1004	
5547	380	
5548	378	
5549	384	
5550	385	
5551	1296	
5553	470	
5554	1020	
5555	358	
5556	385	
5557	385	
5558	384	
5559	316	
5560	279	
5561	307	
5562	518	
5563	284	
5564	310	
5565	1292	
5567	278	
5568	284	
5569	310	
5570	1020	
5572	664	
5573	340	
5574	372	
5575	370	
5576	374	
5577	337	
5578	881	
5579	691	
5580	344	
5581	340	
5582	367	
5583	370	
5584	353	
5585	929	
5587	1382	
5589	460	
5590	376	
5591	371	
5592	1259	
5594	378	
5595	716	
5596	384	
5597	374	
5598	374	
5599	710	
5600	343	
5601	655	
5602	707	
5603	723	
5604	363	
5605	931	
5607	378	
5608	378	
5609	1487	
5611	389	
5612	427	
5613	382	
5614	381	
5615	1259	
5617	656	
5618	375	
5619	1120	
5620	378	
5621	342	
5622	340	
5623	713	
5624	730	
5625	1294	
5627	388	
5628	373	
5629	687	
5630	378	
5631	372	
5632	377	
5633	345	
5634	346	
5635	381	
5636	375	
5637	707	
5638	345	
5639	699	
5640	743	
5642	346	
5643	358	
5644	375	
5645	1055	
5647	4335	
5652	738	
5653	370	
5654	998	
5655	383	
5656	387	
5657	364	
5658	364	
5659	352	
5660	383	
5661	381	
5662	387	
5663	383	
5664	384	
5665	961	
5667	759	
5668	389	
5669	386	
5670	363	
5671	654	
5672	756	
5673	485	
5674	765	
5675	340	
5676	371	
5677	371	
5678	355	
5679	379	
5680	369	
5681	372	
5682	375	
5683	345	
5684	372	
5685	10662	
5689	358	
5690	393	
5691	391	
5692	678	
5693	391	
5694	399	
5695	706	
5696	391	
5697	751	
5698	532	
5699	727	
5700	640	
5702	375	
5703	356	
5704	384	
5705	991	
5707	391	
5708	347	
5709	375	
5710	374	
5711	703	
5712	672	
5713	341	
5714	383	
5715	369	
5716	376	
5717	351	
5718	370	
5719	416	
5720	355	
5721	378	
5722	371	
5723	395	
5724	371	
5725	987	
5727	397	
5728	377	
5729	335	
5730	705	
5732	378	
5733	476	
5734	370	
5735	380	
5736	365	
5737	370	
5738	368	
5739	368	
5740	346	
5741	338	
5742	365	
5743	374	
5744	523	
5745	1284	
5747	456	
5748	396	
5749	365	
5750	352	
5751	762	
5752	433	
5753	423	
5754	381	
5755	368	
5756	479	
5757	372	
5758	373	
5759	371	
5760	382	
5761	366	
5762	343	
5763	384	
5764	511	
5765	1008	
5767	371	
5768	408	
5769	1147	
5770	370	
5771	366	
5772	821	
5773	351	
5774	346	
5775	367	
5776	398	
5777	354	
5778	342	
5779	1124	
5780	486	
5781	353	
5782	342	
5783	355	
5784	367	
5785	1030	
5787	355	
5788	370	
5789	404	
5790	350	
5791	353	
5792	364	
5793	472	
5794	345	
5795	379	
5796	366	
5797	443	
5798	393	
5799	373	
5800	372	
5801	469	
5802	421	
5803	372	
5804	376	
5805	977	
5807	396	
5808	390	
5809	359	
5810	370	
5811	360	
5812	406	
5813	400	
5814	382	
5815	358	
5816	383	
5817	383	
5818	364	
5819	382	
5820	382	
5821	382	
5822	364	
5823	354	
5824	382	
5825	996	
5827	387	
5828	352	
5829	385	
5830	357	
5831	424	
5832	570	
5833	371	
5834	383	
5835	382	
5836	369	
5837	365	
5838	367	
5839	354	
5840	378	
5841	370	
5842	379	
5843	352	
5844	374	
5845	1085	
5847	403	
5848	345	
5849	384	
5850	460	
5851	399	
5852	379	
5853	377	
5854	558	
5855	363	
5856	372	
5857	382	
5858	386	
5859	390	
5860	346	
5861	750	
5862	444	
5863	392	
5864	349	
5865	1055	
5867	531	
5868	765	
5869	372	
5870	372	
5871	471	
5872	364	
5873	344	
5874	696	
5875	369	
5876	368	
5877	336	
5878	369	
5879	333	
5880	336	
5881	338	
5882	364	
5883	367	
5884	369	
5885	974	
5887	370	
5888	498	
5889	342	
5890	388	
5891	317	
5892	299	
5893	291	
5894	302	
5895	306	
5896	303	
5897	300	
5898	296	
5899	296	
5900	378	
5901	374	
5902	372	
5903	387	
5904	361	
5905	997	
5907	376	
5908	354	
5909	341	
5910	380	
5911	371	
5912	376	
5913	352	
5914	376	
5915	371	
5916	348	
5917	354	
5918	373	
5919	375	
5920	384	
5921	338	
5922	368	
5923	377	
5924	344	
5925	993	
5927	373	
5928	369	
5929	1099	
5930	370	
5931	370	
5932	368	
5933	341	
5934	368	
5935	364	
5936	367	
5937	337	
5938	336	
5939	1113	
5940	361	
5941	338	
5942	342	
5943	370	
5944	369	
5945	937	
5947	373	
5948	372	
5949	363	
5950	350	
5951	376	
5952	372	
5953	378	
5954	374	
5955	374	
5956	356	
5957	509	
5958	348	
5959	395	
5960	368	
5961	388	
5962	355	
5963	374	
5964	392	
5965	1073	
5967	391	
5968	374	
5969	388	
5970	355	
5971	383	
5972	369	
5973	371	
5974	340	
5975	337	
5976	370	
5977	350	
5978	338	
5979	380	
5980	368	
5981	379	
5982	350	
5983	337	
5984	371	
5985	1022	
5987	348	
5988	378	
5989	494	
5990	364	
5991	376	
5992	375	
5993	473	
5994	381	
5995	362	
5996	370	
5997	370	
5998	354	
5999	369	
6000	378	
6001	297	
6002	301	
6003	282	
6004	293	
6005	914	
6007	274	
6008	291	
6009	306	
6010	280	
6011	373	
6012	372	
6013	374	
6014	353	
6015	372	
6016	370	
6017	372	
6018	354	
6019	339	
6020	367	
6021	369	
6022	344	
6023	383	
6024	366	
6025	996	
6027	343	
6028	346	
6029	373	
6030	408	
6031	848	
6032	402	
6033	378	
6034	484	
6035	379	
6036	338	
6037	366	
6038	480	
6039	379	
6040	349	
6041	370	
6042	438	
6043	381	
6044	341	
6045	997	
6047	366	
6048	379	
6049	368	
6050	496	
6051	406	
6052	338	
6053	368	
6054	367	
6055	368	
6056	345	
6057	351	
6058	374	
6059	384	
6060	554	
6061	367	
6062	370	
6063	480	
6064	403	
6065	996	
6067	437	
6068	375	
6069	370	
6070	380	
6071	379	
6072	375	
6073	363	
6074	378	
6075	370	
6076	354	
6077	344	
6078	372	
6079	372	
6080	372	
6081	378	
6082	373	
6083	377	
6084	360	
6085	954	
6087	381	
6088	367	
6089	1147	
6090	370	
6091	368	
6092	368	
6093	334	
6094	364	
6095	366	
6096	338	
6097	367	
6098	336	
6099	1244	
6100	375	
6101	354	
6102	338	
6103	370	
6104	418	
6105	971	
6107	404	
6108	427	
6109	381	
6110	377	
6111	367	
6112	621	
6113	295	
6114	293	
6115	296	
6116	289	
6117	268	
6118	282	
6119	294	
6120	298	
6121	642	
6122	295	
6123	295	
6124	354	
6125	970	
6127	378	
6128	382	
6129	671	
6130	722	
6132	382	
6133	381	
6134	966	
6135	374	
6136	715	
6137	656	
6138	640	
6139	372	
6140	372	
6141	702	
6142	651	
6143	713	
6144	367	
6145	932	
6147	371	
6148	367	
6149	340	
6150	337	
6151	335	
6152	705	
6153	369	
6154	349	
6155	343	
6156	367	
6157	368	
6158	341	
6159	364	
6160	368	
6161	918	
6162	339	
6163	370	
6164	368	
6165	1038	
6167	345	
6168	372	
6169	823	
6170	677	
6172	359	
6173	816	
6174	369	
6175	348	
6176	364	
6177	672	
6178	778	
6179	740	
6180	373	
6181	372	
6182	374	
6183	352	
6184	370	
6185	1395	
6187	392	
6188	380	
6189	774	
6190	734	
6192	722	
6193	706	
6194	460	
6195	377	
6196	376	
6197	372	
6198	793	
6199	370	
6200	706	
6202	454	
6203	364	
6204	337	
6205	1115	
6207	368	
6208	378	
6209	740	
6210	781	
6212	711	
6213	368	
6214	454	
6215	384	
6216	343	
6217	372	
6218	427	
6219	598	
6220	381	
6221	373	
6222	401	
6223	376	
6224	350	
6225	1049	
6227	417	
6228	394	
6229	372	
6230	403	
6231	365	
6232	684	
6233	367	
6234	368	
6235	370	
6236	370	
6237	393	
6238	739	
6239	394	
6240	361	
6241	341	
6242	376	
6243	379	
6244	350	
6245	1003	
6247	419	
6248	373	
6249	1151	
6250	732	
6252	383	
6253	349	
6254	749	
6255	381	
6256	344	
6257	342	
6258	370	
6259	1113	
6260	364	
6261	371	
6262	373	
6263	370	
6264	1479	
6266	345	
6267	372	
6268	372	
6269	343	
6270	376	
6271	375	
6272	362	
6273	353	
6274	376	
6275	379	
6276	717	
6277	374	
6278	369	
6279	369	
6280	349	
6281	349	
6282	368	
6283	371	
6284	383	
6285	974	
6287	392	
6288	382	
6289	676	
6290	718	
6292	662	
6293	359	
6294	344	
6295	428	
6296	813	
6297	362	
6298	384	
6299	379	
6300	379	
6301	700	
6302	362	
6303	382	
6304	390	
6305	1100	
6307	379	
6308	378	
6309	344	
6310	380	
6311	376	
6312	375	
6313	349	
6314	346	
6315	376	
6316	379	
6317	590	
6318	335	
6319	343	
6320	374	
6321	339	
6322	336	
6323	366	
6324	366	
6325	1101	
6327	370	
6328	370	
6329	367	
6330	646	
6331	361	
6332	372	
6333	364	
6334	351	
6335	372	
6336	373	
6337	380	
6338	357	
6339	704	
6340	374	
6341	276	
6342	309	
6343	303	
6344	307	
6345	960	
6347	377	
6348	371	
6349	446	
6350	352	
6351	354	
6352	374	
6353	494	
6354	400	
6355	347	
6356	370	
6357	382	
6358	394	
6359	395	
6360	370	
6361	481	
6362	388	
6363	343	
6364	381	
6365	988	
6367	495	
6368	358	
6369	373	
6370	344	
6371	351	
6372	364	
6373	462	
6374	499	
6375	418	
6376	374	
6377	372	
6378	387	
6379	365	
6380	425	
6381	675	
6382	381	
6383	402	
6384	382	
6385	1096	
6387	372	
6388	373	
6389	389	
6390	386	
6391	357	
6392	380	
6393	368	
6394	401	
6395	347	
6396	367	
6397	367	
6398	355	
6399	353	
6400	354	
6401	381	
6402	419	
6403	370	
6404	338	
6405	1099	
6407	367	
6408	374	
6409	1148	
6410	763	
6412	357	
6413	370	
6414	375	
6415	391	
6416	373	
6417	361	
6418	372	
6419	1070	
6420	353	
6421	368	
6422	395	
6423	384	
6424	383	
6425	992	
6427	381	
6428	346	
6429	382	
6430	375	
6431	759	
6432	371	
6433	372	
6434	370	
6435	383	
6436	366	
6437	368	
6438	367	
6439	342	
6440	528	
6441	372	
6442	381	
6443	383	
6444	349	
6445	967	
6447	298	
6448	463	
6449	272	
6450	307	
6451	294	
6452	283	
6453	271	
6454	294	
6455	296	
6456	280	
6457	392	
6458	372	
6459	371	
6460	357	
6461	360	
6462	380	
6463	369	
6464	375	
6465	934	
6467	382	
6468	356	
6469	384	
6470	370	
6471	384	
6472	368	
6473	382	
6474	384	
6475	782	
6476	346	
6477	348	
6478	675	
6479	374	
6480	359	
6481	748	
6482	790	
6483	339	
6484	352	
6485	1044	
6487	373	
6488	372	
6489	356	
6490	374	
6491	386	
6492	344	
6493	338	
6494	338	
6495	369	
6496	337	
6497	352	
6498	348	
6499	382	
6500	425	
6501	391	
6502	370	
6503	367	
6504	378	
6505	931	
6507	371	
6508	381	
6509	365	
6510	379	
6511	368	
6512	378	
6513	381	
6514	370	
6515	371	
6516	375	
6517	360	
6518	362	
6519	374	
6520	382	
6521	387	
6522	392	
6523	373	
6524	377	
6525	948	
6527	380	
6528	377	
6529	361	
6530	382	
6531	374	
6532	377	
6533	387	
6534	345	
6535	372	
6536	376	
6537	341	
6538	386	
6539	370	
6540	586	
6541	707	
6542	342	
6543	337	
6544	369	
6545	977	
6547	344	
6548	373	
6549	371	
6550	357	
6551	342	
6552	371	
6553	381	
6554	356	
6555	404	
6556	387	
6557	387	
6558	318	
6559	282	
6560	303	
6561	298	
6562	305	
6563	296	
6564	294	
6565	1302	
6567	285	
6568	379	
6569	1257	
6570	351	
6571	381	
6572	380	
6573	403	
6574	381	
6575	350	
6576	377	
6577	395	
6578	367	
6579	1139	
6580	376	
6581	374	
6582	390	
6583	345	
6584	369	
6585	973	
6587	380	
6588	373	
6589	369	
6590	383	
6591	349	
6592	368	
6593	366	
6594	397	
6595	346	
6596	337	
6597	369	
6598	452	
6599	383	
6600	349	
6601	367	
6602	366	
6603	352	
6604	340	
6605	1004	
6607	366	
6608	342	
6609	371	
6610	474	
6611	379	
6612	344	
6613	368	
6614	416	
6615	395	
6616	358	
6617	356	
6618	366	
6619	437	
6620	385	
6621	373	
6622	376	
6623	382	
6624	343	
6625	1012	
6627	413	
6628	380	
6629	376	
6630	649	
6632	361	
6633	371	
6634	365	
6635	404	
6636	404	
6637	372	
6638	367	
6639	398	
6640	343	
6641	337	
6642	370	
6643	393	
6644	347	
6645	1002	
6647	410	
6648	360	
6649	367	
6650	371	
6651	367	
6652	370	
6653	361	
6654	368	
6655	406	
6656	387	
6657	356	
6658	367	
6659	457	
6660	382	
6661	370	
6662	371	
6663	446	
6664	368	
6665	934	
6667	375	
6668	418	
6669	386	
6670	369	
6671	989	
6673	354	
6674	372	
6675	424	
6676	361	
6677	346	
6678	375	
6679	366	
6680	384	
6681	341	
6682	366	
6683	365	
6684	361	
6685	980	
6687	373	
6688	389	
6689	347	
6690	386	
6691	369	
6692	384	
6693	375	
6694	340	
6695	371	
6696	400	
6697	342	
6698	367	
6699	368	
6700	448	
6701	346	
6702	375	
6703	369	
6704	932	
6705	1078	
6707	370	
6708	374	
6709	379	
6710	338	
6711	379	
6712	375	
6713	360	
6714	351	
6715	375	
6716	374	
6717	385	
6718	385	
6719	371	
6720	368	
6721	343	
6722	350	
6723	374	
6724	392	
6725	1084	
6727	375	
6728	370	
6729	1186	
6730	337	
6731	334	
6732	366	
6733	354	
6734	354	
6735	370	
6736	377	
6737	374	
6738	343	
6739	1068	
6740	394	
6741	370	
6742	344	
6743	342	
6744	380	
6745	1523	
6747	341	
6748	369	
6749	382	
6750	349	
6751	378	
6752	368	
6753	380	
6754	378	
6755	459	
6756	762	
6757	547	
6758	461	
6759	370	
6760	363	
6761	370	
6762	345	
6763	345	
6764	384	
6765	1053	
6767	378	
6768	371	
6769	371	
6770	369	
6771	615	
6772	369	
6773	374	
6774	340	
6775	366	
6776	372	
6777	703	
6778	370	
6779	340	
6780	365	
6781	719	
6782	369	
6783	343	
6784	369	
6785	1688	
6787	354	
6788	338	
6789	367	
6790	559	
6792	336	
6793	369	
6794	365	
6795	377	
6796	337	
6797	366	
6798	377	
6799	339	
6800	383	
6801	369	
6802	366	
6803	368	
6804	368	
6805	1079	
6807	372	
6808	366	
6809	355	
6810	374	
6811	337	
6812	367	
6813	374	
6814	371	
6815	373	
6816	370	
6817	371	
6818	369	
6819	371	
6820	335	
6821	370	
6822	372	
6823	347	
6824	371	
6825	1069	
6827	375	
6828	372	
6829	371	
6830	366	
6831	822	
6832	390	
6833	382	
6834	368	
6835	384	
6836	342	
6837	366	
6838	366	
6839	405	
6840	347	
6841	335	
6842	381	
6843	668	
6844	370	
6845	1058	
6847	375	
6848	337	
6849	349	
6850	371	
6851	367	
6852	621	
6853	339	
6854	371	
6855	475	
6856	377	
6857	339	
6858	343	
6859	424	
6860	367	
6861	350	
6862	354	
6863	368	
6864	396	
6865	1040	
6867	368	
6868	391	
6869	366	
6870	366	
6871	384	
6872	380	
6873	376	
6874	377	
6875	371	
6876	375	
6877	348	
6878	372	
6879	539	
6880	696	
6881	349	
6882	375	
6883	376	
6884	375	
6885	1035	
6887	374	
6888	377	
6889	1192	
6890	514	
6891	581	
6892	293	
6893	294	
6894	295	
6895	293	
6896	583	
6897	271	
6898	277	
6899	1126	
6900	385	
6901	397	
6902	359	
6903	343	
6904	372	
6905	1025	
6907	376	
6908	368	
6909	379	
6910	348	
6911	367	
6912	369	
6913	401	
6914	360	
6915	370	
6916	370	
6917	386	
6918	358	
6919	372	
6920	373	
6921	359	
6922	372	
6923	369	
6924	371	
6925	1063	
6927	711	
6928	376	
6929	367	
6930	419	
6931	402	
6932	368	
6933	399	
6934	378	
6935	366	
6936	372	
6937	387	
6938	345	
6939	335	
6940	372	
6941	408	
6942	345	
6943	336	
6944	368	
6945	1802	
6947	346	
6948	391	
6949	489	
6950	385	
6951	367	
6952	367	
6953	478	
6954	363	
6955	378	
6956	373	
6957	372	
6958	345	
6959	351	
6960	389	
6961	407	
6962	419	
6963	371	
6964	380	
6965	1042	
6967	352	
6968	377	
6969	380	
6970	339	
6971	375	
6972	377	
6973	376	
6974	389	
6975	338	
6976	372	
6977	375	
6978	341	
6979	357	
6980	560	
6981	377	
6982	368	
6983	345	
6984	367	
6985	995	
6987	342	
6988	340	
6989	373	
6990	367	
6991	643	
6992	335	
6993	365	
6994	375	
6995	345	
6996	343	
6997	368	
6998	301	
6999	310	
7000	295	
7001	299	
7002	316	
7003	318	
7004	297	
7005	945	
7007	394	
7008	367	
7009	375	
7010	386	
7011	377	
7012	462	
7013	377	
7014	381	
7015	472	
7016	367	
7017	378	
7018	383	
7019	467	
7020	383	
7021	383	
7022	378	
7023	528	
7024	354	
7025	1052	
7027	355	
7028	504	
7029	386	
7030	459	
7031	864	
7032	363	
7033	376	
7034	377	
7035	418	
7036	351	
7037	348	
7038	393	
7039	384	
7040	370	
7041	375	
7042	375	
7043	382	
7044	353	
7045	1021	
7047	382	
7048	494	
7049	1206	
7050	386	
7051	383	
7052	438	
7053	377	
7054	376	
7055	396	
7056	460	
7057	341	
7058	354	
7059	1126	
7060	387	
7061	370	
7062	359	
7063	366	
7064	360	
7065	902	
7067	372	
7068	362	
7069	356	
7070	368	
7071	369	
7072	375	
7073	363	
7074	372	
7075	371	
7076	355	
7077	345	
7078	373	
7079	372	
7080	374	
7081	357	
7082	369	
7083	371	
7084	571	
7085	986	
7087	386	
7088	396	
7089	385	
7090	347	
7091	375	
7092	386	
7093	384	
7094	478	
7095	381	
7096	394	
7097	479	
7098	349	
7099	376	
7100	382	
7101	493	
7102	693	
7103	370	
7104	366	
7105	1050	
7107	274	
7108	294	
7109	274	
7110	278	
7111	277	
7112	293	
7113	304	
7114	305	
7115	295	
7116	300	
7117	299	
7118	350	
7119	368	
7120	377	
7121	393	
7122	401	
7123	365	
7124	373	
7125	971	
7127	406	
7128	380	
7129	389	
7130	376	
7131	374	
7132	373	
7133	345	
7134	350	
7135	349	
7136	380	
7137	375	
7138	370	
7139	342	
7140	371	
7141	741	
7142	360	
7143	365	
7144	385	
7145	1122	
7147	348	
7148	368	
7149	370	
7150	410	
7151	372	
7152	367	
7153	366	
7154	389	
7155	363	
7156	386	
7157	379	
7158	400	
7159	405	
7160	384	
7161	379	
7162	408	
7163	353	
7164	356	
7165	1130	
7167	379	
7168	366	
7169	368	
7170	379	
7171	360	
7172	354	
7173	370	
7174	375	
7175	367	
7176	431	
7177	370	
7178	377	
7179	361	
7180	369	
7181	370	
7182	380	
7183	361	
7184	346	
7185	1118	
7187	389	
7188	347	
7189	369	
7190	422	
7191	672	
7192	338	
7193	371	
7194	369	
7195	375	
7196	361	
7197	368	
7198	368	
7199	631	
7200	342	
7201	335	
7202	370	
7203	357	
7204	339	
7205	1083	
7207	377	
7208	386	
7209	1131	
7210	375	
7211	382	
7212	370	
7213	349	
7214	368	
7215	448	
7216	369	
7217	371	
7218	374	
7219	1614	
7221	380	
7222	374	
7223	382	
7224	384	
7225	1035	
7227	385	
7228	396	
7229	376	
7230	372	
7231	759	
7232	359	
7233	342	
7234	375	
7235	369	
7236	383	
7237	345	
7238	369	
7239	369	
7240	343	
7241	744	
7242	368	
7243	370	
7244	386	
7245	978	
7247	376	
7248	513	
7249	376	
7250	376	
7251	930	
7252	1080	
7254	357	
7255	379	
7256	383	
7257	416	
7258	363	
7259	375	
7260	465	
7261	382	
7262	353	
7263	376	
7264	383	
7265	1014	
7267	381	
7268	380	
7269	397	
7270	385	
7271	399	
7272	824	
7273	405	
7274	363	
7275	805	
7277	495	
7278	380	
7279	378	
7280	370	
7281	347	
7282	338	
7283	371	
7284	370	
7285	1047	
7287	545	
7288	379	
7289	343	
7290	353	
7291	370	
7292	367	
7293	377	
7294	342	
7295	367	
7296	368	
7297	355	
7298	383	
7299	349	
7300	379	
7301	384	
7302	432	
7303	391	
7304	372	
7305	1446	
7307	358	
7308	380	
7309	384	
7310	366	
7311	351	
7312	381	
7313	384	
7314	351	
7315	398	
7316	382	
7317	383	
7318	351	
7319	371	
7320	396	
7321	386	
7322	389	
7323	376	
7324	385	
7325	1011	
7327	388	
7328	386	
7329	383	
7330	350	
7331	352	
7332	386	
7333	627	
7334	382	
7335	341	
7336	375	
7337	372	
7338	351	
7339	383	
7340	371	
7341	369	
7342	458	
7343	347	
7344	366	
7345	1574	
7347	373	
7348	339	
7349	364	
7350	421	
7351	343	
7352	377	
7353	367	
7354	672	
7355	380	
7356	353	
7357	369	
7358	396	
7359	386	
7360	354	
7361	365	
7362	399	
7363	366	
7364	342	
7365	1027	
7367	351	
7368	459	
7369	1666	
7371	644	
7372	411	
7373	376	
7374	437	
7375	431	
7376	371	
7377	369	
7378	403	
7379	1095	
7380	341	
7381	411	
7382	439	
7383	442	
7384	353	
7385	976	
7387	363	
7388	405	
7389	723	
7390	440	
7391	392	
7392	361	
7393	371	
7394	383	
7395	363	
7396	388	
7397	370	
7398	359	
7399	384	
7400	349	
7401	381	
7402	366	
7403	419	
7404	449	
7405	979	
7407	396	
7408	407	
7409	339	
7410	374	
7411	420	
7412	410	
7413	357	
7414	371	
7415	376	
7416	401	
7417	368	
7418	370	
7419	465	
7420	426	
7421	429	
7422	377	
7423	410	
7424	402	
7425	1027	
7427	404	
7428	358	
7429	351	
7430	384	
7431	787	
7432	411	
7433	347	
7434	374	
7435	399	
7436	400	
7437	348	
7438	374	
7439	397	
7440	389	
7441	277	
7442	295	
7443	301	
7444	276	
7445	894	
7447	301	
7448	359	
7449	342	
7450	373	
7451	369	
7452	348	
7453	376	
7454	345	
7455	370	
7456	374	
7457	344	
7458	339	
7459	371	
7460	368	
7461	359	
7462	343	
7463	372	
7464	372	
7465	994	
7467	374	
7468	373	
7469	384	
7470	356	
7471	364	
7472	516	
7473	451	
7474	372	
7475	379	
7476	363	
7477	349	
7478	346	
7479	393	
7480	374	
7481	376	
7482	375	
7483	373	
7484	375	
7485	921	
7487	379	
7488	375	
7489	386	
7490	342	
7491	741	
7492	378	
7493	347	
7494	353	
7495	371	
7496	370	
7497	342	
7498	343	
7499	341	
7500	374	
7501	375	
7502	350	
7503	350	
7504	372	
7505	1002	
7507	342	
7508	373	
7509	681	
7510	382	
7511	359	
7512	380	
7513	380	
7514	372	
7515	355	
7516	385	
7517	377	
7518	353	
7519	602	
7520	381	
7521	372	
7522	370	
7523	355	
7524	372	
7525	946	
7527	348	
7528	370	
7529	2026	
7531	403	
7532	377	
7533	375	
7534	387	
7535	350	
7536	391	
7537	376	
7538	398	
7539	1158	
7540	389	
7541	377	
7542	366	
7543	393	
7544	352	
7545	1033	
7547	654	
7548	283	
7549	306	
7550	307	
7551	619	
7552	301	
7553	303	
7554	303	
7555	307	
7556	279	
7557	380	
7558	381	
7559	354	
7560	383	
7561	381	
7562	378	
7563	353	
7564	352	
7565	1011	
7567	386	
7568	373	
7569	382	
7570	400	
7571	388	
7572	382	
7573	378	
7574	377	
7575	358	
7576	352	
7577	373	
7578	383	
7579	412	
7580	388	
7581	384	
7582	388	
7583	374	
7584	355	
7585	1014	
7587	391	
7588	373	
7589	374	
7590	370	
7591	723	
7592	373	
7593	370	
7594	356	
7595	379	
7596	362	
7597	380	
7598	382	
7599	342	
7600	379	
7601	348	
7602	383	
7603	379	
7604	383	
7605	959	
7607	389	
7608	352	
7609	347	
7610	383	
7611	378	
7612	379	
7613	347	
7614	383	
7615	380	
7616	348	
7617	388	
7618	345	
7619	381	
7620	365	
7621	348	
7622	378	
7623	377	
7624	359	
7625	947	
7627	388	
7628	393	
7629	390	
7630	379	
7631	380	
7632	376	
7633	365	
7634	385	
7635	381	
7636	389	
7637	376	
7638	386	
7639	385	
7640	354	
7641	413	
7642	381	
7643	350	
7644	393	
7645	993	
7647	385	
7648	382	
7649	361	
7650	352	
7651	386	
7652	381	
7653	379	
7654	347	
7655	381	
7656	380	
7657	345	
7658	347	
7659	306	
7660	304	
7661	306	
7662	278	
7663	305	
7664	306	
7665	869	
7667	282	
7668	305	
7669	380	
7670	355	
7671	348	
7672	379	
7673	379	
7674	349	
7675	373	
7676	397	
7677	384	
7678	381	
7679	381	
7680	384	
7681	391	
7682	369	
7683	351	
7684	368	
7685	1104	
7687	385	
7688	376	
7689	1193	
7690	370	
7691	372	
7692	372	
7693	337	
7694	360	
7695	354	
7696	388	
7697	497	
7698	358	
7699	1319	
7700	423	
7701	499	
7702	402	
7703	342	
7704	366	
7705	1098	
7707	656	
7708	378	
7709	399	
7710	376	
7711	344	
7712	376	
7713	400	
7714	344	
7715	368	
7716	378	
7717	401	
7718	382	
7719	347	
7720	385	
7721	383	
7722	369	
7723	350	
7724	361	
7725	1038	
7727	377	
7728	374	
7729	376	
7730	346	
7731	348	
7732	393	
7733	764	
7734	727	
7735	356	
7736	372	
7737	374	
7738	384	
7739	384	
7740	368	
7741	731	
7742	348	
7743	357	
7744	353	
7745	1000	
7747	418	
7748	380	
7749	371	
7750	411	
7751	339	
7752	339	
7753	371	
7754	386	
7755	361	
7756	349	
7757	369	
7758	369	
7759	339	
7760	380	
7761	695	
7762	377	
7763	366	
7764	359	
7765	995	
7767	367	
7768	367	
7769	375	
7770	348	
7771	342	
7772	336	
7773	367	
7774	374	
7775	359	
7776	409	
7777	377	
7778	375	
7779	377	
7780	337	
7781	730	
7782	419	
7783	378	
7784	340	
7785	992	
7787	370	
7788	380	
7789	370	
7790	367	
7791	696	
7792	342	
7793	342	
7794	366	
7795	371	
7796	662	
7797	334	
7798	367	
7799	366	
7800	350	
7801	335	
7802	375	
7803	381	
7804	371	
7805	1102	
7807	371	
7808	340	
7809	351	
7810	394	
7811	378	
7812	352	
7813	377	
7814	382	
7815	394	
7816	381	
7817	371	
7818	381	
7819	379	
7820	354	
7821	350	
7822	376	
7823	393	
7824	405	
7825	1090	
7827	378	
7828	359	
7829	355	
7830	382	
7831	384	
7832	379	
7833	369	
7834	385	
7835	389	
7836	387	
7837	384	
7838	371	
7839	369	
7840	382	
7841	765	
7842	338	
7843	366	
7844	376	
7845	1140	
7847	372	
7848	368	
7849	1128	
7850	346	
7851	366	
7852	367	
7853	339	
7854	338	
7855	371	
7856	367	
7857	365	
7858	336	
7859	1114	
7860	365	
7861	340	
7862	337	
7863	335	
7864	367	
7865	971	
7867	370	
7868	369	
7869	337	
7870	344	
7871	358	
7872	387	
7873	375	
7874	369	
7875	374	
7876	369	
7877	363	
7878	346	
7879	350	
7880	371	
7881	358	
7882	342	
7883	369	
7884	369	
7885	1000	
7887	378	
7888	369	
7889	367	
7890	376	
7891	386	
7892	376	
7893	372	
7894	364	
7895	338	
7896	370	
7897	369	
7898	356	
7899	338	
7900	369	
7901	374	
7902	368	
7903	337	
7904	369	
7905	1108	
7907	358	
7908	368	
7909	370	
7910	373	
7911	337	
7912	337	
7913	372	
7914	370	
7915	362	
7916	348	
7917	366	
7918	371	
7919	342	
7920	372	
7921	371	
7922	415	
7923	345	
7924	367	
7925	1014	
7927	372	
7928	370	
7929	378	
7930	407	
7931	390	
7932	396	
7933	392	
7934	383	
7935	377	
7936	373	
7937	374	
7938	359	
7939	378	
7940	345	
7941	736	
7942	781	
7943	355	
7944	384	
7945	1568	
7947	345	
7948	341	
7949	370	
7950	372	
7951	771	
7952	346	
7953	373	
7954	395	
7955	372	
7956	342	
7957	373	
7958	396	
7959	345	
7960	346	
7961	341	
7962	399	
7963	348	
7964	357	
7965	992	
7967	381	
7968	345	
7969	357	
7970	417	
7971	372	
7972	376	
7973	374	
7974	383	
7975	384	
7976	356	
7977	367	
7978	383	
7979	380	
7980	375	
7981	389	
7982	385	
7983	378	
7984	412	
7985	961	
7987	384	
7988	347	
7989	584	
7990	374	
7991	607	
7992	289	
7993	276	
7994	300	
7995	293	
7996	319	
7997	297	
7998	296	
7999	303	
8000	286	
8001	584	
8002	369	
8003	366	
8004	496	
8005	1139	
8007	370	
8008	339	
8009	1083	
8010	350	
8011	370	
8012	381	
8013	340	
8014	367	
8015	369	
8016	585	
8017	343	
8018	338	
8019	1128	
8020	363	
8021	354	
8022	366	
8023	367	
8024	388	
8025	953	
8027	370	
8028	372	
8029	364	
8030	397	
8031	371	
8032	367	
8033	378	
8034	361	
8035	371	
8036	375	
8037	365	
8038	342	
8039	379	
8040	375	
8041	407	
8042	354	
8043	374	
8044	371	
8045	974	
8047	390	
8048	379	
8049	389	
8050	383	
8051	739	
8052	369	
8053	374	
8054	350	
8055	369	
8056	367	
8057	353	
8058	719	
8059	368	
8060	448	
8061	733	
8062	339	
8063	368	
8064	367	
8065	1132	
8067	339	
8068	369	
8069	390	
8070	365	
8071	344	
8072	371	
8073	371	
8074	580	
8075	356	
8076	367	
8077	369	
8078	372	
8079	336	
8080	374	
8081	365	
8082	381	
8083	341	
8084	347	
8085	1013	
8087	343	
8088	369	
8089	395	
8090	359	
8091	357	
8092	372	
8093	383	
8094	392	
8095	372	
8096	387	
8097	385	
8098	455	
8099	399	
8100	309	
8101	610	
8102	319	
8103	342	
8104	314	
8105	1768	
8107	375	
8108	296	
8109	300	
8110	793	
8112	384	
8113	379	
8114	492	
8115	357	
8116	350	
8117	378	
8118	376	
8119	364	
8120	374	
8121	376	
8122	379	
8123	356	
8124	349	
8125	1084	
8127	400	
8128	358	
8129	380	
8130	390	
8131	447	
8132	379	
8133	363	
8134	382	
8135	362	
8136	351	
8137	368	
8138	397	
8139	520	
8140	353	
8141	382	
8142	382	
8143	674	
8144	609	
8145	1099	
8147	357	
8148	379	
8149	377	
8150	369	
8151	737	
8152	366	
8153	372	
8154	372	
8155	335	
8156	369	
8157	339	
8158	367	
8159	368	
8160	368	
8161	729	
8162	367	
8163	365	
8164	336	
8165	1032	
8167	371	
8168	368	
8169	1137	
8170	368	
8171	369	
8172	357	
8173	339	
8174	367	
8175	365	
8176	370	
8177	346	
8178	369	
8179	1120	
8180	361	
8181	354	
8182	351	
8183	372	
8184	373	
8185	937	
8187	371	
8188	382	
8189	364	
8190	368	
8191	373	
8192	363	
8193	340	
8194	372	
8195	372	
8196	355	
8197	374	
8198	372	
8199	370	
8200	399	
8201	407	
8202	381	
8203	379	
8204	501	
8205	956	
8207	306	
8208	308	
8209	292	
8210	374	
8211	298	
8212	273	
8213	297	
8214	277	
8215	299	
8216	277	
8217	310	
8218	352	
8219	373	
8220	436	
8221	373	
8222	345	
8223	374	
8224	382	
8225	1009	
8227	384	
8228	381	
8229	391	
8230	383	
8231	375	
8232	375	
8233	369	
8234	345	
8235	377	
8236	372	
8237	500	
8238	352	
8239	357	
8240	386	
8241	449	
8242	346	
8243	368	
8244	379	
8245	1062	
8247	379	
8248	377	
8249	381	
8250	642	
8251	371	
8252	371	
8253	373	
8254	371	
8255	366	
8256	374	
8257	344	
8258	375	
8259	743	
8260	378	
8261	375	
8262	363	
8263	342	
8264	379	
8265	1800	
8267	970	
8268	866	
8269	370	
8270	398	
8271	363	
8272	383	
8273	395	
8274	393	
8275	357	
8276	379	
8277	392	
8278	455	
8279	380	
8280	376	
8281	378	
8282	397	
8283	344	
8284	387	
8285	1049	
8287	384	
8288	363	
8289	378	
8290	713	
8292	366	
8293	371	
8294	391	
8295	360	
8296	392	
8297	383	
8298	433	
8299	731	
8300	711	
8302	409	
8303	427	
8304	373	
8305	1054	
8307	1044	
8309	737	
8310	323	
8311	391	
8312	825	
8313	380	
8314	683	
8315	606	
8316	299	
8317	970	
8318	323	
8319	327	
8320	282	
8321	297	
8322	397	
8323	351	
8324	340	
8325	993	
8327	347	
8328	375	
8329	1106	
8330	706	
8332	347	
8333	697	
8334	370	
8335	372	
8336	344	
8337	344	
8338	372	
8339	1459	
8341	365	
8342	373	
8343	397	
8344	352	
8345	991	
8347	1050	
8349	384	
8350	386	
8351	423	
8352	720	
8353	376	
8354	372	
8355	697	
8356	355	
8357	565	
8358	408	
8359	360	
8360	738	
8362	378	
8363	375	
8364	388	
8365	1003	
8367	371	
8368	339	
8369	342	
8370	908	
8372	383	
8373	350	
8374	370	
8375	379	
8376	398	
8377	372	
8378	368	
8379	699	
8380	673	
8382	343	
8383	1167	
8385	912	
8387	1490	
8389	383	
8390	378	
8391	379	
8392	704	
8393	354	
8394	368	
8395	372	
8396	372	
8397	371	
8398	356	
8399	364	
8400	778	
8402	372	
8403	889	
8404	416	
8405	984	
8407	383	
8408	401	
8409	369	
8410	1130	
8412	414	
8413	391	
8414	359	
8415	382	
8416	409	
8417	361	
8418	348	
8419	305	
8420	409	
8421	639	
8422	283	
8423	305	
8424	313	
8425	988	
8427	309	
8428	308	
8429	279	
8430	317	
8431	273	
8432	369	
8433	398	
8434	364	
8435	340	
8436	368	
8437	415	
8438	351	
8439	338	
8440	369	
8441	392	
8442	352	
8443	345	
8444	368	
8445	973	
8447	348	
8448	875	
8449	388	
8450	747	
8452	356	
8453	405	
8454	434	
8455	368	
8456	368	
8457	391	
8458	373	
8459	352	
8460	374	
8461	772	
8462	391	
8463	397	
8464	375	
8465	1098	
8467	364	
8468	378	
8469	392	
8470	734	
8472	436	
8473	385	
8474	471	
8475	384	
8476	377	
8477	378	
8478	367	
8479	362	
8480	344	
8481	374	
8482	374	
8483	372	
8484	342	
8485	1044	
8487	411	
8488	345	
8489	1215	
8490	413	
8491	374	
8492	349	
8493	376	
8494	377	
8495	458	
8496	357	
8497	380	
8498	386	
8499	1184	
8500	422	
8501	380	
8502	418	
8503	418	
8504	356	
8505	1042	
8507	352	
8508	350	
8509	355	
8510	441	
8511	370	
8512	376	
8513	371	
8514	374	
8515	358	
8516	355	
8517	370	
8518	370	
8519	383	
8520	352	
8521	391	
8522	382	
8523	482	
8524	397	
8525	1045	
8527	361	
8528	670	
8529	365	
8530	369	
8531	398	
8532	409	
8533	354	
8534	381	
8535	378	
8536	340	
8537	337	
8538	370	
8539	377	
8540	348	
8541	268	
8542	293	
8543	366	
8544	339	
8545	977	
8547	373	
8548	345	
8549	339	
8550	378	
8551	380	
8552	452	
8553	348	
8554	375	
8555	382	
8556	452	
8557	374	
8558	351	
8559	377	
8560	402	
8561	355	
8562	377	
8563	377	
8564	454	
8565	967	
8567	384	
8568	410	
8569	395	
8570	377	
8571	379	
8572	403	
8573	388	
8574	372	
8575	367	
8576	876	
8577	385	
8578	384	
8579	382	
8580	464	
8581	768	
8582	348	
8583	378	
8584	379	
8585	984	
8587	379	
8588	384	
8589	385	
8590	378	
8591	376	
8592	380	
8593	389	
8594	345	
8595	376	
8596	375	
8597	424	
8598	350	
8599	375	
8600	384	
8601	431	
8602	376	
8603	374	
8604	375	
8605	1034	
8607	350	
8608	381	
8609	466	
8610	376	
8611	375	
8612	374	
8613	350	
8614	384	
8615	382	
8616	376	
8617	378	
8618	377	
8619	370	
8620	409	
8621	396	
8622	439	
8623	377	
8624	372	
8625	948	
8627	349	
8628	713	
8629	402	
8630	398	
8631	409	
8632	375	
8633	402	
8634	360	
8635	347	
8636	371	
8637	756	
8638	653	
8639	391	
8640	379	
8641	369	
8642	381	
8643	349	
8644	293	
8645	1763	
8647	596	
8648	296	
8649	1097	
8650	282	
8651	599	
8652	296	
8653	295	
8654	665	
8655	672	
8656	361	
8657	377	
8658	760	
8659	1498	
8661	803	
8662	730	
8663	673	
8664	707	
8665	1409	
8667	529	
8668	1165	
8670	840	
8672	738	
8673	736	
8674	725	
8675	714	
8676	682	
8677	730	
8678	747	
8679	1053	
8680	672	
8681	790	
8682	737	
8683	782	
8684	674	
8685	986	
8687	755	
8688	1183	
8690	811	
8692	676	
8693	733	
8694	738	
8695	685	
8696	672	
8697	682	
8698	729	
8699	1037	
8700	741	
8702	736	
8703	667	
8704	669	
8705	1018	
8707	693	
8708	1118	
8710	1301	
8712	677	
8713	702	
8714	735	
8715	723	
8716	687	
8717	723	
8718	751	
8719	1053	
8720	745	
8722	729	
8723	375	
8724	677	
8725	1300	
8727	835	
8728	1121	
8730	767	
8732	706	
8733	658	
8734	746	
8735	828	
8737	353	
8738	724	
8739	1017	
8740	759	
8742	705	
8743	731	
8744	660	
8745	1281	
8747	737	
8748	1091	
8750	1113	
8752	718	
8753	658	
8754	658	
8755	719	
8756	722	
8757	603	
8758	622	
8759	933	
8760	632	
8761	586	
8762	596	
8763	629	
8764	661	
8765	1201	
8767	667	
8768	1153	
8770	707	
8772	430	
8773	965	
8774	728	
8775	378	
8776	367	
8777	369	
8778	349	
8779	353	
8780	391	
8781	364	
8782	346	
8783	359	
8784	376	
8785	985	
8787	362	
8788	734	
8789	386	
8790	342	
8791	369	
8792	368	
8793	372	
8794	351	
8795	343	
8796	370	
8797	376	
8798	1119	
8800	374	
8801	393	
8802	354	
8803	346	
8804	377	
8805	986	
8807	380	
8808	373	
8809	1167	
8810	350	
8811	706	
8812	368	
8813	396	
8814	370	
8815	337	
8816	368	
8817	395	
8818	369	
8819	1134	
8820	374	
8821	394	
8822	341	
8823	336	
8824	338	
8825	969	
8827	385	
8828	361	
8829	378	
8830	392	
8831	781	
8832	522	
8833	385	
8834	397	
8835	385	
8836	374	
8837	370	
8838	421	
8839	383	
8840	373	
8841	371	
8842	433	
8843	365	
8844	377	
8845	1086	
8847	380	
8848	713	
8849	373	
8850	377	
8851	345	
8852	344	
8853	377	
8854	446	
8855	386	
8856	373	
8857	367	
8858	432	
8859	356	
8860	347	
8861	738	
8862	367	
8863	384	
8864	347	
8865	1007	
8867	362	
8868	299	
8869	293	
8870	432	
8871	599	
8872	279	
8873	270	
8874	291	
8875	310	
8876	277	
8877	266	
8878	292	
8879	304	
8880	341	
8881	338	
8882	367	
8883	413	
8884	347	
8885	985	
8887	373	
8888	363	
8889	351	
8890	374	
8891	462	
8892	357	
8893	362	
8894	370	
8895	496	
8896	388	
8897	366	
8898	370	
8899	430	
8900	352	
8901	340	
8902	398	
8903	376	
8904	368	
8905	959	
8907	377	
8908	350	
8909	343	
8910	370	
8911	745	
8912	416	
8913	361	
8914	384	
8915	380	
8916	383	
8917	407	
8918	376	
8919	372	
8920	380	
8921	342	
8922	370	
8923	369	
8924	433	
8925	941	
8927	371	
8928	474	
8929	394	
8930	346	
8931	366	
8932	486	
8933	353	
8934	340	
8935	382	
8936	371	
8937	368	
8938	339	
8939	368	
8940	362	
8941	349	
8942	338	
8943	368	
8944	367	
8945	1006	
8947	371	
8948	365	
8949	337	
8950	340	
8951	356	
8952	368	
8953	371	
8954	365	
8955	374	
8956	374	
8957	368	
8958	340	
8959	371	
8960	372	
8961	375	
8962	368	
8963	373	
8964	370	
8965	926	
8967	379	
8968	378	
8969	1061	
8970	347	
8971	379	
8972	377	
8973	402	
8974	370	
8975	339	
8976	370	
8977	412	
8978	420	
8979	1086	
8980	416	
8981	430	
8982	347	
8983	379	
8984	384	
8985	1071	
8987	392	
8988	367	
8989	429	
8990	425	
8991	362	
8992	373	
8993	406	
8994	382	
8995	380	
8996	369	
8997	366	
8998	368	
8999	348	
9000	371	
9001	370	
9002	371	
9003	367	
9004	366	
9005	1019	
9007	362	
9008	370	
9009	371	
9010	387	
9011	405	
9012	363	
9013	387	
9014	386	
9015	393	
9016	372	
9017	372	
9018	379	
9019	397	
9020	347	
9021	369	
9022	436	
9023	379	
9024	347	
9025	1036	
9027	391	
9028	369	
9029	387	
9030	378	
9031	781	
9032	347	
9033	370	
9034	366	
9035	337	
9036	337	
9037	367	
9038	366	
9039	343	
9040	348	
9041	732	
9042	369	
9043	367	
9044	369	
9045	997	
9047	343	
9048	339	
9049	336	
9050	370	
9051	338	
9052	344	
9053	338	
9054	370	
9055	371	
9056	362	
9057	337	
9058	373	
9059	372	
9060	371	
9061	337	
9062	374	
9063	371	
9064	372	
9065	1029	
9067	371	
9068	368	
9069	358	
9070	368	
9071	367	
9072	372	
9073	382	
9074	372	
9075	662	
9076	405	
9077	373	
9078	382	
9079	393	
9080	346	
9081	380	
9082	387	
9083	384	
9084	383	
9085	996	
9087	381	
9088	349	
9089	367	
9090	376	
9091	314	
9092	281	
9093	307	
9094	301	
9095	299	
9096	300	
9097	277	
9098	277	
9099	311	
9100	413	
9101	400	
9102	341	
9103	368	
9104	482	
9105	930	
9107	373	
9108	474	
9109	393	
9110	384	
9111	370	
9112	439	
9113	383	
9114	345	
9115	368	
9116	370	
9117	350	
9118	349	
9119	374	
9120	434	
9121	397	
9122	380	
9123	347	
9124	368	
9125	1026	
9127	356	
9128	368	
9129	1198	
9130	355	
9131	351	
9132	371	
9133	420	
9134	392	
9135	374	
9136	370	
9137	425	
9138	385	
9139	1128	
9140	381	
9141	443	
9142	385	
9143	381	
9144	381	
9145	967	
9147	352	
9148	388	
9149	379	
9150	387	
9151	785	
9152	376	
9153	373	
9154	343	
9155	345	
9156	378	
9157	376	
9158	348	
9159	343	
9160	374	
9161	374	
9162	353	
9163	375	
9164	382	
9165	1480	
9167	352	
9168	344	
9169	368	
9170	375	
9171	344	
9172	342	
9173	371	
9174	376	
9175	363	
9176	336	
9177	370	
9178	379	
9179	348	
9180	382	
9181	369	
9182	395	
9183	368	
9184	360	
9185	1009	
9187	347	
9188	372	
9189	376	
9190	392	
9191	393	
9192	374	
9193	374	
9194	377	
9195	346	
9196	344	
9197	379	
9198	374	
9199	393	
9200	274	
9201	299	
9202	297	
9203	292	
9204	274	
9205	937	
9207	322	
9208	274	
9209	294	
9210	302	
9211	773	
9212	378	
9213	343	
9214	370	
9215	379	
9216	341	
9217	374	
9218	372	
9219	381	
9220	340	
9221	341	
9222	369	
9223	378	
9224	373	
9225	1139	
9227	389	
9228	347	
9229	357	
9230	386	
9231	379	
9232	348	
9233	345	
9234	374	
9235	370	
9236	342	
9237	352	
9238	345	
9239	385	
9240	431	
9241	391	
9242	367	
9243	376	
9244	347	
9245	983	
9247	686	
9248	416	
9249	361	
9250	367	
9251	384	
9252	377	
9253	355	
9254	377	
9255	376	
9256	384	
9257	359	
9258	377	
9259	387	
9260	358	
9261	656	
9262	380	
9263	730	
9264	386	
9265	968	
9267	377	
9268	385	
9269	348	
9270	385	
9271	738	
9272	375	
9273	372	
9274	341	
9275	370	
9276	349	
9277	363	
9278	340	
9279	373	
9280	383	
9281	370	
9282	338	
9283	367	
9284	367	
9285	935	
9287	344	
9288	617	
9289	1191	
9290	376	
9291	368	
9292	370	
9293	341	
9294	336	
9295	353	
9296	373	
9297	352	
9298	355	
9299	1127	
9300	379	
9301	377	
9302	341	
9303	364	
9304	373	
9305	1013	
9307	373	
9308	377	
9309	393	
9310	370	
9311	372	
9312	372	
9313	307	
9314	277	
9315	301	
9316	298	
9317	300	
9318	285	
9319	274	
9320	294	
9321	299	
9322	276	
9323	272	
9324	375	
9325	971	
9327	383	
9328	368	
9329	369	
9330	373	
9331	727	
9332	369	
9333	369	
9334	343	
9335	337	
9336	368	
9337	370	
9338	380	
9339	370	
9340	348	
9341	373	
9342	346	
9343	338	
9344	340	
9345	968	
9347	352	
9348	619	
9349	373	
9350	357	
9351	339	
9352	347	
9353	367	
9354	381	
9355	387	
9356	351	
9357	372	
9358	367	
9359	371	
9360	384	
9361	373	
9362	372	
9363	341	
9364	359	
9365	1000	
9367	374	
9368	387	
9369	375	
9370	374	
9371	377	
9372	363	
9373	374	
9374	377	
9375	366	
9376	377	
9377	404	
9378	373	
9379	389	
9380	345	
9381	372	
9382	371	
9383	363	
9384	353	
9385	1008	
9387	405	
9388	376	
9389	367	
9390	365	
9391	812	
9392	364	
9393	336	
9394	372	
9395	399	
9396	385	
9397	336	
9398	368	
9399	482	
9400	345	
9401	335	
9402	366	
9403	471	
9404	366	
9405	994	
9407	464	
9408	403	
9409	368	
9410	372	
9411	436	
9412	376	
9413	272	
9414	299	
9415	352	
9416	293	
9417	306	
9418	282	
9419	293	
9420	331	
9421	297	
9422	285	
9423	295	
9424	419	
9425	933	
9427	371	
9428	403	
9429	371	
9430	374	
9431	370	
9432	398	
9433	348	
9434	373	
9435	365	
9436	448	
9437	394	
9438	374	
9439	370	
9440	369	
9441	350	
9442	341	
9443	377	
9444	468	
9445	1059	
9447	373	
9448	451	
9449	1084	
9450	338	
9451	366	
9452	437	
9453	352	
9454	342	
9455	366	
9456	372	
9457	352	
9458	369	
9459	1123	
9460	579	
9461	681	
9462	337	
9463	335	
9464	365	
9465	972	
9467	345	
9468	369	
9469	382	
9470	357	
9471	342	
9472	368	
9473	375	
9474	349	
9475	375	
9476	367	
9477	389	
9478	378	
9479	353	
9480	379	
9481	823	
9482	365	
9483	364	
9484	376	
9485	964	
9487	377	
9488	376	
9489	374	
9490	343	
9491	343	
9492	375	
9493	372	
9494	377	
9495	339	
9496	374	
9497	372	
9498	346	
9499	343	
9500	369	
9501	736	
9502	381	
9503	368	
9504	367	
9505	994	
9507	372	
9508	366	
9509	370	
9510	343	
9511	340	
9512	338	
9513	368	
9514	381	
9515	340	
9516	337	
9517	369	
9518	375	
9519	374	
9520	354	
9521	368	
9522	369	
9523	275	
9524	268	
9525	910	
9527	290	
9528	275	
9529	272	
9530	302	
9531	303	
9532	275	
9533	298	
9534	398	
9535	383	
9536	371	
9537	373	
9538	396	
9539	343	
9540	781	
9542	411	
9543	392	
9544	377	
9545	991	
9547	450	
9548	353	
9549	382	
9550	489	
9551	4787	
9556	388	
9557	371	
9558	367	
9559	405	
9560	348	
9561	379	
9562	368	
9563	487	
9564	362	
9565	992	
9567	455	
9568	377	
9569	338	
9570	367	
9571	473	
9572	355	
9573	337	
9574	370	
9575	469	
9576	392	
9577	340	
9578	369	
9579	445	
9580	376	
9581	341	
9582	367	
9583	400	
9584	361	
9585	1001	
9587	371	
9588	384	
9589	345	
9590	377	
9591	372	
9592	385	
9593	359	
9594	368	
9595	372	
9596	384	
9597	353	
9598	372	
9599	372	
9600	390	
9601	387	
9602	375	
9603	376	
9604	413	
9605	1008	
9607	376	
9608	738	
9609	1080	
9610	370	
9611	372	
9612	370	
9613	375	
9614	340	
9615	368	
9616	373	
9617	375	
9618	335	
9619	1128	
9620	376	
9621	344	
9622	370	
9623	372	
9624	369	
9625	973	
9627	373	
9628	371	
9629	342	
9630	353	
9631	372	
9632	370	
9633	381	
9634	377	
9635	348	
9636	371	
9637	384	
9638	355	
9639	338	
9640	389	
9641	309	
9642	356	
9643	371	
9644	295	
9645	889	
9647	274	
9648	296	
9649	297	
9650	360	
9651	356	
9652	371	
9653	371	
9654	362	
9655	355	
9656	363	
9657	370	
9658	366	
9659	346	
9660	370	
9661	372	
9662	364	
9663	342	
9664	371	
9665	1005	
9667	358	
9668	375	
9669	380	
9670	364	
9671	821	
9672	398	
9673	379	
9674	362	
9675	341	
9676	758	
9677	369	
9678	337	
9679	347	
9680	337	
9681	796	
9682	429	
9683	394	
9684	368	
9685	1475	
9687	356	
9688	344	
9689	385	
9690	381	
9691	378	
9692	342	
9693	374	
9694	371	
9695	346	
9696	343	
9697	378	
9698	371	
9699	373	
9700	371	
9701	365	
9702	397	
9703	336	
9704	337	
9705	986	
9707	343	
9708	348	
9709	379	
9710	756	
9712	371	
9713	372	
9714	375	
9715	383	
9716	368	
9717	370	
9718	389	
9719	369	
9720	374	
9721	374	
9722	373	
9723	384	
9724	362	
9725	1000	
9727	375	
9728	351	
9729	371	
9730	367	
9731	745	
9732	371	
9733	413	
9734	386	
9735	370	
9736	342	
9737	337	
9738	369	
9739	367	
9740	371	
9741	704	
9742	367	
9743	367	
9744	338	
9745	902	
9747	369	
9748	383	
9749	374	
9750	308	
9751	296	
9752	270	
9753	277	
9754	298	
9755	293	
9756	277	
9757	269	
9758	274	
9759	374	
9760	379	
9761	339	
9762	348	
9763	371	
9764	390	
9765	961	
9767	380	
9768	371	
9769	1102	
9770	376	
9771	371	
9772	375	
9773	364	
9774	367	
9775	369	
9776	366	
9777	342	
9778	367	
9779	1117	
9780	492	
9781	394	
9782	379	
9783	379	
9784	681	
9785	951	
9787	379	
9788	383	
9789	351	
9790	376	
9791	674	
9792	461	
9793	345	
9794	340	
9795	366	
9796	382	
9797	378	
9798	340	
9799	372	
9800	404	
9801	636	
9802	366	
9803	366	
9804	367	
9805	968	
9807	341	
9808	693	
9809	367	
9810	362	
9811	384	
9812	366	
9813	366	
9814	365	
9815	344	
9816	367	
9817	368	
9818	342	
9819	342	
9820	372	
9821	365	
9822	340	
9823	350	
9824	366	
9825	949	
9827	365	
9828	399	
9829	451	
9830	388	
9831	397	
9832	701	
9833	459	
9834	344	
9835	343	
9836	374	
9837	371	
9838	380	
9839	354	
9840	374	
9841	372	
9842	346	
9843	343	
9844	369	
9845	1000	
9847	530	
9848	375	
9849	380	
9850	347	
9851	758	
9852	372	
9853	370	
9854	383	
9855	341	
9856	343	
9857	369	
9858	297	
9859	291	
9860	314	
9861	588	
9862	300	
9863	309	
9864	294	
9865	917	
9867	559	
9868	344	
9869	304	
9870	361	
9871	338	
9872	352	
9873	367	
9874	376	
9875	372	
9876	348	
9877	382	
9878	425	
9879	349	
9880	384	
9881	367	
9882	390	
9883	383	
9884	351	
9885	1031	
9887	379	
9888	382	
9889	376	
9890	395	
9891	375	
9892	361	
9893	386	
9894	379	
9895	423	
9896	385	
9897	369	
9898	381	
9899	375	
9900	379	
9901	372	
9902	370	
9903	362	
9904	353	
9905	1007	
9907	398	
9908	352	
9909	338	
9910	368	
9911	386	
9912	422	
9913	371	
9914	367	
9915	379	
9916	396	
9917	374	
9918	379	
9919	404	
9920	390	
9921	335	
9922	366	
9923	409	
9924	394	
9925	994	
9927	377	
9928	774	
9929	1167	
9930	372	
9931	368	
9932	407	
9933	342	
9934	334	
9935	378	
9936	669	
9937	351	
9938	349	
9939	1127	
9940	358	
9941	342	
9942	354	
9943	371	
9944	374	
9945	918	
9947	376	
9948	374	
9949	379	
9950	372	
9951	378	
9952	374	
9953	368	
9954	367	
9955	390	
9956	383	
9957	373	
9958	357	
9959	643	
9960	400	
9961	434	
9962	358	
9963	371	
9964	426	
9965	1026	
9967	309	
9968	297	
9969	317	
9970	278	
9971	580	
9972	291	
9973	277	
9974	282	
9975	624	
9976	311	
9977	717	
9978	374	
9979	370	
9980	371	
9981	348	
9982	342	
9983	337	
9984	372	
9985	1609	
9987	344	
9988	368	
9989	368	
9990	354	
9991	344	
9992	682	
9993	431	
9994	418	
9995	380	
9996	378	
9997	400	
9998	435	
9999	344	
10000	371	
10001	391	
10002	392	
10003	346	
10004	362	
10005	1003	
10007	381	
10008	376	
10009	380	
10010	437	
10011	373	
10012	370	
10013	385	
10014	382	
10015	386	
10016	384	
10017	370	
10018	392	
10019	373	
10020	371	
10021	373	
10022	377	
10023	356	
10024	373	
10025	1062	
10027	412	
10028	373	
10029	372	
10030	373	
10031	783	
10032	335	
10033	373	
10034	345	
10035	372	
10036	359	
10037	368	
10038	373	
10039	361	
10040	337	
10041	732	
10042	373	
10043	346	
10044	338	
10045	994	
10047	352	
10048	373	
10049	372	
10050	374	
10051	372	
10052	342	
10053	345	
10054	370	
10055	3510	
10059	383	
10060	374	
10061	366	
10062	366	
10063	390	
10064	342	
10065	1004	
10067	387	
10068	350	
10069	353	
10070	370	
10071	366	
10072	354	
10073	359	
10074	374	
10075	352	
10076	304	
10077	373	
10078	297	
10079	310	
10080	272	
10081	275	
10082	312	
10083	326	
10084	314	
10085	905	
10087	402	
10088	348	
10089	1150	
10090	714	
10092	385	
10093	369	
10094	365	
10095	402	
10096	340	
10097	373	
10098	336	
10099	1438	
10101	344	
10102	377	
10103	367	
10104	372	
10105	909	
10107	1240	
10109	371	
10110	371	
10111	367	
10112	368	
10113	340	
10114	367	
10115	367	
10116	368	
10117	342	
10118	346	
10119	365	
10120	359	
10121	679	
10122	348	
10123	369	
10124	407	
10125	996	
10127	395	
10128	381	
10129	772	
10130	644	
10131	375	
10132	416	
10133	388	
10134	398	
10135	368	
10136	552	
10137	413	
10138	361	
10139	368	
10140	399	
10141	751	
10142	384	
10143	372	
10144	372	
10145	973	
10147	389	
10148	377	
10149	341	
10150	1043	
10152	381	
10153	389	
10154	353	
10155	349	
10156	374	
10157	4188	
10162	363	
10163	363	
10164	396	
10165	1056	
10167	383	
10168	378	
10169	407	
10170	358	
10171	345	
10172	372	
10173	417	
10174	377	
10175	380	
10176	372	
10177	380	
10178	346	
10179	352	
10180	373	
10181	395	
10182	377	
10183	360	
10184	377	
10185	969	
10187	355	
10188	379	
10189	376	
10190	353	
10191	285	
10192	304	
10193	312	
10194	309	
10195	304	
10196	380	
10197	378	
10198	364	
10199	347	
10200	384	
10201	378	
10202	376	
10203	354	
10204	345	
10205	1031	
10207	391	
10208	890	
10209	375	
10210	383	
10211	357	
10212	375	
10213	382	
10214	375	
10215	377	
10216	348	
10217	372	
10218	375	
10219	349	
10220	755	
10222	381	
10223	585	
10224	374	
10225	1076	
10227	553	
10228	356	
10229	357	
10230	811	
10232	363	
10233	363	
10234	378	
10235	494	
10236	352	
10237	371	
10238	385	
10239	387	
0	361	
1	381	
2	394	
3	375	
4	394	
5	1060	
7	389	
8	394	
9	1149	
10	379	
11	397	
12	362	
13	380	
14	381	
15	381	
16	387	
17	376	
18	378	
19	1198	
20	353	
21	351	
22	378	
23	388	
24	392	
25	1014	
27	392	
28	420	
29	354	
30	385	
31	561	
32	405	
33	375	
34	367	
35	407	
36	365	
37	345	
38	334	
39	376	
40	474	
41	340	
42	367	
43	366	
44	359	
45	922	
47	406	
48	395	
49	386	
50	406	
51	380	
52	393	
53	389	
54	372	
55	370	
56	365	
57	343	
58	306	
59	303	
60	299	
61	628	
62	271	
63	297	
64	304	
65	975	
67	311	
68	307	
69	360	
70	386	
71	701	
72	369	
73	375	
74	339	
75	366	
76	373	
77	339	
78	342	
79	378	
80	370	
81	340	
82	369	
83	372	
84	368	
85	965	
87	340	
88	373	
89	339	
90	347	
91	346	
92	374	
93	369	
94	351	
95	381	
96	372	
97	370	
98	344	
99	376	
100	372	
101	363	
102	392	
103	370	
104	594	
105	1041	
107	381	
108	370	
109	370	
110	343	
111	755	
112	371	
113	369	
114	367	
115	369	
116	367	
117	368	
118	363	
119	368	
120	369	
121	687	
122	378	
123	339	
124	370	
125	1415	
127	350	
128	392	
129	367	
130	374	
131	373	
132	373	
133	375	
134	342	
135	352	
136	342	
137	377	
138	344	
139	348	
140	376	
141	373	
142	376	
143	345	
144	354	
145	1085	
147	379	
148	380	
149	377	
150	374	
151	378	
152	377	
153	375	
154	368	
155	349	
156	370	
157	379	
158	377	
159	354	
160	346	
161	394	
162	381	
163	385	
164	745	
165	1032	
167	351	
168	286	
169	1125	
170	779	
172	275	
173	293	
174	292	
175	280	
176	276	
177	293	
178	292	
179	1375	
181	378	
182	372	
183	398	
184	345	
185	990	
187	377	
188	351	
189	371	
190	411	
191	370	
192	345	
193	339	
194	365	
195	366	
196	343	
197	356	
198	374	
199	374	
200	389	
201	395	
202	374	
203	409	
204	386	
205	964	
207	406	
208	380	
209	347	
210	378	
211	407	
212	406	
213	381	
214	381	
215	404	
216	362	
217	376	
218	383	
219	379	
220	383	
221	771	
222	373	
223	374	
224	363	
225	991	
227	382	
228	354	
229	382	
230	446	
231	767	
232	350	
233	347	
234	342	
235	377	
236	383	
237	379	
238	344	
239	373	
240	385	
241	631	
242	342	
243	381	
244	402	
245	1016	
247	376	
248	400	
249	370	
250	384	
251	370	
252	397	
253	366	
254	350	
255	380	
256	397	
257	364	
258	377	
259	353	
260	402	
261	375	
262	368	
263	371	
264	370	
265	966	
267	377	
268	378	
269	389	
270	341	
271	559	
272	447	
273	368	
274	350	
275	368	
276	386	
277	351	
278	380	
279	371	
280	293	
281	298	
282	287	
283	274	
284	299	
285	915	
287	276	
288	294	
289	294	
290	273	
291	598	
292	370	
293	369	
294	340	
295	366	
296	369	
297	367	
298	335	
299	336	
300	371	
301	367	
302	338	
303	336	
304	341	
305	990	
307	344	
308	337	
309	367	
310	350	
311	336	
312	348	
313	368	
314	371	
315	342	
316	336	
317	372	
318	372	
319	369	
320	371	
321	369	
322	365	
323	345	
324	363	
325	992	
327	413	
328	381	
329	1149	
330	376	
331	352	
332	343	
333	385	
334	730	
335	384	
336	351	
337	375	
338	375	
339	1102	
340	342	
341	374	
342	367	
343	358	
344	367	
345	68126	
348	966	
350	413	
351	369	
352	485	
353	386	
354	383	
355	379	
356	357	
357	380	
358	348	
359	380	
360	377	
361	740	
362	374	
363	373	
364	373	
365	922	
367	382	
368	343	
369	371	
370	346	
371	737	
372	867	
373	810	
374	337	
375	367	
376	371	
377	336	
378	364	
379	363	
380	369	
381	365	
382	349	
383	380	
384	380	
385	1000	
387	352	
388	367	
389	359	
390	372	
391	358	
392	380	
393	378	
394	371	
395	383	
396	385	
397	375	
398	377	
399	385	
400	378	
401	314	
402	301	
403	309	
404	308	
405	927	
407	331	
408	384	
409	385	
410	383	
411	382	
412	384	
413	384	
414	353	
415	350	
416	383	
417	378	
418	379	
419	349	
420	381	
421	378	
422	349	
423	346	
424	380	
425	1059	
427	490	
428	367	
429	367	
430	365	
431	336	
432	364	
433	369	
434	334	
435	366	
436	373	
437	365	
438	334	
439	365	
440	355	
441	983	
443	367	
444	368	
445	1129	
447	361	
448	347	
449	367	
450	364	
451	358	
452	352	
453	365	
454	444	
455	377	
456	374	
457	396	
458	392	
459	377	
460	385	
461	380	
462	364	
463	365	
464	349	
465	1025	
467	381	
468	375	
469	374	
470	370	
471	756	
472	455	
473	384	
474	374	
475	490	
476	348	
477	373	
478	376	
479	516	
480	383	
481	375	
482	375	
483	452	
484	357	
485	1016	
487	486	
488	358	
489	1164	
490	382	
491	419	
492	358	
493	343	
494	375	
495	388	
496	488	
497	383	
498	376	
499	1316	
500	362	
501	343	
502	373	
503	377	
504	359	
505	1041	
507	396	
508	471	
509	379	
510	377	
511	383	
512	361	
513	274	
514	295	
515	299	
516	297	
517	291	
518	299	
519	300	
520	619	
521	274	
522	302	
523	762	
524	348	
525	968	
527	370	
528	340	
529	535	
530	293	
531	367	
532	357	
533	367	
534	368	
535	366	
536	369	
537	339	
538	335	
539	369	
540	494	
541	614	
542	366	
543	366	
544	370	
545	910	
547	368	
548	375	
549	345	
550	399	
551	373	
552	368	
553	336	
554	356	
555	373	
556	367	
557	370	
558	348	
559	369	
560	351	
561	346	
562	344	
563	366	
564	371	
565	936	
567	374	
568	374	
569	364	
570	339	
571	575	
572	432	
573	366	
574	347	
575	377	
576	380	
577	379	
578	377	
579	378	
580	373	
581	763	
582	347	
583	342	
584	367	
585	1303	
587	339	
588	367	
589	352	
590	533	
591	727	
592	369	
593	395	
594	339	
595	368	
596	367	
597	368	
598	366	
599	336	
600	367	
601	367	
602	337	
603	338	
604	366	
605	1414	
607	370	
608	365	
609	368	
610	341	
611	336	
612	346	
613	368	
614	342	
615	369	
616	373	
617	371	
618	342	
619	344	
620	370	
621	371	
622	361	
623	302	
624	296	
625	963	
627	308	
628	300	
629	302	
630	341	
631	604	
632	331	
633	313	
634	878	
635	380	
636	339	
637	369	
638	385	
639	390	
640	337	
641	726	
642	429	
643	410	
644	346	
645	1456	
647	381	
648	367	
649	1149	
650	373	
651	345	
652	340	
653	366	
654	392	
655	539	
656	368	
657	367	
658	367	
659	1056	
660	348	
661	350	
662	365	
663	349	
664	367	
665	966	
667	374	
668	337	
669	350	
670	393	
671	373	
672	344	
673	372	
674	370	
675	381	
676	376	
677	372	
678	529	
679	506	
680	355	
681	351	
682	383	
683	389	
684	429	
685	946	
687	387	
688	353	
689	384	
690	380	
691	750	
692	347	
693	348	
694	381	
695	378	
696	381	
697	348	
698	386	
699	375	
700	354	
701	350	
702	380	
703	384	
704	379	
705	992	
707	381	
708	380	
709	349	
710	371	
711	381	
712	347	
713	348	
714	378	
715	380	
716	348	
717	366	
718	347	
719	380	
720	378	
721	355	
722	355	
723	381	
724	378	
725	948	
727	384	
728	385	
729	350	
730	383	
731	384	
732	382	
733	386	
734	368	
735	375	
736	374	
737	371	
738	382	
739	381	
740	382	
741	367	
742	384	
743	382	
744	373	
745	1027	
747	391	
748	386	
749	368	
750	350	
751	746	
752	383	
753	349	
754	350	
755	382	
756	381	
757	348	
758	355	
759	348	
760	379	
761	385	
762	358	
763	350	
764	380	
765	985	
767	353	
768	382	
769	379	
770	358	
771	370	
772	381	
773	379	
774	381	
775	387	
776	381	
777	372	
778	342	
779	340	
780	370	
781	367	
782	340	
783	371	
784	334	
785	939	
787	347	
788	367	
789	378	
790	340	
791	373	
792	395	
793	400	
794	503	
795	366	
796	385	
797	378	
798	466	
799	365	
800	377	
801	379	
802	356	
803	358	
804	391	
805	1017	
807	352	
808	349	
809	1166	
810	384	
811	360	
812	351	
813	381	
814	377	
815	345	
816	348	
817	379	
818	379	
819	1049	
820	376	
821	391	
822	396	
823	355	
824	383	
825	991	
827	353	
828	349	
829	381	
830	417	
831	372	
832	371	
833	344	
834	367	
835	372	
836	349	
837	373	
838	602	
839	389	
840	396	
841	369	
842	385	
843	384	
844	369	
845	1623	
847	376	
848	348	
849	370	
850	367	
851	280	
852	271	
853	293	
854	296	
855	366	
856	340	
857	338	
858	368	
859	366	
860	367	
861	747	
862	367	
863	366	
864	344	
865	936	
867	370	
868	340	
869	366	
870	536	
871	720	
872	339	
873	368	
874	365	
875	364	
876	334	
877	337	
878	337	
879	371	
880	375	
881	348	
882	371	
883	373	
884	371	
885	1039	
887	376	
888	377	
889	352	
890	376	
891	371	
892	400	
893	351	
894	367	
895	385	
896	799	
897	402	
898	365	
899	370	
900	352	
901	346	
902	389	
903	377	
904	376	
905	943	
907	383	
908	560	
909	348	
910	376	
911	373	
912	377	
913	345	
914	345	
915	374	
916	370	
917	347	
918	341	
919	370	
920	371	
921	729	
922	373	
923	374	
924	371	
925	973	
927	345	
928	375	
929	376	
930	348	
931	341	
932	373	
933	378	
934	341	
935	374	
936	371	
937	374	
938	346	
939	505	
940	554	
941	367	
942	336	
943	335	
944	365	
945	1410	
947	350	
948	366	
949	366	
950	342	
951	344	
952	367	
953	370	
954	266	
955	300	
956	300	
957	300	
958	305	
959	310	
960	304	
961	305	
962	301	
963	283	
964	309	
965	1048	
967	384	
968	377	
969	1212	
970	386	
971	384	
972	381	
973	380	
974	350	
975	354	
976	376	
977	372	
978	379	
979	1109	
980	348	
981	375	
982	344	
983	346	
984	349	
985	1012	
987	350	
988	374	
989	378	
990	383	
991	375	
992	342	
993	376	
994	373	
995	342	
996	343	
997	371	
998	372	
999	342	
1000	380	
1001	373	
1002	371	
1003	374	
1004	342	
1005	1576	
1007	367	
1008	348	
1009	369	
1010	367	
1011	344	
1012	361	
1013	349	
1014	373	
1015	779	
1016	428	
1017	371	
1018	378	
1019	521	
1020	383	
1021	375	
1022	374	
1023	786	
1024	717	
1025	994	
1027	479	
1028	371	
1029	344	
1030	368	
1031	791	
1032	411	
1033	343	
1034	366	
1035	397	
1036	397	
1037	373	
1038	385	
1039	397	
1040	383	
1041	367	
1042	366	
1043	390	
1044	348	
1045	983	
1047	391	
1048	635	
1049	388	
1050	378	
1051	368	
1052	371	
1053	338	
1054	335	
1055	376	
1056	339	
1057	340	
1058	367	
1059	374	
1060	343	
1061	336	
1062	353	
1063	366	
1064	368	
1065	912	
1067	302	
1068	300	
1069	294	
1070	291	
1071	297	
1072	296	
1073	273	
1074	297	
1075	294	
1076	327	
1077	413	
1078	346	
1079	374	
1080	430	
1081	400	
1082	384	
1083	371	
1084	413	
1085	995	
1087	378	
1088	411	
1089	767	
1090	339	
1091	367	
1092	368	
1093	337	
1094	345	
1095	368	
1096	379	
1097	339	
1098	710	
1099	375	
1100	380	
1101	374	
1102	342	
1103	342	
1104	382	
1105	1010	
1107	345	
1108	380	
1109	339	
1110	376	
1111	341	
1112	373	
1113	379	
1114	351	
1115	371	
1116	375	
1117	374	
1118	375	
1119	352	
1120	386	
1121	376	
1122	373	
1123	345	
1124	387	
1125	1694	
1127	375	
1128	362	
1129	1084	
1130	339	
1131	368	
1132	368	
1133	370	
1134	374	
1135	372	
1136	377	
1137	372	
1138	390	
1139	1061	
1140	372	
1141	373	
1142	750	
1143	344	
1144	373	
1145	974	
1147	1733	
1149	380	
1150	373	
1151	718	
1152	342	
1153	375	
1154	372	
1155	342	
1156	339	
1157	365	
1158	366	
1159	339	
1160	366	
1161	366	
1162	365	
1163	341	
1164	336	
1165	1003	
1167	383	
1168	343	
1169	373	
1170	475	
1171	339	
1172	338	
1173	339	
1174	367	
1175	341	
1176	730	
1177	365	
1178	297	
1179	274	
1180	284	
1181	279	
1182	306	
1183	300	
1184	296	
1185	950	
1187	311	
1188	375	
1189	365	
1190	379	
1191	375	
1192	367	
1193	368	
1194	375	
1195	344	
1196	353	
1197	375	
1198	699	
1199	736	
1200	355	
1201	355	
1202	391	
1203	403	
1204	390	
1205	956	
1207	373	
1208	346	
1209	337	
1210	368	
1211	731	
1212	375	
1213	338	
1214	368	
1215	380	
1216	410	
1217	379	
1218	377	
1219	377	
1220	345	
1221	454	
1222	353	
1223	376	
1224	466	
1225	1052	
1227	384	
1228	347	
1229	364	
1230	670	
1232	387	
1233	352	
1234	359	
1235	385	
1236	393	
1237	352	
1238	369	
1239	380	
1240	385	
1241	376	
1242	376	
1243	386	
1244	388	
1245	956	
1247	385	
1248	381	
1249	365	
1250	352	
1251	385	
1252	394	
1253	408	
1254	364	
1255	384	
1256	397	
1257	356	
1258	345	
1259	373	
1260	372	
1261	772	
1262	348	
1263	377	
1264	371	
1265	1056	
1267	373	
1268	372	
1269	354	
1270	341	
1271	343	
1272	369	
1273	369	
1274	339	
1275	338	
1276	375	
1277	381	
1278	349	
1279	342	
1280	379	
1281	373	
1282	378	
1283	367	
1284	368	
1285	967	
1287	343	
1288	368	
1289	1132	
1290	354	
1291	345	
1292	367	
1293	377	
1294	386	
1295	389	
1296	381	
1297	391	
1298	390	
1299	1056	
1300	391	
1301	395	
1302	386	
1303	378	
1304	390	
1305	1001	
1307	357	
1308	373	
1309	371	
1310	351	
1311	351	
1312	375	
1313	393	
1314	384	
1315	369	
1316	372	
1317	371	
1318	345	
1319	341	
1320	337	
1321	368	
1322	369	
1323	337	
1324	335	
1325	995	
1327	349	
1328	368	
1329	369	
1330	370	
1331	715	
1332	336	
1333	453	
1334	391	
1335	351	
1336	338	
1337	367	
1338	367	
1339	340	
1340	367	
1341	368	
1342	369	
1343	362	
1344	375	
1345	1005	
1347	387	
1348	339	
1349	337	
1350	356	
1351	3225	
1355	394	
1356	383	
1357	369	
1358	386	
1359	379	
1360	353	
1361	384	
1362	386	
1363	387	
1364	382	
1365	1003	
1367	442	
1368	345	
1369	395	
1370	379	
1371	388	
1372	429	
1373	375	
1374	367	
1375	404	
1376	340	
1377	347	
1378	366	
1379	464	
1380	367	
1381	380	
1382	368	
1383	398	
1384	392	
1385	1035	
1387	398	
1388	353	
1389	359	
1390	409	
1391	465	
1392	390	
1393	437	
1394	374	
1395	401	
1396	374	
1397	348	
1398	341	
1399	378	
1400	368	
1401	280	
1402	292	
1403	292	
1404	312	
1405	867	
1407	298	
1408	310	
1409	294	
1410	339	
1411	376	
1412	380	
1413	413	
1414	374	
1415	369	
1416	368	
1417	558	
1418	352	
1419	374	
1420	416	
1421	393	
1422	337	
1423	366	
1424	385	
1425	1098	
1427	372	
1428	418	
1429	348	
1430	417	
1431	692	
1432	372	
1433	376	
1434	342	
1435	371	
1436	373	
1437	339	
1438	341	
1439	372	
1440	375	
1441	345	
1442	371	
1443	368	
1444	366	
1445	2972	
1448	2044	
